run,algorithm,setting,seed,training_episodes,selected_episode,n_confirmation,pnl,objective,as_objective,twap_objective,difference_as,difference_twap,auction_gain,auction_pnl_gain,opening_inventory,terminal_inventory,inventory_rms,auction_qty,auction_abs_qty,cancels,validation_initial,validation_last,validation_selected,alpha,initial_inventory,beta,child_cap,lambda_inv,auction_weight,reward_scale,hidden_width,clob_warmup,auction_warmup,objective_ci_low,objective_ci_high,difference_as_ci_low,difference_as_ci_high,auction_gain_ci_low,auction_gain_ci_high,pnl_ci_low,pnl_ci_high
ddpg_capacity,ddpg,synthetic_rough_heston,626,180,120,128,11.027092660671649,10.268170353917132,9.53641791919797,3.184095722692748,0.731752434719164,7.084074631224385,0.1536053983596682,0.04214681285362277,3.7038392311201696,2.863475043670176,8.71161469966685,0.840364187449993,0.840364187449993,6.859375,-2.5377926060748033,3.710489769171529,6.443532777404936,0.01,100,1.0,30,0.01,0.0001,1.0,256,512,256,5.379103058469861,15.153986216591383,-1.9030002994364288,2.9011863143374885,0.06430068691709175,0.2571822059919299,6.135677271202124,15.652995485340629
ddpg_complete_warmup,ddpg,historical_sp500_midquotes,627,180,180,128,7.526567950345917,6.6707686220896125,-1.0264413983923122,-0.39712512085764295,7.697210020481924,7.0678937429472555,0.32617988579825336,0.8717629207001306,2.1030181811987276,5.551895951024182,9.250942266906138,-3.4488777698254536,4.590872647366292,0.0078125,-3.9572504796759245,5.599830532388105,5.599830532388105,0.01,100,0.25,30,0.01,0.0001,1.0,256,2500,960,3.428655518182555,9.76750662085887,7.105981167331108,8.296081188777329,0.15521878103217157,0.49879308182114274,4.233904314760159,10.84950450394502
ddpg_finite,ddpg,synthetic_rough_heston,623,180,150,128,-4.059790012612041,-191.10676508551995,-1595.855406436454,-466.75428415698275,1404.7486413509341,275.64751907146274,286.3210474144793,-6.313227512612798,97.25,10.26027878260496,61.16322016913561,86.98972121739504,86.98972121739504,0.0,-2117.461108533348,-201.40119223731668,-193.0681461050587,0.01,250,1.0,2,0.05,0.0001,0.4,64,512,256,-244.32002842562753,-144.25216973345383,1347.7553820193298,1455.1867152496209,235.608366103665,330.8362393142641,-19.502955124744865,11.312948873005494
ddpg_history,ddpg,historical_sp500_midquotes,627,180,180,128,7.846290894027902,6.860928952918874,-1.0264798627086853,-0.3904236991564959,7.887408815627559,7.251352652075369,0.0,0.0,4.987900946770324,4.987900946770324,9.926539886128642,0.0,0.0,0.0,-7.434041458262135,5.405553396287333,5.405553396287333,0.01,100,1.0,30,0.01,0.0001,1.0,256,512,256,3.6984721263260187,9.8451461831088,7.16799358699691,8.593712508055008,0.0,0.0,4.825701883359667,10.776426024235022
ddpg_liquid,ddpg,synthetic_rough_heston,626,180,180,128,13.184233339155945,11.850164514401257,9.53641791919797,3.184095722692748,2.3137465952032876,8.666068791708508,-0.7418180544764403,-0.45116165153313453,4.265308311011909,6.062167554846505,11.550189715994659,-1.7968592438345965,2.571830134529403,17.578125,1.9219626437258288,6.9489297416253955,6.9489297416253955,0.01,100,1.0,30,0.01,0.0001,1.0,64,512,256,7.130109114264886,16.34572779020387,0.09665314953451806,4.338608906112101,-1.3004157082208703,-0.28988175808602296,8.944341051298736,17.426123423162363
ddpg_marketcv,ddpg,synthetic_rough_heston,624,180,180,128,7.765130510657462,0.6089524785367169,-39.49652745472429,6.254948182334477,40.10547993326101,-5.645995703797759,-0.5497962579586507,-0.4263812131956909,27.463898281982367,-7.684839986009411,33.837678483302,35.148738267991774,35.415426851767315,0.40625,-89.14682112050237,-8.260849275821412,-8.260849275821412,0.01,160,1.0,2,0.00625,0.0001,0.625,64,512,256,-11.423480758691749,10.316783902957013,35.55784856813063,44.48506869640678,-2.3422213148509257,1.2627408194925458,-3.3744943745086116,17.001164272496066
ddpg_matched,ddpg,synthetic_rough_heston,624,180,150,128,5.838897981704122,3.420459790952726,-39.49652745472429,6.254948182334477,42.91698724567702,-2.83448839138175,-0.009764818423006472,-0.028680143296611463,13.1171875,13.057413644723372,19.671047519647328,0.0597738552766278,0.0597738552766278,0.0,-89.14682112050237,-7.277167968750028,-7.253574218749741,0.01,160,1.0,2,0.00625,0.0001,0.625,64,512,256,-7.677322347792874,12.40827480651372,38.562974342379285,46.984232229689546,-0.03289797089399382,0.003603515624974407,-3.9207264209635824,14.422350965168478
ddpg_message,ddpg,synthetic_rough_heston,625,180,180,128,-8.527406214435999,-30.562118626974566,-51.79987806259595,-2.794688065012049,21.23775943562138,-27.767430561962513,-25.86930511725184,-7.282579616186169,21.199251239111746,-39.229948669764894,59.37637565569467,60.42919990887665,66.64078637845677,0.0,-59.244922027680985,-20.054848911533707,-20.054848911533707,0.01,160,1.0,2,0.00625,0.0001,0.625,64,512,256,-42.03543798589847,-20.43408626199716,10.952337595336104,30.594392245730894,-33.844074155761184,-18.55207182876804,-16.963848069597308,-0.756564254698713
ddpg_paper_actor,ddpg,synthetic_rough_heston,628,180,180,128,9.412751857655898,8.24390534096192,8.691684243907925,1.5577863315179337,-0.4477789029460054,6.6861190094439875,-0.16832619711433577,-0.08196273404093606,3.8247937771397704,-0.6771286439746457,10.811320533098522,4.501922421114417,4.902380508904024,6.1875,8.886148894147906,9.743770448350833,9.743770448350833,0.01,100,0.25,30,0.01,0.0001,1.0,256,2500,960,3.2225172743958064,12.85589428057644,-2.191744133700606,1.1052202005687026,-0.5340858844161757,0.26932074846772164,4.888359891174365,13.785870758962435
ddpg_paper_actor_history,ddpg,historical_sp500_midquotes,627,180,180,128,6.998815769188425,6.002463720418684,-1.0264413983923122,-0.39712512085764295,7.028905118810997,6.399588841276328,0.3081821507791867,1.0477564782989075,1.7894901940925851,5.141556921163632,9.98174357900332,-3.3520667270710476,6.110014326115491,0.0,-3.9572504796759245,5.052774764503411,5.052774764503411,0.01,100,0.25,30,0.01,0.0001,1.0,256,2500,960,2.5120143938600155,9.464342753273717,6.4308254685931665,7.637432036793524,0.10932950412012418,0.4969278219305714,3.337300801146844,10.356006804141657
ddpg_persistent,ddpg,synthetic_rough_heston,625,180,180,128,-1.6081613468305864,-7.079510341558604,-51.79987806259595,-2.794688065012049,44.72036772103734,-4.2848222765465565,2.499605798365385,0.8330468646929874,28.94237980756708,22.445055713626463,29.587427045224512,6.497324093940617,7.850361142720272,0.0859375,-59.244922027680985,4.649707758138264,4.649707758138264,0.01,160,1.0,2,0.00625,0.0001,0.625,64,512,256,-17.037325674086787,1.914245928153733,41.59422403925918,48.110743312917776,1.5270586831896598,3.4993735341234697,-10.264813167207063,6.750345190203109
ddpg_resolution,ddpg,synthetic_rough_heston,626,180,90,128,10.8097411442265,10.555211737773496,9.536709162999024,3.185780085064329,1.0185025747744718,7.369431652709167,0.0027223263630791143,0.10510539698137947,1.2162497347751446,1.4343174648367834,5.045090746983685,-0.21806773006163865,1.9601445006698912,6.3046875,6.858056225542107,4.6925817097052684,7.718492234773086,0.01,100,0.25,30,0.01,0.0001,1.0,256,512,256,5.931941294226597,15.079769098747875,-0.45572099685260764,2.4359993702932217,-0.07078683986945988,0.07704481325218154,5.965106993580799,15.524450611033847
ddpg_resolution_history,ddpg,historical_sp500_midquotes,627,180,150,128,4.949039273395172,4.104066042156916,-1.0264413983923122,-0.39712512085764295,5.130507440549228,4.501191163014559,0.1192371216901904,0.3565904629158183,3.2940325618657402,4.43708502988892,9.192242551403092,-1.1430524680231797,2.8133710456228718,0.0,-3.9572504796759245,2.18698330934727,2.744687483464344,0.01,100,0.25,30,0.01,0.0001,1.0,256,512,256,0.7983422469416251,7.133425703361643,4.52897733698261,5.7602218653072965,-0.05945959358439295,0.2854577809159519,2.0038137270129424,7.7358191847321995
ddpg_units,ddpg,synthetic_rough_heston,622,180,90,128,7.443256573629986,6.536030850927839,-38.44694620949798,-7.217597522818266,44.982977060425824,13.753628373746103,-0.7459588889672865,-0.02016096327056428,0.6414750387987542,-0.8243694223022973,4.25963783132357,1.4658444611010515,2.0901296062488255,0.0078125,-39.65718450043115,-7.942012943785258,-0.8312285451244055,0.01,200,1.0,30,0.05,0.0001,0.5,64,512,256,-1.9083919412823032,14.632225043080828,28.968026616974907,62.30345963206337,-1.1892885771548112,-0.4011035964183182,-0.9757909250992367,15.080564071824458
ddpg_verified,ddpg,synthetic_rough_heston,628,180,180,128,9.472570377602546,7.60410102293518,8.691684243907925,1.5577863315179337,-1.0875832209727463,6.046314691417248,-0.46651740910145395,-0.18226952915516864,4.625509937444876,0.6686739676492108,13.669196591853401,3.956835969795665,4.669245386848589,5.6875,8.886148894147906,8.23186811287416,8.23186811287416,0.01,100,0.25,30,0.01,0.0001,1.0,256,2500,960,2.2001997382578122,12.637271689131223,-3.2184053803931656,0.9044244369244236,-0.7315511556616346,-0.21642025657031097,4.8096952465397536,14.062558230656812
dqn_capacity,dqn,synthetic_rough_heston,626,180,150,128,13.05491174014719,12.378900795055134,9.53641791919797,3.184095722692748,2.842482875857163,9.194805072362383,-0.3882020284340957,-0.132874351456024,2.7835145616684507,3.78197735845831,8.221988476591651,-0.9984627967898594,1.5752734734663636,24.484375,-54.90565972038467,8.212684810882237,9.3163134901025,0.01,100,1.0,30,0.01,0.0001,1.0,256,512,256,8.028484830186063,16.761888237903023,1.293113950719209,4.324456823042798,-0.5224710272420704,-0.2794261690972257,8.51234113155329,17.45358194751496
dqn_finite,dqn,synthetic_rough_heston,623,180,180,128,5.266351373416342,-738.0783232235689,-1595.855406436454,-466.75428415698275,857.7770832128851,-271.32403906658624,265.60657864938497,-1.981040772652989,141.9483328320401,113.84128703560964,121.92987120447435,28.10704579643047,35.91423939523972,0.0,-1842.692531369648,-702.686804838655,-702.686804838655,0.01,250,1.0,2,0.05,0.0001,0.4,64,512,256,-834.4113813674387,-651.3781727768717,776.5914495877627,929.8271139482922,181.40088236348336,342.9632468443377,-12.3260273979212,21.610427147697752
dqn_history,dqn,historical_sp500_midquotes,627,180,120,128,4.961671644172988,4.697753668687261,-1.0264798627086853,-0.3904236991564959,5.724233531395946,5.088177367843757,-0.2119826374831908,-0.17245179817062078,1.6560805133231333,1.8079877788182417,5.1372947694844795,-0.1519072654951083,0.6741097972819285,14.8515625,-41.64411492386594,0.9376900064065474,3.785159595366498,0.01,100,1.0,30,0.01,0.0001,1.0,256,512,256,1.2019880859352772,8.111555968878399,5.140685036656326,6.306032435699874,-0.3047130346243484,-0.14687165278696745,1.2581053256666532,8.318541721097919
dqn_liquid,dqn,synthetic_rough_heston,626,180,180,128,12.07356727963336,8.526178268992085,9.53641791919797,3.184095722692748,-1.0102396502058835,5.342082546299338,-0.5259500805044637,-0.37835310557098767,12.362861311535845,12.862993686767833,18.83451356059209,-0.5001323752319877,0.5370619736697304,16.734375,10.23526796839672,2.599112726243915,2.599112726243915,0.01,100,1.0,30,0.01,0.0001,1.0,64,512,256,3.7301227761718496,13.123244228635386,-3.369307943864108,1.3337635642656225,-0.9358727836102045,-0.29977618160734865,7.3470695948850855,16.878665071120107
dqn_marketcv,dqn,synthetic_rough_heston,624,180,180,128,4.903864106888303,4.038832802106566,-39.49652745472429,6.254948182334477,43.535360256830856,-2.21611538022791,-0.7322609478941069,-0.796917143112369,8.78125,2.771749574784137,11.76456581285846,6.0095004252158635,7.573549864430011,0.9453125,-28.527683079378267,-5.54939296745188,-5.54939296745188,0.01,160,1.0,2,0.00625,0.0001,0.625,64,512,256,-5.303893330083228,12.252908184533094,38.94164311725763,48.21860917664563,-1.586862336897468,-0.11332211321531545,-4.487139393118862,13.318897205416185
dqn_matched,dqn,synthetic_rough_heston,624,180,180,128,9.966825470847699,-13.00111238061932,-39.49652745472429,6.254948182334477,26.495415074104976,-19.2560605629538,1.912425894180012,-0.35833424714342943,62.66024625871775,59.67658951457949,60.620706497324186,2.983656744138252,3.2901575635099087,0.125,-28.527683079378267,-24.89057726267962,-24.89057726267962,0.01,160,1.0,2,0.00625,0.0001,0.625,64,512,256,-24.823115949778227,-3.1512878674640943,24.831552150781288,28.1368631940306,1.6276069518801386,2.192027274561905,-1.5539388343908458,20.1521140302844
dqn_message,dqn,synthetic_rough_heston,625,180,90,128,-1.0616930220561995,-3.567148935486797,-51.79987806259595,-2.794688065012049,48.23272912710915,-0.7724608704747492,0.6069860342047677,-0.13048609775290304,19.974580072231472,16.45186853141594,20.02181175990064,3.522711540815533,3.809569270288333,2.4140625,-6.147214940025291,5.272159039179987,5.736882426639794,0.01,160,1.0,2,0.00625,0.0001,0.625,64,512,256,-12.522404446559712,4.57699099310026,44.53355845310367,51.87307978140769,0.4069618326655017,0.7903517020878246,-9.154567298073392,6.834776899130194
dqn_onestep,dqn,synthetic_rough_heston,626,180,90,128,12.76831523436013,10.484944832039501,9.53641791919797,3.184095722692748,0.9485269128415319,7.3008491093467525,-1.3253097225246404,0.027066604462418736,4.970121086483595,6.111194530843678,15.110825266412917,-1.1410734443600836,2.6209670052956255,17.9921875,-54.90565972038467,4.562352640206771,7.490975758223441,0.01,100,1.0,30,0.01,0.0001,1.0,256,512,256,6.136575591474451,14.730958727823582,-1.2525579792411583,2.948625366388318,-2.7573978451628154,-0.22667157515549916,8.548918195113327,17.155430133926668
dqn_persistent,dqn,synthetic_rough_heston,625,180,150,128,-2.9896377584541742,-3.946479297065018,-51.79987806259595,-2.794688065012049,47.853398765530926,-1.1517912320529686,-0.1278464845652286,-0.15557525845438552,9.109375,8.630704456431122,12.373142130345666,0.47867054356887895,0.552623845242188,16.3203125,-6.147214940025291,3.443481241529459,3.7738213107022873,0.01,160,1.0,2,0.00625,0.0001,0.625,64,512,256,-11.694047037825646,3.3135530237181854,43.543459450019974,52.37020273404015,-0.20989466238794469,-0.02157881156131564,-10.606676257720231,4.332569153058341
dqn_pilot,dqn,synthetic_rough_heston,621,180,180,128,5.319049011432884,1.7436743066562261,-24.93489892330003,-12.42459068359657,26.678573229956257,14.168264990252796,-2.9107751332698384,-1.8389259435676137,2.020333525418619,1.7436799029171626,8.45621038619151,0.27665362250145675,3.485462995632302,1.4375,-12.255452251376623,4.608908074999905,4.608908074999905,0.01,200,1.0,30,0.05,0.0001,0.01,64,512,256,-7.213042385467507,10.23341750207827,12.657244515887765,43.94580657788512,-4.34147784368845,-1.6826936442316347,-2.9366322835212753,13.254481144963707
dqn_resolution,dqn,synthetic_rough_heston,626,180,90,128,13.938722332539884,12.910942200556981,9.536709162999024,3.185780085064329,3.3742330375579566,9.725162115492651,-0.27431673160046177,0.39086007591427696,2.581681796215765,3.563348902520879,10.137949161358534,-0.981667106305114,5.00437082221546,3.3046875,-53.90249674056777,8.708884378262333,10.11974839825994,0.01,100,0.25,30,0.01,0.0001,1.0,256,512,256,8.80013648985381,16.980442179240466,2.020278683926934,4.724978491207977,-0.6796968112745423,0.042876511976817716,9.703976677290482,18.207224877084005
dqn_resolution_history,dqn,historical_sp500_midquotes,627,180,180,128,5.2461877504882946,4.846929416041558,-1.0264413983923122,-0.39712512085764295,5.87337081443387,5.244054536899202,-0.26298575855249784,-0.2235933580067334,2.286009868796147,2.299764761820041,6.318689218870757,-0.013754893023893905,0.598590985151944,17.6640625,-42.95908755867826,4.336243930309565,4.336243930309565,0.01,100,0.25,30,0.01,0.0001,1.0,256,512,256,1.231619945013797,8.372032396138616,5.261344781420441,6.501344292222746,-0.3354088508009905,-0.19685001813101452,1.5289233951209722,8.753882123942018
dqn_units,dqn,synthetic_rough_heston,622,180,90,128,10.049750625160375,5.090944444578584,-38.44694620949798,-7.217597522818266,43.53789065407656,12.30854196739685,-4.5177960513397775,0.18553851646003067,0.8676671119915214,-4.520241636289612,9.958720982718402,5.387908748281133,6.010845854423025,0.03125,-471.7700083482408,-9.018392490418941,1.3018174217183072,0.01,200,1.0,30,0.05,0.0001,0.5,64,512,256,-3.6411056129178117,13.345905342606162,28.21728610580531,61.090125602357276,-7.898593513015493,-2.207802153024998,2.054855140692364,17.886950905996862
dqn_verified,dqn,synthetic_rough_heston,628,180,180,128,11.568488964245493,11.223577612013237,8.691684243907925,1.5577863315179337,2.531893368105311,9.665791280495304,-0.07966107807052993,-0.07392654435714757,1.6693176256435291,2.1046753725428786,5.8729153938419305,-0.43535774689935,1.0211527035889247,10.7109375,11.256499878182293,14.162553146590428,14.162553146590428,0.01,100,0.25,30,0.01,0.0001,1.0,256,2500,960,6.336480073202923,16.036462982784588,1.208112029029296,3.7328855968150028,-0.16073830245829565,0.019457044190873195,6.831933255892131,16.14492885206005
dqn_verified_history,dqn,historical_sp500_midquotes,627,180,180,128,5.696461932827008,5.350194427670566,-1.0264413983923122,-0.39712512085764295,6.376635826062879,5.74731954852821,0.22449135103801365,0.3441872752172821,1.7363109767019687,2.5580305401989953,5.884449890656236,-0.8217195634970269,2.782309849932541,3.953125,-42.95908755867826,4.352996557626967,4.352996557626967,0.01,100,0.25,30,0.01,0.0001,1.0,256,2500,960,1.5609536128270036,8.888419643287202,5.7134195458682555,7.04449210160959,0.11483817807590208,0.34196595892788895,2.139251970976873,9.187746943180493
sac_capacity,sac,synthetic_rough_heston,626,180,180,128,12.349700109399915,11.811345403257873,9.53641791919797,3.184095722692748,2.2749274840599045,8.627249680565125,0.22224041620809604,0.44828155495269884,2.1030071286507614,0.3726522493166895,7.337265881389631,1.730354879334072,3.1747435886068183,12.4453125,6.032402565388251,8.074665628226988,8.074665628226988,0.01,100,1.0,30,0.01,0.0001,1.0,256,512,256,7.352534654693676,16.014152099029996,0.4615268481940208,3.904627561186528,-0.007440158185486216,0.46616711935569927,8.02595922195672,16.544005801623012
sac_finite,sac,synthetic_rough_heston,623,180,120,128,-4.908745764997013,-241.25479784796175,-1595.855406436454,-466.75428415698275,1354.6006085884924,225.499486309021,295.3019190339978,-8.356486497499878,103.13046191759167,4.810567775580381,68.75260752625529,98.3198941420113,98.4519253920113,0.546875,-2274.025561311617,-243.10586355555762,-239.26630989960316,0.01,250,1.0,2,0.05,0.0001,0.4,64,512,256,-316.32289081443906,-180.18665664260305,1280.1005332908526,1419.4482455522834,226.40762059596634,355.71408280352534,-21.816295067535542,11.283495180162355
sac_history,sac,historical_sp500_midquotes,627,180,150,128,5.5241374667166205,4.5740708348026295,-1.0264798627086853,-0.3904236991564959,5.600550697511315,4.964494533959125,0.03205515863302461,0.4108386043693576,2.741339457925361,5.117312228245993,9.747136153322126,-2.3759727703206313,2.85840051694857,8.7890625,-3.8717847217234613,3.7492650007456114,3.85440485835102,0.01,100,1.0,30,0.01,0.0001,1.0,256,512,256,1.5495239595632562,7.421145330031076,4.836993854719614,6.390124765290669,-0.09918674795212208,0.16342083019655004,2.6801888505342,8.116570349386866
sac_liquid,sac,synthetic_rough_heston,626,180,180,128,11.76899570814552,11.369730970586623,9.53641791919797,3.184095722692748,1.8333130513886549,8.185635247893876,-0.1693225157554467,-0.1118848856422725,2.4846423500200974,1.9104266054011898,6.3187398867091975,0.5742157446189077,0.8477593787810703,7.6171875,7.500973630450125,7.578766646852409,7.578766646852409,0.01,100,1.0,30,0.01,0.0001,1.0,64,512,256,7.221751754549597,15.412543865544553,0.33840363753773933,3.1538181238042364,-0.32979282437650725,-0.03777780889200216,7.670526187694173,15.852679828358376
sac_marketcv,sac,synthetic_rough_heston,624,180,180,128,7.898108949057206,3.754699100780101,-39.49652745472429,6.254948182334477,43.251226555504395,-2.500249081554375,2.1931256114176017,0.7618773199730549,24.623558458365068,14.962316578622469,25.747729525617142,9.661241879742601,10.858917643851385,0.125,-96.65472454822748,-6.720793650521254,-6.720793650521254,0.01,160,1.0,2,0.00625,0.0001,0.625,64,512,256,-9.176789046459588,14.50046427149458,38.350751855587184,47.759808625169754,0.5723366063573488,3.430135576324148,-3.018303104845196,17.493268075949224
sac_matched,sac,synthetic_rough_heston,624,180,120,128,-0.9217050605892472,-16.780075964738025,-39.49652745472429,6.254948182334477,22.71645148998627,-23.035024147072505,47.77448380619314,-8.915345906243303,107.00679029127677,40.09986725110648,50.37200953569159,66.90692304017027,66.90879756575313,0.046875,-96.65472454822748,-33.513816038780035,-29.938760230022698,0.01,160,1.0,2,0.00625,0.0001,0.625,64,512,256,-28.812412101794532,-5.2501524105548505,18.261247021953807,27.08822195787107,43.208433555511725,52.06659190945178,-11.694603713443628,8.959961847269069
sac_message,sac,synthetic_rough_heston,625,180,180,128,-3.2104177975141037,-7.834366817279526,-51.79987806259595,-2.794688065012049,43.96551124531642,-5.039678752267477,2.7580078662532626,0.5394427792159391,26.676392974603765,19.067090122114713,27.199850057720305,7.6093028524890505,9.018294401018935,7.2890625,-47.65083500767729,4.186170043724418,4.186170043724418,0.01,160,1.0,2,0.00625,0.0001,0.625,64,512,256,-19.474236174897747,2.094381516217066,39.20752221134967,48.25016598118736,1.729530048658647,3.793819846467633,-12.686337818432253,5.589542781673851
sac_persistent,sac,synthetic_rough_heston,625,180,180,128,-2.558669715142965,-9.019466460166484,-51.79987806259595,-2.794688065012049,42.78041160242947,-6.224778395154436,0.06401258362233606,-0.07560215856991748,26.091248089782553,25.704072411207797,32.15163260557328,0.38717567857475366,0.42384657748817584,0.03125,-47.65083500767729,3.428778882207154,3.428778882207154,0.01,160,1.0,2,0.00625,0.0001,0.625,64,512,256,-18.888543684807097,0.3765252753714541,39.57501285923638,46.000505539061756,0.0068805077140682595,0.13084987853882893,-11.265975147142038,5.355340184815355
sac_resolution,sac,synthetic_rough_heston,626,180,180,128,11.291872310718603,10.901784637880747,9.536709162999024,3.185780085064329,1.3650754748817233,7.716004552816419,-0.09532122205438814,0.07943700622348646,1.4996783978914547,0.9214856154987554,6.245699903436407,0.5781927823926991,2.735732607035515,7.25,7.845376996460812,7.904158480563014,7.904158480563014,0.01,100,0.25,30,0.01,0.0001,1.0,256,512,256,6.371941212457879,15.189690417949473,-0.4130168415997348,2.8953352260037764,-0.2345298537399234,0.037265801797669966,6.876663366118744,15.523800482930394
sac_resolution_history,sac,historical_sp500_midquotes,627,180,150,128,5.480618068765081,4.979466459460026,-1.0264413983923122,-0.39712512085764295,6.005907857852338,5.376591580317669,0.44573213755096547,0.7016560924721764,2.020627592858708,3.277832074834813,7.079206235907068,-1.2572044819761046,4.431697059059201,3.8359375,-3.7173430407397756,3.389347680380759,3.8052578943228705,0.01,100,0.25,30,0.01,0.0001,1.0,256,512,256,2.103150527710524,7.864481827907106,5.3123938531551556,6.777440094362013,0.311919113734998,0.586461122414961,2.398649455308482,8.232911788982996
sac_units,sac,synthetic_rough_heston,622,180,150,128,7.769756440803024,7.6760410643725585,-38.44694620949798,-7.217597522818266,46.12298727387054,14.893638587190823,-0.1255104645982989,-0.05186186793282574,0.5084332301916146,-0.11565556189247893,1.369053515611909,0.6240887920840935,0.7022167333232461,0.2734375,-68.35524864819736,0.11002664530034978,0.37068498290710683,0.01,200,1.0,30,0.05,0.0001,0.5,64,512,256,-1.33035862770958,15.71218616427588,29.573280048654837,63.67681185286575,-0.21783855436470206,-0.05041329218040393,-0.3067528453334682,15.794750242113803
sac_verified,sac,synthetic_rough_heston,628,180,180,128,10.05733243971973,9.79690289111868,8.691684243907925,1.5577863315179337,1.1052186472107548,8.239116559600749,-0.009507456440955225,-0.018628459389361515,2.2599693050584246,1.8989805464177798,5.103229845901995,0.36098875864064517,0.9867792540955895,7.7734375,9.24510449844174,11.793027846059992,11.793027846059992,0.01,100,0.25,30,0.01,0.0001,1.0,256,2500,960,5.860545803217342,13.709882121816369,0.3445332967457921,1.830468551361657,-0.07633783775647002,0.07212846084366999,5.990782628999388,13.854074752043463
sac_verified_history,sac,historical_sp500_midquotes,627,180,150,128,7.131400953536247,6.706179027969847,-1.0264413983923122,-0.39712512085764295,7.732620426362159,7.10330414882749,0.4258190852071036,0.6351968424638454,1.8458539744476476,2.7905311152149403,6.520904274457651,-0.9446771407672929,3.5745701634315235,3.7578125,-3.7173430407397756,5.1496621470567385,5.371496605431384,0.01,100,0.25,30,0.01,0.0001,1.0,256,2500,960,3.583487282396935,9.762614794242626,7.154107319635049,8.332565450913231,0.30112464216837653,0.5582785657201883,3.926732325556453,10.064714656479348
td3_capacity,td3,synthetic_rough_heston,626,180,120,128,11.058135383837822,10.182026348486652,9.53641791919797,3.184095722692748,0.6456084292886823,6.997930625793904,-0.04084947135798039,0.05895570855659661,3.458224136939072,1.6941827873468456,9.360069633027159,1.764041349592227,1.9701624751314786,12.234375,-3.4204487837258553,3.8499758589225963,6.881804234002714,0.01,100,1.0,30,0.01,0.0001,1.0,256,512,256,5.518305584374875,14.529088325432395,-1.9023348880636868,2.67081548486738,-0.1569152584396411,0.06510845616319572,6.563306059579703,15.16020801203857
td3_finite,td3,synthetic_rough_heston,623,180,90,128,-4.651273736879915,-310.1893718782981,-1595.855406436454,-466.75428415698275,1285.666034558156,156.5649122786846,167.2384406217012,-6.904711236880672,97.25,4.866858496318269,78.17136280523938,92.38314150368174,103.76271084600174,0.0,-2024.5006820269905,-453.6090624999988,-282.428107156437,0.01,250,1.0,2,0.05,0.0001,0.4,64,512,256,-424.9325866746416,-212.30599123464012,1169.0830652866289,1388.9101422726683,52.171397559624864,264.9346960285765,-20.246351988800352,10.444020217876522
td3_history,td3,historical_sp500_midquotes,627,180,180,128,6.659451567189606,6.308092986217095,-1.0264798627086853,-0.3904236991564959,7.334572848925781,6.6985166853735905,0.0,0.0,2.45608064932258,2.45608064932258,5.927550767159324,0.0,0.0,0.0,-8.06026598712485,5.20747922121924,5.20747922121924,0.01,100,1.0,30,0.01,0.0001,1.0,256,512,256,3.035501944592858,9.558777322131116,6.713521623332797,7.962002506317466,0.0,0.0,3.363141389316856,9.838120278025997
td3_liquid,td3,synthetic_rough_heston,626,180,90,128,13.037067673183875,12.21359374689651,9.53641791919797,3.184095722692748,2.6771758276985396,9.02949802420376,0.2908035043961124,0.2406504188932308,5.434221265668393,4.712487933929674,9.074546414490191,0.7217333317387188,0.7401708317387178,6.3359375,3.779681868763927,7.551044969088913,8.079034996619493,0.01,100,1.0,30,0.01,0.0001,1.0,64,512,256,7.684841584000792,16.767930045433943,0.6140234682188732,4.6095855982864045,0.09144237796637984,0.5433344815649869,8.827181413533397,17.44949637752834
td3_marketcv,td3,synthetic_rough_heston,624,180,90,128,8.11811526329923,5.978680278089494,-39.49652745472429,6.254948182334477,45.47520773281379,-0.2762679042449828,2.1416719535362345,1.1924838335977483,15.599177474308082,2.9124666759289144,18.50161067673725,12.686710798379167,12.957564332513169,0.0,-71.97463860261044,-5.459242170320394,-4.919634294586038,0.01,160,1.0,2,0.00625,0.0001,0.625,64,512,256,-5.005750029717156,15.348473261831415,41.15171725881421,49.979304274649685,1.0156876670286437,3.7191812177778165,-2.507745301055554,17.057704553653185
td3_matched,td3,synthetic_rough_heston,624,180,180,128,-0.9937201311319231,-17.68680492653402,-39.49652745472429,6.254948182334477,21.809722528190274,-23.941753108868497,-15.361443276450775,-8.999756231466321,37.565717329981474,-30.036320696318885,51.68068853318747,67.60203802630036,71.99071140775749,0.0,-71.97463860261044,-21.382745263111094,-21.382745263111094,0.01,160,1.0,2,0.00625,0.0001,0.625,64,512,256,-29.85858102397747,-6.793251279826422,13.956832893355706,29.176761239751723,-21.320598316813346,-9.836270428741742,-11.226620944023402,8.253656895510058
td3_message,td3,synthetic_rough_heston,625,180,180,128,-3.2128491361657217,-7.002524873319421,-51.79987806259595,-2.794688065012049,44.79735318927652,-4.207836808307372,6.305485699733579,1.541009807447247,34.02215359954994,15.281549881628726,24.62413689745474,18.740603717921214,19.729336898190084,0.71875,-51.20875552587832,4.410537280836498,4.410537280836498,0.01,160,1.0,2,0.00625,0.0001,0.625,64,512,256,-17.008810331102538,2.585071660396811,41.326660513252484,48.21387650081138,5.021930625955677,7.631335400043869,-12.68605223570939,5.4889152862763195
td3_persistent,td3,synthetic_rough_heston,625,180,180,128,-2.9789799307880824,-7.703233860432569,-51.79987806259595,-2.794688065012049,44.096644202163375,-4.908545795420521,2.2150241001930775,0.34517649482082224,24.649259096900405,18.156823723472932,27.49328333871962,6.492435373427473,6.492590735691505,13.6484375,-51.20875552587832,2.821527296834539,2.821527296834539,0.01,160,1.0,2,0.00625,0.0001,0.625,64,512,256,-17.71641717950104,1.2083466971021168,40.43432404445814,47.680912666751404,1.4025826770253431,3.1423316524378153,-11.30167030025235,4.854705577675956
td3_pilot,td3,synthetic_rough_heston,621,180,150,128,-1.098130253974909,-18.005773079312064,-24.93489892330003,-12.42459068359657,6.9291258439879675,-5.581182395715497,-14.916420825320618,-5.97441161312633,4.377891017311617,-1.186310351178119,18.38893298989213,5.564201368489737,11.342283971091849,4.8125,-13.6339732042431,-9.90981455859365,-4.216006258386216,0.01,200,1.0,30,0.05,0.0001,0.01,64,512,256,-32.56347682344071,-5.1916277089341945,-8.89423168312129,24.141944438050416,-25.751896858118688,-6.7764410063725435,-10.458894267437348,7.481277948638354
td3_resolution,td3,synthetic_rough_heston,626,180,90,128,11.457188069313855,10.32123546593779,9.536709162999024,3.185780085064329,0.7845263029387635,7.135455380873459,-0.02168202139386663,0.1373537126576251,3.8634734866019436,4.240335523202196,10.658107727810162,-0.376862036600252,1.7415976704285534,3.6171875,6.602075589283913,4.16619283069326,4.703066507264382,0.01,100,0.25,30,0.01,0.0001,1.0,256,512,256,5.4153145711322335,14.883880706502408,-1.9164196888129421,3.0579799650815174,-0.16138852495648762,0.10260091929712045,7.102786992716398,15.508701763720312
td3_resolution_history,td3,historical_sp500_midquotes,627,180,180,128,6.202891782745397,5.837245746104953,-1.0264413983923122,-0.39712512085764295,6.8636871444972645,6.234370866962596,0.0,0.0,2.1552195696064094,2.1552195696064094,6.046867260329469,0.0,0.0,0.0,-4.047220622933366,4.813302208811425,4.813302208811425,0.01,100,0.25,30,0.01,0.0001,1.0,256,512,256,2.1896675988979086,9.21852236967609,6.23671288293772,7.479131666172637,0.0,0.0,2.7487646987683765,9.573175042763983
td3_units,td3,synthetic_rough_heston,622,180,120,128,10.230980790415344,8.97135445836815,-38.44694620949798,-7.217597522818266,47.41830066786613,16.188951981186413,0.0,0.0,1.646257298536493,1.646257298536493,5.019215739629441,0.0,0.0,0.0,-42.49945746609486,-6.924803206175556,-1.8185554040672336,0.01,200,1.0,30,0.05,0.0001,0.5,64,512,256,0.01885105756365238,16.675408571765544,31.683771724619398,64.87281262319797,0.0,0.0,1.1910885312162294,18.297903750070034
td3_verified,td3,synthetic_rough_heston,628,180,180,128,8.994748950812081,8.152051579849212,8.691684243907925,1.5577863315179337,-0.5396326640587141,6.594265248331279,-0.1501725171286603,-0.09677043216991743,2.913599454220055,2.5501641114253175,9.179854960525635,0.36343534279473755,0.8899193938711256,7.7265625,9.308221862435012,9.419949252600857,9.419949252600857,0.01,100,0.25,30,0.01,0.0001,1.0,256,2500,960,3.4039497661606326,12.842172388552957,-2.2026219349276452,0.88682920660616,-0.31641194675503437,-0.04281183080881282,4.4662750241695655,13.194277281436898
td3_verified_history,td3,historical_sp500_midquotes,627,180,180,128,6.0022920477937305,5.502128750187747,-1.0264413983923122,-0.39712512085764295,6.528570148580059,5.899253871045389,0.13344693522922602,0.40484932283619934,1.6548645649346145,2.9850515131588597,7.07222240604737,-1.330186948224245,3.133773072105078,0.7421875,-4.047220622933366,4.380464968235507,4.380464968235507,0.01,100,0.25,30,0.01,0.0001,1.0,256,2500,960,2.127180408957859,8.856674479874457,5.995051702568757,7.051171417253952,0.036393707395469356,0.23210634024868265,2.673498724888426,9.338110626384195
