market,policy,metric,mean,ci_low,ci_high,n_seeds
CAT,ddpg,auction_value_bps,1.794410853,1.345955946,2.238858325,10
CAT,ddpg,auction_cash_bps,0.5309453205,0.3857466959,0.6951311225,10
CAT,ddpg,auction_risk_relief_bps,1.263465533,0.7201030357,1.764920587,10
CAT,ddpg,auction_fees_bps,0.010331,0.005809975,0.0145342,10
CAT,ddpg,open_abs_inventory_pct,8.692385347,6.471778027,10.70403852,10
CAT,ddpg,close_abs_inventory_pct,6.240997155,5.461844782,7.056682875,10
CAT,dqn,auction_value_bps,0.2766393434,0.1484618806,0.4101826405,10
CAT,dqn,auction_cash_bps,0.0490211457,0.005302776331,0.1009652898,10
CAT,dqn,auction_risk_relief_bps,0.2276181977,0.09998935337,0.3608681435,10
CAT,dqn,auction_fees_bps,0.058296,0.049045625,0.0656841,10
CAT,dqn,open_abs_inventory_pct,7.584246526,5.975590524,9.072720786,10
CAT,dqn,close_abs_inventory_pct,7.392284324,6.127438506,8.753424991,10
CAT,sac,auction_value_bps,1.362541462,0.9459158412,1.804808679,10
CAT,sac,auction_cash_bps,0.4700176358,0.326439682,0.6397399606,10
CAT,sac,auction_risk_relief_bps,0.8925238261,0.5002052189,1.304275983,10
CAT,sac,auction_fees_bps,0.043119,0.025883975,0.0615119,10
CAT,sac,open_abs_inventory_pct,6.522019409,4.834304768,8.208113187,10
CAT,sac,close_abs_inventory_pct,5.345876068,4.574708226,6.194384154,10
CAT,td3,auction_value_bps,0.9655468911,0.5310550481,1.446401206,10
CAT,td3,auction_cash_bps,0.2873018097,0.1086108774,0.499960014,10
CAT,td3,auction_risk_relief_bps,0.6782450814,0.2306174462,1.164446198,10
CAT,td3,auction_fees_bps,0.063195,0.021392,0.112820075,10
CAT,td3,open_abs_inventory_pct,5.390902659,3.619114332,7.1537842,10
CAT,td3,close_abs_inventory_pct,4.509234615,3.661201355,5.419817211,10
GOOGL,ddpg,auction_value_bps,1.53723161,1.046779641,2.052634003,10
GOOGL,ddpg,auction_cash_bps,0.1771878427,0.02612928857,0.3247264286,10
GOOGL,ddpg,auction_risk_relief_bps,1.360043767,0.8912552356,1.881731234,10
GOOGL,ddpg,auction_fees_bps,0.023298,0.005519,0.049926075,10
GOOGL,ddpg,open_abs_inventory_pct,9.835241859,7.534719397,12.34857242,10
GOOGL,ddpg,close_abs_inventory_pct,6.870247458,5.681794248,8.270321072,10
GOOGL,dqn,auction_value_bps,0.5213053748,0.3672670736,0.6818848309,10
GOOGL,dqn,auction_cash_bps,0.09253037268,-0.0009167393395,0.2224194438,10
GOOGL,dqn,auction_risk_relief_bps,0.4287750021,0.1934074688,0.6423518744,10
GOOGL,dqn,auction_fees_bps,0.033361,0.02310195,0.0481471,10
GOOGL,dqn,open_abs_inventory_pct,8.316469601,6.788944579,9.576351934,10
GOOGL,dqn,close_abs_inventory_pct,7.47026129,6.98411528,7.957677415,10
GOOGL,sac,auction_value_bps,2.019729812,1.268899793,2.852100452,10
GOOGL,sac,auction_cash_bps,0.1722227152,0.03584690656,0.3072615435,10
GOOGL,sac,auction_risk_relief_bps,1.847507097,1.072165469,2.666678604,10
GOOGL,sac,auction_fees_bps,0.043495,0.0282747,0.058254075,10
GOOGL,sac,open_abs_inventory_pct,10.19930108,7.368016629,13.00845002,10
GOOGL,sac,close_abs_inventory_pct,6.440027624,5.398628272,7.514002163,10
GOOGL,td3,auction_value_bps,1.630295599,1.128966039,2.075215641,10
GOOGL,td3,auction_cash_bps,0.1428262028,0.02504747324,0.2686581738,10
GOOGL,td3,auction_risk_relief_bps,1.487469396,0.9641649614,1.968688151,10
GOOGL,td3,auction_fees_bps,0.039869,0.013251675,0.07067545,10
GOOGL,td3,open_abs_inventory_pct,9.431235633,7.03626913,11.42351834,10
GOOGL,td3,close_abs_inventory_pct,6.222306345,4.81948914,7.577827688,10
JPM,ddpg,auction_value_bps,1.300348918,0.9927934764,1.605121224,10
JPM,ddpg,auction_cash_bps,0.2716290288,0.01344478181,0.557277461,10
JPM,ddpg,auction_risk_relief_bps,1.028719889,0.5901783752,1.46803367,10
JPM,ddpg,auction_fees_bps,0.013908,0.00541795,0.02330905,10
JPM,ddpg,open_abs_inventory_pct,7.931400716,5.594740565,10.42894391,10
JPM,ddpg,close_abs_inventory_pct,6.133507545,4.968579991,7.562974339,10
JPM,dqn,auction_value_bps,0.1826611599,0.06081131306,0.3135002756,10
JPM,dqn,auction_cash_bps,0.07333290982,-0.04635194957,0.1850195403,10
JPM,dqn,auction_risk_relief_bps,0.10932825,-0.02897698611,0.2528334254,10
JPM,dqn,auction_fees_bps,0.050441,0.037995875,0.0637955,10
JPM,dqn,open_abs_inventory_pct,5.104234114,3.991710575,6.216143316,10
JPM,dqn,close_abs_inventory_pct,5.599110404,4.87243225,6.318781601,10
JPM,sac,auction_value_bps,1.16161767,0.7359455963,1.564079077,10
JPM,sac,auction_cash_bps,0.320696704,0.145227706,0.5104966663,10
JPM,sac,auction_risk_relief_bps,0.8409209655,0.3764812997,1.279833284,10
JPM,sac,auction_fees_bps,0.037586,0.021568875,0.0538681,10
JPM,sac,open_abs_inventory_pct,7.127984629,5.053174146,9.155878759,10
JPM,sac,close_abs_inventory_pct,6.345464055,5.418219915,7.350440103,10
JPM,td3,auction_value_bps,1.263383916,0.9390221052,1.581974505,10
JPM,td3,auction_cash_bps,0.2615491846,0.05392688542,0.4620207797,10
JPM,td3,auction_risk_relief_bps,1.001834731,0.5645130661,1.454933676,10
JPM,td3,auction_fees_bps,0.035785,0.010368875,0.065227,10
JPM,td3,open_abs_inventory_pct,7.423552829,5.426286822,9.265818775,10
JPM,td3,close_abs_inventory_pct,5.682460312,4.552163778,6.888314238,10
MSFT,ddpg,auction_value_bps,1.514289398,0.9982503259,2.097118673,10
MSFT,ddpg,auction_cash_bps,0.2551501043,0.0673941276,0.4385599453,10
MSFT,ddpg,auction_risk_relief_bps,1.259139294,0.6892185963,1.900672008,10
MSFT,ddpg,auction_fees_bps,0.022823,0.005706,0.047477925,10
MSFT,ddpg,open_abs_inventory_pct,10.53664485,7.635192656,13.8150875,10
MSFT,ddpg,close_abs_inventory_pct,8.160694332,6.694232839,10.04085712,10
MSFT,dqn,auction_value_bps,0.3784722919,0.2471518832,0.4960113453,10
MSFT,dqn,auction_cash_bps,0.03216580553,-0.1145421988,0.19037301,10
MSFT,dqn,auction_risk_relief_bps,0.3463064864,0.1284205438,0.5490090618,10
MSFT,dqn,auction_fees_bps,0.050776,0.035407575,0.0696447,10
MSFT,dqn,open_abs_inventory_pct,8.457589103,6.283478609,10.75562674,10
MSFT,dqn,close_abs_inventory_pct,8.01260416,6.482181872,9.75685049,10
MSFT,sac,auction_value_bps,1.707049302,1.156336028,2.2214278,10
MSFT,sac,auction_cash_bps,0.2675513593,0.07956257201,0.461158543,10
MSFT,sac,auction_risk_relief_bps,1.439497942,0.7872811093,2.059883745,10
MSFT,sac,auction_fees_bps,0.052072,0.0362319,0.06757925,10
MSFT,sac,open_abs_inventory_pct,9.895229725,7.554408106,12.13162642,10
MSFT,sac,close_abs_inventory_pct,7.256082471,6.372498401,8.160108324,10
MSFT,td3,auction_value_bps,1.421277398,1.008926727,1.807066453,10
MSFT,td3,auction_cash_bps,0.1375766897,-0.142274608,0.4362201267,10
MSFT,td3,auction_risk_relief_bps,1.283700709,0.7686782598,1.798463368,10
MSFT,td3,auction_fees_bps,0.052555,0.02436095,0.081941425,10
MSFT,td3,open_abs_inventory_pct,9.601621756,7.544343556,11.58706026,10
MSFT,td3,close_abs_inventory_pct,7.125180044,5.979569522,8.281703274,10
PG,ddpg,auction_value_bps,1.447159564,0.9828680198,1.891297957,10
PG,ddpg,auction_cash_bps,0.01073282294,-0.1308802626,0.1544097156,10
PG,ddpg,auction_risk_relief_bps,1.436426741,0.8772421266,1.971004753,10
PG,ddpg,auction_fees_bps,0.013891,0.003903,0.0275137,10
PG,ddpg,open_abs_inventory_pct,8.983979809,6.468676846,11.44350776,10
PG,ddpg,close_abs_inventory_pct,5.658044639,4.731425588,6.735010544,10
PG,dqn,auction_value_bps,0.2913485684,0.1876847567,0.3967810936,10
PG,dqn,auction_cash_bps,0.005832022629,-0.08082009144,0.09619825904,10
PG,dqn,auction_risk_relief_bps,0.2855165458,0.1763626964,0.3978806818,10
PG,dqn,auction_fees_bps,0.044599,0.021830775,0.0769154,10
PG,dqn,open_abs_inventory_pct,6.345208184,5.17273279,7.710078295,10
PG,dqn,close_abs_inventory_pct,5.983467378,4.852953923,7.449499845,10
PG,sac,auction_value_bps,1.634546367,0.9987499031,2.270913654,10
PG,sac,auction_cash_bps,0.05492803025,-0.1010153783,0.2083988865,10
PG,sac,auction_risk_relief_bps,1.579618337,0.8496017861,2.310632191,10
PG,sac,auction_fees_bps,0.037754,0.01901875,0.063815975,10
PG,sac,open_abs_inventory_pct,8.990716014,6.488402874,11.49621905,10
PG,sac,close_abs_inventory_pct,6.128292997,5.629555345,6.69032592,10
PG,td3,auction_value_bps,1.265092621,0.8657696981,1.632218253,10
PG,td3,auction_cash_bps,0.00366389648,-0.08493816881,0.08542388889,10
PG,td3,auction_risk_relief_bps,1.261428724,0.8405741008,1.648318337,10
PG,td3,auction_fees_bps,0.061879,0.02259425,0.104439025,10
PG,td3,open_abs_inventory_pct,7.910147882,5.947639556,9.5752033,10
PG,td3,close_abs_inventory_pct,5.228827711,4.041483445,6.448424366,10
Synthetic,ddpg,auction_value_bps,0.4943165108,0.1486283359,0.8541620235,10
Synthetic,ddpg,auction_cash_bps,0.1480163998,-0.02237984205,0.327910756,10
Synthetic,ddpg,auction_risk_relief_bps,0.346300111,0.06052533382,0.6055184428,10
Synthetic,ddpg,auction_fees_bps,0.05064,0.022394925,0.087484125,10
Synthetic,ddpg,open_abs_inventory_pct,5.78457937,4.058873855,7.603900401,10
Synthetic,ddpg,close_abs_inventory_pct,5.760769291,4.989971373,6.686443056,10
Synthetic,dqn,auction_value_bps,0.1737643944,0.1003910944,0.2458017956,10
Synthetic,dqn,auction_cash_bps,0.06616816097,0.005558849354,0.129760082,10
Synthetic,dqn,auction_risk_relief_bps,0.1075962334,0.009331860264,0.204307677,10
Synthetic,dqn,auction_fees_bps,0.045072,0.0389039,0.050499025,10
Synthetic,dqn,open_abs_inventory_pct,5.450402885,4.220881522,6.915209187,10
Synthetic,dqn,close_abs_inventory_pct,5.809788576,4.830677071,6.951609505,10
Synthetic,sac,auction_value_bps,0.5931427882,0.3781127786,0.8127028904,10
Synthetic,sac,auction_cash_bps,0.3473133778,0.2653773666,0.4185272002,10
Synthetic,sac,auction_risk_relief_bps,0.2458294104,0.01512882775,0.4810332091,10
Synthetic,sac,auction_fees_bps,0.052527,0.033428825,0.071323875,10
Synthetic,sac,open_abs_inventory_pct,4.934512875,3.291193445,6.56674903,10
Synthetic,sac,close_abs_inventory_pct,5.650141391,4.45371594,6.768117954,10
Synthetic,td3,auction_value_bps,0.3527227579,-0.01579817295,0.7301272252,10
Synthetic,td3,auction_cash_bps,0.2136861285,0.09571551416,0.3422806407,10
Synthetic,td3,auction_risk_relief_bps,0.1390366294,-0.1855268871,0.4373892646,10
Synthetic,td3,auction_fees_bps,0.057414,0.0311616,0.085517525,10
Synthetic,td3,open_abs_inventory_pct,4.87328117,3.383007688,6.551839445,10
Synthetic,td3,close_abs_inventory_pct,4.985035731,3.76157409,6.106817726,10
