env_seed,action,chosen,predicted_advantage,shaped_advantage,economic_advantage
1815288875,0,False,0.0,0.0,0.0
1815288875,1,False,-0.12575553,0.03674135407294177,0.03534205907294563
1815288875,30,True,0.056392092,-0.004710811362152789,-0.004610861362380092
934874611,0,False,0.0,0.0,0.0
934874611,1,False,-0.048244588,-0.03828731040949179,-0.04254531004085038
934874611,36,True,0.041089647,0.0007347516307574242,0.0009105216307574437
80431573,0,False,0.0,0.0,0.0
80431573,1,False,-0.009952068,-0.9524819293607627,-0.8916182793608058
80431573,30,True,0.031514235,-0.0017816102999765882,-0.0016808502999943187
1574315087,0,False,0.0,0.0,0.0
1574315087,1,False,-0.031498536,0.027540518327743208,0.02956689859213313
1574315087,36,True,0.091920234,0.0020578347391631002,0.002233464739155977
2063386605,0,False,0.0,0.0,0.0
2063386605,1,False,-0.057560682,-0.00788948204171011,0.008664792958278156
2063386605,40,True,0.0620946,0.0004656274420447304,0.0006899524420376224
1960950962,0,False,0.0,0.0,0.0
1960950962,1,False,-0.011668265,-0.3223730129564113,-0.302941802956866
1960950962,43,True,0.09257099,-0.33063196430864217,-0.3109504043090965
1477834533,0,False,0.0,0.0,0.0
1477834533,1,False,-0.057704896,0.22187816965328994,0.2318627421532895
1477834533,14,True,0.013591785,0.0015672803126979273,0.0014674803126908387
1540227384,0,False,0.0,0.0,0.0
1540227384,1,False,-0.07069425,-0.037329865494343,-0.013678665494353481
1540227384,2,True,0.100314364,0.0011886055365695758,0.0009385805365695887
235003195,0,False,0.0,0.0,0.0
235003195,1,False,-0.07722424,0.10851813670230988,0.12794955670229768
235003195,30,True,0.05019231,0.0009556294780589392,0.0010557894780660604
599768715,0,False,0.0,0.0,0.0
599768715,1,False,-0.0063583255,-0.07461976140368827,-0.046852618903699295
599768715,1052,True,0.06895894,-0.0019530937738464205,-0.008449843773874477
237730646,0,False,0.0,0.0,0.0
237730646,1,False,-0.054511905,-0.024566182849398974,-0.02641483284940449
237730646,1308,True,0.096888304,0.008911446649639037,0.002516566649646279
692979998,0,False,0.0,0.0,0.0
692979998,1,False,0.09358348,-0.19624091777870423,-0.1922417177786997
692979998,1333,True,0.13575843,-0.2994135070651365,-0.2922152670651599
974180470,0,False,0.0,0.0,0.0
974180470,1,False,0.095370315,0.18871099514830725,0.18509695514876512
974180470,753,True,0.15471706,-0.005049089428046827,-0.005049449427588115
2081413206,0,False,0.0,0.0,0.0
2081413206,1,False,-0.05485186,-0.5484606182689298,-0.5318896807689271
2081413206,2,True,0.056623176,0.006288417074441277,0.006038442074441264
1660374791,0,False,0.0,0.0,0.0
1660374791,1,False,-0.05909276,-3.382942548700692,-3.291753475718906
1660374791,2,True,0.42058986,0.011825610230783212,0.011576010231237888
556395285,0,False,0.0,0.0,0.0
556395285,1,False,-0.05125084,0.16241635471355584,0.174295034713559
556395285,30,True,0.032956123,0.0010575062481903517,0.0011577562481974724
260383305,0,False,0.0,0.0,0.0
260383305,1,False,0.11379892,-0.030853821083419497,-0.03210655108341598
260383305,37,True,0.17747872,-0.030443419173397768,-0.0315207291733941
293737444,0,False,0.0,0.0,0.0
293737444,1,False,-0.14879042,-0.02900618265199822,-0.030280747651998507
293737444,2,True,0.06953257,-0.00021401824494126395,-0.0004639932449409523
1631235328,0,False,0.0,0.0,0.0
1631235328,1,False,-0.14553592,-1.637604244366747,-1.6097523093667405
1631235328,1304,True,0.2169353,0.3223293261888971,0.31433412618889633
888852393,0,False,0.0,0.0,0.0
888852393,1,False,-0.08926132,-0.07010139983913469,-0.06785057483913448
888852393,2,True,0.060317166,0.003719706949685448,0.003469556949685426
1992038869,0,False,0.0,0.0,0.0
1992038869,1,False,-0.033411644,-0.029130141669522547,-0.02905480416951889
1992038869,38,True,0.02477621,0.0002868501416570246,0.000487730141657039
885409025,0,False,0.0,0.0,0.0
885409025,1,False,-0.3749371,-3.7319723109694927,-3.5977065209694956
885409025,14,True,0.09087536,0.004020957186770868,0.003920947186998092
324050449,0,False,0.0,0.0,0.0
324050449,1,False,-0.049260497,-0.013027503240077398,-0.043274792094820214
324050449,16,True,0.00525178,-0.0004987502915735909,-0.0005735102915735979
1644936431,0,False,0.0,0.0,0.0
1644936431,1,False,-0.015250921,0.1365813152058024,0.1335915152058078
1644936431,505,True,0.05421126,-0.028999999999999915,-0.028999999999996362
179902752,0,False,0.0,0.0,0.0
179902752,1,False,-0.0042737983,0.14828724347265565,0.15612006847260318
179902752,1304,True,0.083301514,-0.17314332051162684,-0.18115212051168328
1549170126,0,False,0.0,0.0,0.0
1549170126,1,False,-0.008996021,0.015004993313585624,0.020617553313556414
1549170126,28,True,0.03075116,0.00015594737952412396,0.00023120237949569855
1834233848,0,False,0.0,0.0,0.0
1834233848,1,False,-0.049998105,0.05534532363243505,0.09270794863255105
1834233848,36,True,0.120001465,0.0007027856748069716,0.0008783106748069258
1509624316,0,False,0.0,0.0,0.0
1509624316,1,False,-0.080615014,-0.041166228481067324,-0.026678593481079815
1509624316,30,True,0.037485734,0.000187403627293109,0.0002876136272647045
1630008347,0,False,0.0,0.0,0.0
1630008347,1,False,-0.02835057,-0.033338279473241875,-0.03378810447324554
1630008347,30,True,0.011788778,0.002291092236617942,0.002391052236617952
360505204,0,False,0.0,0.0,0.0
360505204,1,False,-0.0819367,-0.13839053926659767,-0.12649093176659676
360505204,16,True,0.014486164,0.0010472053343898204,0.0009722203343898173
1040189125,0,False,0.0,0.0,0.0
1040189125,1,False,-0.07290326,-0.1834092663717692,-0.15382729387178173
1040189125,10,True,0.058670543,0.002363614680623252,0.0022137346806196945
516070802,0,False,0.0,0.0,0.0
516070802,1,False,-0.05149517,-0.16903718843297322,-0.15874563843297373
516070802,2,True,0.042948235,0.004161399367964447,0.003910449367960922
1758149639,0,False,0.0,0.0,0.0
1758149639,1,False,-0.061987415,-0.20164948369819857,-0.16789550619830607
1758149639,30,True,0.04059874,-0.0004080845400147304,-0.00030789454024215956
1511221349,0,False,0.0,0.0,0.0
1511221349,1,False,0.04196646,-0.024239950094850558,-0.022740400094861002
1511221349,213,True,0.09843524,-0.029,-0.028999999999996362
1282896933,0,False,0.0,0.0,0.0
1282896933,1,False,0.12904051,0.17014348094967158,0.16635032094967528
1282896933,795,True,0.21860318,-0.028999999999999915,-0.028999999999996362
848401740,0,False,0.0,0.0,0.0
848401740,1,False,0.13743967,-0.25297687883862674,-0.24759843883863653
848401740,43,True,0.21220544,-0.26176875475458505,-0.2561412897545807
1491883086,0,False,0.0,0.0,0.0
1491883086,1,False,0.015915275,-0.01347879713005895,-0.013726572130053682
1491883086,1304,True,0.23057784,0.26648389756284274,0.25855349756238866
754989157,0,False,0.0,0.0,0.0
754989157,1,False,0.037445858,-0.5371533420480017,-0.49617904204799856
754989157,1052,True,0.12350791,0.07323361278402474,0.06669786278402512
623011678,0,False,0.0,0.0,0.0
623011678,1,False,0.079373926,-0.024321648044114852,-0.02456934804422417
623011678,37,True,0.24451058,-0.028292451936160035,-0.02836672693615583
565631667,0,False,0.0,0.0,0.0
565631667,1,False,-0.07672721,0.13654898377563265,0.14622678877562834
565631667,2,True,0.040290408,-0.003968702770321665,-0.004219452770321652
1560082131,0,False,0.0,0.0,0.0
1560082131,1,False,-0.078858495,-0.03279694227129121,-0.03546186727129097
1560082131,36,True,0.037610285,0.00012891579873380854,0.0003032332987267239
1802800466,0,False,0.0,0.0,0.0
1802800466,1,False,-0.055310085,0.03593459521867565,0.04139543021868519
1802800466,16,True,0.015836164,0.0006782628526967316,0.0006034653527109413
122289493,0,False,0.0,0.0,0.0
122289493,1,False,-0.0035387874,0.5244372264368721,0.5774425014368934
122289493,1304,True,0.04208167,-0.14410943366320128,-0.15212783366319726
2025225106,0,False,0.0,0.0,0.0
2025225106,1,False,-3.0711293e-05,-0.02652818121816457,-0.02475139121817449
2025225106,2,True,0.0951817,-0.0001779414670170787,-0.0004282914670170612
648627381,0,False,0.0,0.0,0.0
648627381,1,False,-0.06255214,-0.02790367493516205,-0.0292469249351619
648627381,40,True,0.034460187,-0.00015804047517083142,6.587952482561832e-05
883932584,0,False,0.0,0.0,0.0
883932584,1,False,-0.0036962572,-0.02921786887834915,-0.02914297637834551
883932584,2,True,0.048101056,0.0006717041350218361,0.000422179135028955
622095452,0,False,0.0,0.0,0.0
622095452,1,False,-0.048426174,-0.046441707286922984,-0.045363664786691515
622095452,2,True,0.024687622,0.0041245627749804115,0.003873862775208181
728666401,0,False,0.0,0.0,0.0
728666401,1,False,0.15144795,-0.062394669257580304,-0.061402169257576134
728666401,185,True,0.17332417,-0.06202240675757942,-0.061402169257576134
825976478,0,False,0.0,0.0,0.0
825976478,1,False,-0.050963018,-0.14390949692472343,-0.14702120692471965
825976478,36,True,0.023907537,0.007682386282510945,0.00785806878251094
2010860227,0,False,0.0,0.0,0.0
2010860227,1,False,-0.03236206,-0.22657039235117,-0.20834745235117325
2010860227,1304,True,0.011034578,0.1078050750367265,0.09987307503671161
1533585677,0,False,0.0,0.0,0.0
1533585677,1,False,0.013035178,-0.22174508553459804,-0.2063119455345941
1533585677,2,True,0.10649948,0.004933975639369592,0.0046839256393695905
715217425,0,False,0.0,0.0,0.0
715217425,1,False,-0.046858963,-0.2940053658825995,-0.298664943024157
715217425,38,True,0.10752959,0.006124007952098512,0.006322587952119818
311534088,0,False,0.0,0.0,0.0
311534088,1,False,-0.016529795,0.27650264594415486,0.3042109734441567
311534088,36,True,0.06432904,0.0026757632140979315,0.0028507982140979493
103548047,0,False,0.0,0.0,0.0
103548047,1,False,-0.10381435,-0.12112154746589626,-0.12414204246589122
103548047,2,True,0.075174704,-0.00017272970540707644,-0.0004222297054070623
675092621,0,False,0.0,0.0,0.0
675092621,1,False,0.037836783,-0.03255260507930535,-0.032727605079301725
675092621,37,True,0.06230034,-0.028999999999999998,-0.028999999999996362
998977179,0,False,0.0,0.0,0.0
998977179,1,False,-0.017035859,0.15249110603366356,0.1626140810336647
998977179,2,True,0.03837758,-0.003819937520194161,-0.004068712520190587
37666433,0,False,0.0,0.0,0.0
37666433,1,False,0.12265712,-1.961184193839543,-1.9215579938395422
37666433,37,True,0.27141985,-1.9703476290031805,-1.9305467790031798
1048502545,0,False,0.0,0.0,0.0
1048502545,1,False,-0.108888365,-0.07189291287005256,-0.06379184941027738
1048502545,2,True,0.16884169,2.6224841074173888e-05,-0.00022395015893472703
1729772140,0,False,0.0,0.0,0.0
1729772140,1,False,-0.060436845,-0.03270415332348095,-0.006825573323482104
1729772140,2,True,0.04750946,0.005254682519201401,0.00500405751920141
1181607790,0,False,0.0,0.0,0.0
1181607790,1,False,-0.027503267,-0.030581982267956942,-0.030506877267953314
1181607790,2,True,0.018851347,0.0032547545358664887,0.0030043795358665193
335079949,0,False,0.0,0.0,0.0
335079949,1,False,-0.060616016,-0.02876884095686623,0.02396128904313244
335079949,16,True,0.009085894,-0.00021092975866501829,-0.00028604225867923105
336869809,0,False,0.0,0.0,0.0
336869809,1,False,0.017532712,0.3191490198938678,0.3430336173938713
336869809,37,True,0.08292966,0.3204786423598036,0.34453869485980704
108270140,0,False,0.0,0.0,0.0
108270140,1,False,-0.1159072,-0.6495381140863218,-0.6030831290863361
108270140,944,True,0.07441257,0.02562814319058393,0.025054120690562343
481273903,0,False,0.0,0.0,0.0
481273903,1,False,-0.032399714,-0.37988325314064236,-0.314644968140648
481273903,2,True,0.2128936,0.00995531659166371,0.00970519159166372
1859505031,0,False,0.0,0.0,0.0
1859505031,1,False,0.06285621,-0.02268921949965598,-0.020941494499652435
1859505031,255,True,0.09286325,-0.028999999999999998,-0.028999999999996362
315375470,0,False,0.0,0.0,0.0
315375470,1,False,0.0036504418,0.15492201303952235,0.1513202130395257
315375470,753,True,0.07101094,-0.05488419908141662,-0.05488383908095784
418098794,0,False,0.0,0.0,0.0
418098794,1,False,-0.029036835,0.23062982231571463,0.22652460731565327
418098794,2,True,0.024434134,0.0029948029077964122,0.002744602907711169
1816615073,0,False,0.0,0.0,0.0
1816615073,1,False,0.014663205,-0.05638964951504305,-0.048063262015049624
1816615073,1304,True,0.06636301,0.012703124096765871,0.004749524096754776
1904803639,0,False,0.0,0.0,0.0
1904803639,1,False,-0.03566822,-0.14449789151124826,-0.1484235365112525
1904803639,38,True,0.08273374,0.005698745355313367,0.005898785355313407
1849575585,0,False,0.0,0.0,0.0
1849575585,1,False,-0.077153,-0.5836065993081901,-0.5488395368082166
1849575585,16,True,0.018108606,0.0011577840502001169,0.0010828590501805735
511023295,0,False,0.0,0.0,0.0
511023295,1,False,-0.0039622188,0.012009977861104651,0.03229515286108864
511023295,753,True,0.056801796,0.007766218784042128,0.03165751378403314
1276049467,0,False,0.0,0.0,0.0
1276049467,1,False,-0.02128601,-0.01532034760792178,-0.016270477607804423
1276049467,34,True,0.07862198,-0.002281814348648603,-0.002131784348534893
1388560726,0,False,0.0,0.0,0.0
1388560726,1,False,0.0076332167,-0.11415615053707606,-0.11790390053708677
1388560726,1304,True,0.082984604,-0.20328741045760573,-0.2112818104576064
1369142781,0,False,0.0,0.0,0.0
1369142781,1,False,-0.10398796,-0.046275898213492164,-0.044714079190395495
1369142781,2,True,0.062473312,-0.005179829950682837,-0.00542915495068641
2072781742,0,False,0.0,0.0,0.0
2072781742,1,False,-0.006190367,-0.05817409013632591,-0.051418177636321616
2072781742,1052,True,0.06534234,0.016318528416032985,0.009788628416018241
1677718144,0,False,0.0,0.0,0.0
1677718144,1,False,0.06668341,-0.1496994641036904,-0.14193348910368897
1677718144,1304,True,0.13796178,0.17480792625328317,0.1668951262532845
905276919,0,False,0.0,0.0,0.0
905276919,1,False,0.004301235,-0.02483407200463894,-0.025084722004635296
905276919,36,True,0.07870743,-0.00303172068734181,-0.0028562656873418746
1232823682,0,False,0.0,0.0,0.0
1232823682,1,False,-0.13628499,-0.06677004992608074,-0.07044466372911984
1232823682,2,True,0.1887129,0.0009525934895339982,0.0007030934896476992
1938248734,0,False,0.0,0.0,0.0
1938248734,1,False,-0.006360486,0.014490583078766432,0.02074301307876425
1938248734,37,True,0.034324095,0.014366935623147295,0.02079443562314509
146820882,0,False,0.0,0.0,0.0
146820882,1,False,-0.39629877,-2.187740800228152,-2.1532288558246364
146820882,2,True,0.23276566,0.010103545184691143,0.009854845185145678
1438982891,0,False,0.0,0.0,0.0
1438982891,1,False,-0.19527206,-0.6532009230360728,-0.6178786808136039
1438982891,816,True,0.06065531,0.02954066174445502,0.028542861744483616
1409993848,0,False,0.0,0.0,0.0
1409993848,1,False,0.051418163,0.11912017383049775,0.14000383633049296
1409993848,1304,True,0.083350375,-0.05794262061919073,-0.06594582061920917
1470224021,0,False,0.0,0.0,0.0
1470224021,1,False,0.0010602027,0.7959588514872321,0.8285830264872303
1470224021,30,True,0.045641735,0.0024785418022436057,0.0025787118022364552
1457780459,0,False,0.0,0.0,0.0
1457780459,1,False,-0.080827385,0.07591740900386698,0.0870069390038708
1457780459,30,True,0.049092665,0.0014826936234029336,0.0015825836234029111
831403674,0,False,0.0,0.0,0.0
831403674,1,False,0.014707778,-0.016180011945995387,-0.016430861945764264
831403674,43,True,0.1117751,-0.028999999999999915,-0.028999999999996362
389970899,0,False,0.0,0.0,0.0
389970899,1,False,0.023003696,-0.037928000099250514,-0.036172400099246715
389970899,255,True,0.10540187,-0.027006217828780682,-0.027005867828776786
1746970201,0,False,0.0,0.0,0.0
1746970201,1,False,-0.06876513,-0.04115411589916461,-0.043608825899156045
1746970201,2,True,0.060188737,-0.00020298808537566604,-0.00045338808537565
1126679514,0,False,0.0,0.0,0.0
1126679514,1,False,-0.009444863,-0.0923766342583141,-0.0722404942583239
1126679514,1043,True,0.055607278,-0.10750210219883993,-0.08360958719883627
1557032866,0,False,0.0,0.0,0.0
1557032866,1,False,-0.012531102,-0.24568343787803693,-0.22662711787804568
1557032866,1304,True,0.1659521,0.39176050615752545,0.38382530615751165
1789006269,0,False,0.0,0.0,0.0
1789006269,1,False,-0.060691196,-0.05367496896249186,-0.05192234396248807
1789006269,1052,True,0.11217333,0.05720142496230121,0.050690374962300666
270501282,0,False,0.0,0.0,0.0
270501282,1,False,-0.044243902,-0.03349813120599024,-0.036865706205986726
270501282,1304,True,0.14798167,-0.0236166223590559,-0.03159982235905545
1967011322,0,False,0.0,0.0,0.0
1967011322,1,False,-0.00057305396,-0.027428620846846052,-0.0276796958468708
1967011322,40,True,0.060863517,-0.0014080711916898414,-0.0011821036917467609
1713211569,0,False,0.0,0.0,0.0
1713211569,1,False,-0.009062409,-0.5578032183717071,-0.4838597308717141
1713211569,1308,True,0.08970499,-0.0009658691161542055,-0.007382509116151681
530222523,0,False,0.0,0.0,0.0
530222523,1,False,-0.06884313,-0.05877770587490749,-0.02221137337491541
530222523,30,True,0.030220032,0.00017834061575339177,0.0002774306157391493
1314027852,0,False,0.0,0.0,0.0
1314027852,1,False,0.005116258,0.1622975441095849,0.17455691910957682
1314027852,1304,True,0.07314447,-0.1497775749237224,-0.15778317492372196
350935436,0,False,0.0,0.0,0.0
350935436,1,False,-0.066631526,0.024948526291950823,0.029763691291947225
350935436,2,True,0.048220016,-0.0031860825588601593,-0.00343685755886014
384772607,0,False,0.0,0.0,0.0
384772607,1,False,0.044942506,-0.525427657219917,-0.49758645721992745
384772607,1304,True,0.07586521,0.14913690800827473,0.14118410800827141
325534304,0,False,0.0,0.0,0.0
325534304,1,False,-0.067431584,0.31281706650806135,0.322463219327247
325534304,1304,True,0.119493425,-0.29283182303359667,-0.3008390230335962
395500745,0,False,0.0,0.0,0.0
395500745,1,False,-0.027026962,0.12067511431124656,0.11764902681125022
395500745,30,True,0.06287083,-0.00467842203113511,-0.004578392031135081
838006233,0,False,0.0,0.0,0.0
838006233,1,False,0.041566107,-0.028108347661375044,-0.030586565161371482
838006233,37,True,0.11227967,-0.028121951114450705,-0.030424923614447152
1794199875,0,False,0.0,0.0,0.0
1794199875,1,False,-0.10471287,0.07389512817096644,0.0731322594546242
1794199875,36,True,0.076241024,0.003915217169556895,0.004091249669585295
849323397,0,False,0.0,0.0,0.0
849323397,1,False,-0.06878406,-0.10871074226001361,-0.0526077422600153
849323397,12,True,0.025977816,1.714640954658675e-05,-0.00010809109043918852
1990351750,0,False,0.0,0.0,0.0
1990351750,1,False,-0.042316124,0.08894778599110402,0.10251715349110668
1990351750,30,True,0.017402604,0.0006503991683786403,0.0007503591683928335
1988327279,0,False,0.0,0.0,0.0
1988327279,1,False,0.026379317,-0.023665118324454004,-0.02391504332443617
1988327279,1304,True,0.14079206,0.13365243482722658,0.1256532348272401
1972226850,0,False,0.0,0.0,0.0
1972226850,1,False,0.018353336,-0.06792178419419326,-0.0661789591941897
1972226850,255,True,0.058892168,-0.029000000000000026,-0.028999999999996362
1706258219,0,False,0.0,0.0,0.0
1706258219,1,False,-0.03616792,-0.03524092578038374,-0.0309854007803807
1706258219,1304,True,0.075026624,0.012028232584902779,0.004018632584902093
445125103,0,False,0.0,0.0,0.0
445125103,1,False,0.055858135,-0.2302664814976001,-0.1917930314975962
445125103,2,True,0.080180466,0.008339687748245339,0.008091612748245325
1545800460,0,False,0.0,0.0,0.0
1545800460,1,False,-0.043047704,-0.0037024891280486097,-0.013244216504398665
1545800460,30,True,0.0028992277,0.0002999084291176908,0.000399878429117706
282689806,0,False,0.0,0.0,0.0
282689806,1,False,0.053797796,-0.02139787879179389,-0.024532253791790026
282689806,1041,True,0.09283182,-0.028999999999999915,-0.028999999999996362
1219454651,0,False,0.0,0.0,0.0
1219454651,1,False,0.013473332,0.0029339985099987587,0.02075677351000138
1219454651,1304,True,0.07401298,-0.0343732982371317,-0.042406898237103974
1837900670,0,False,0.0,0.0,0.0
1837900670,1,False,-0.026990097,-0.09151307281948401,-0.07580327281948485
1837900670,1304,True,0.074116476,0.010617181894764155,0.0026379818947717126
1510123387,0,False,0.0,0.0,0.0
1510123387,1,False,-0.101122364,-0.07935866910135636,-0.07863245410135278
1510123387,2,True,0.067509465,0.009575688981546149,0.009325238981091388
704359265,0,False,0.0,0.0,0.0
704359265,1,False,-0.12223405,-0.10044017806736455,-0.09097334491787024
704359265,2,True,0.095834225,0.0025998652219593327,0.0023496152219735222
1670719376,0,False,0.0,0.0,0.0
1670719376,1,False,0.04630834,-0.022187367214669185,-0.021442767214665537
1670719376,213,True,0.06834477,-0.03596305303862224,-0.03670765303861856
2063836353,0,False,0.0,0.0,0.0
2063836353,1,False,-0.018837877,-0.15879272991815752,-0.14659140491815847
2063836353,1304,True,0.114096776,0.0760677503972325,0.06810055039722762
774462550,0,False,0.0,0.0,0.0
774462550,1,False,-0.023867995,-0.005108340618531049,0.006532401881457872
774462550,1304,True,0.08269933,-0.08359467541348153,-0.09143467541349537
406508535,0,False,0.0,0.0,0.0
406508535,1,False,0.0076523772,0.5336234187613271,0.5631043987613236
406508535,753,True,0.055409852,0.5844669230513504,0.6175579830513449
1557410588,0,False,0.0,0.0,0.0
1557410588,1,False,-0.21765028,0.08051135547306115,0.09508369797305605
1557410588,86,True,0.27041987,0.010193402841233296,0.009443552841229774
868191520,0,False,0.0,0.0,0.0
868191520,1,False,-0.05573213,-0.048866136503371294,-0.05261276150336869
868191520,1304,True,0.13458285,-0.07119978105582611,-0.07919418105582565
1154605732,0,False,0.0,0.0,0.0
1154605732,1,False,0.053566515,0.7371487943607199,0.8053146318607629
1154605732,1030,True,0.124973565,0.0,0.0
1119839845,0,False,0.0,0.0,0.0
1119839845,1,False,0.2528775,-0.020467786893661355,-0.02064138689365791
1119839845,37,True,0.3796105,-0.033182376553275716,-0.033182306553499075
384974570,0,False,0.0,0.0,0.0
384974570,1,False,0.08239503,-0.19350338242938914,-0.18568558242938593
384974570,35,True,0.087623924,-0.1964659490001638,-0.18849874900016061
1705017495,0,False,0.0,0.0,0.0
1705017495,1,False,0.26036984,-0.013966250648710599,-0.014140515648250584
1705017495,37,True,0.34635937,-0.028999999999999915,-0.028999999999996362
2023001720,0,False,0.0,0.0,0.0
2023001720,1,False,0.044752374,-0.05822767640896864,-0.053440636408979
2023001720,1304,True,0.11371004,0.032014394869966406,0.024035194869952647
1863501075,0,False,0.0,0.0,0.0
1863501075,1,False,0.01626045,-0.05890927958143588,-0.050651739581446975
1863501075,35,True,0.04992531,-0.05961751863023834,-0.05121120863024231
86963859,0,False,0.0,0.0,0.0
86963859,1,False,-0.0856389,-0.4785563648284059,-0.4668950598288575
86963859,30,True,0.016071476,-0.0031185804310691623,-0.0030182504315234837
547861653,0,False,0.0,0.0,0.0
547861653,1,False,-0.05087155,0.0769728932121126,0.08865475321211846
547861653,30,True,0.02189073,0.0009326994488228213,0.0010325494488299114
1762650657,0,False,0.0,0.0,0.0
1762650657,1,False,-0.15819404,-0.004553310824226581,0.024762529175767156
1762650657,2,True,0.22215293,0.0072740966461811996,0.007024021646181211
682156739,0,False,0.0,0.0,0.0
682156739,1,False,-0.109516844,-0.08253720393056252,-0.08667620656505903
682156739,38,True,0.121130735,0.004097649848978563,0.004297469848985713
167777787,0,False,0.0,0.0,0.0
167777787,1,False,-0.06798565,0.014098435749291094,0.028800010749286287
167777787,36,True,0.08842487,0.0017650114280571491,0.0019402389280571697
220377835,0,False,0.0,0.0,0.0
220377835,1,False,0.06030467,0.24874820056517777,0.24515540056518148
220377835,711,True,0.12837839,0.015421189474048802,0.015221249474052456
835886502,0,False,0.0,0.0,0.0
835886502,1,False,-0.0054405225,-0.0515389994231934,-0.05273690192319691
835886502,2,True,0.07542591,0.001969765532553909,0.0017200405325539236
747406833,0,False,0.0,0.0,0.0
747406833,1,False,0.01630409,-0.14125120517211776,-0.12470218517212572
747406833,35,True,0.037399754,-0.14253474592956866,-0.12583611592957666
1018250404,0,False,0.0,0.0,0.0
1018250404,1,False,-0.05020005,-0.14800190299784793,-0.13578143799784925
1018250404,30,True,0.026588358,-0.0009473510582904132,-0.0008471810582832973
713726081,0,False,0.0,0.0,0.0
713726081,1,False,-0.0073384494,-0.21502915294022826,-0.20724815294022392
713726081,38,True,0.054411188,-0.005214241095742866,-0.005013461095742855
1763314517,0,False,0.0,0.0,0.0
1763314517,1,False,-0.051735297,-0.04162313360742731,-0.03846444360742396
1763314517,2,True,0.05615823,0.0013328035986394926,0.0010821285986537532
1102779253,0,False,0.0,0.0,0.0
1102779253,1,False,-0.08201422,-0.061490279739494634,-0.062364969739491016
1102779253,30,True,0.0046261996,0.0007969315388561826,0.000896871538870414
953545136,0,False,0.0,0.0,0.0
953545136,1,False,-0.02340816,-0.04119037122826521,-0.04494149622823329
953545136,1304,True,0.12630294,-0.02936964139800144,-0.037372041397972566
203624339,0,False,0.0,0.0,0.0
203624339,1,False,-0.14202687,0.32642764082685244,0.3476224508268331
203624339,36,True,0.04168225,0.0030244857371901634,0.003199923237204416
14223997,0,False,0.0,0.0,0.0
14223997,1,False,-0.12530643,-0.0255457549969762,-0.026298737496972535
14223997,1308,True,0.092843175,0.1390405870112117,0.13261434701144026
607970720,0,False,0.0,0.0,0.0
607970720,1,False,-0.013466693,-0.02059550832996848,-0.02084523333019206
607970720,2,True,0.049715776,0.006922931821005562,0.006673206820778432
812137058,0,False,0.0,0.0,0.0
812137058,1,False,-0.22056967,-0.026999407544857468,-0.01483863754486947
812137058,2,True,0.12886336,0.0032226763205225467,0.002972951320515449
972111877,0,False,0.0,0.0,0.0
972111877,1,False,-0.041519344,-0.038121749941258776,-0.036556577441260174
972111877,10,True,0.04482138,-0.0007999951380859294,-0.0009493501381001579
1328298557,0,False,0.0,0.0,0.0
1328298557,1,False,-0.01760143,-0.028756860345238864,-0.02983422534523794
1328298557,40,True,0.06145837,-5.437531296993703e-05,0.00017114218703029316
622787529,0,False,0.0,0.0,0.0
622787529,1,False,-0.121443585,-0.018640019480256953,0.0442229480199785
622787529,18,True,0.023168862,0.004707682243315858,0.004657982243315928
1310757850,0,False,0.0,0.0,0.0
1310757850,1,False,0.053652108,-0.39196624166751565,-0.3711100291675109
1310757850,37,True,0.09686598,-0.3965149275404893,-0.37548390754048455
184174955,0,False,0.0,0.0,0.0
184174955,1,False,-0.12021315,-0.9790091224123492,-0.8659116024123712
184174955,716,True,0.20215696,0.13468772389443573,0.1301836738944253
108466605,0,False,0.0,0.0,0.0
108466605,1,False,-0.027558917,-0.4441144603434499,-0.4290379028434472
108466605,42,True,0.20021091,-0.008070051940635148,-0.007820026940635216
1305714274,0,False,0.0,0.0,0.0
1305714274,1,False,-0.045435607,-0.05741307842523077,-0.03722438842523346
1305714274,30,True,0.04740244,1.4550629804367622e-05,0.00011448062979546592
62692913,0,False,0.0,0.0,0.0
62692913,1,False,-0.10203704,-0.007173131720086309,-0.003273246856785761
62692913,36,True,0.07048105,-0.0007528388429902631,-0.0005776113430044916
1595688812,0,False,0.0,0.0,0.0
1595688812,1,False,-0.09608987,0.2700824253011227,0.26792665780112657
1595688812,30,True,0.0778371,-0.007009826249337436,-0.00690960624933723
1868123591,0,False,0.0,0.0,0.0
1868123591,1,False,-0.026821658,-0.11365050298358625,-0.10156139298358369
1868123591,1304,True,0.052401204,0.048756599947370215,0.04076379994738488
1732975416,0,False,0.0,0.0,0.0
1732975416,1,False,-0.035977475,-0.16461188467760832,-0.14495313967761092
1732975416,34,True,0.06540155,-0.0002907957542369888,-0.00014031575424411358
1091443677,0,False,0.0,0.0,0.0
1091443677,1,False,-0.029093526,-0.09007899056519439,-0.08832269056519504
1091443677,1304,True,0.1637488,0.24446980320676054,0.2364402032067625
1214128742,0,False,0.0,0.0,0.0
1214128742,1,False,-0.060752533,0.0666258821576545,0.08120002465764742
1214128742,942,True,0.06549382,-0.018473980851932914,-0.019621795851939794
143714254,0,False,0.0,0.0,0.0
143714254,1,False,0.0011774525,0.011463428063286353,0.015709178063287865
143714254,1304,True,0.10084203,-0.12666254638270977,-0.13465374638271754
973255982,0,False,0.0,0.0,0.0
973255982,1,False,0.0063389167,-0.04508782216809559,-0.03590025466809621
973255982,2,True,0.08987962,0.001040044333509793,0.0007944693335097952
393566556,0,False,0.0,0.0,0.0
393566556,1,False,-0.07493664,-0.8389463930595316,-0.823228668059528
393566556,2,True,0.065944694,0.012832837390160279,0.012583362390159891
40370012,0,False,0.0,0.0,0.0
40370012,1,False,-0.063365474,-0.15922860742122102,-0.15697601242122516
40370012,36,True,0.03668902,0.004197333900746114,0.004372386400746109
49610717,0,False,0.0,0.0,0.0
49610717,1,False,-0.03422405,-0.028599866856495126,-0.02877294185649859
49610717,1304,True,0.15067285,0.032746753031892284,0.02482915303188804
999759762,0,False,0.0,0.0,0.0
999759762,1,False,-0.0007085353,-0.02180722790695455,-0.02205716790695078
999759762,30,True,0.049500898,-0.002420487363963275,-0.002320527363963265
850021551,0,False,0.0,0.0,0.0
850021551,1,False,-0.100682884,-0.046973878909336804,-0.03946406140933334
850021551,2,True,0.02666606,0.0012079920927483626,0.0009577920927341665
1098556408,0,False,0.0,0.0,0.0
1098556408,1,False,-0.08736799,-0.07181827628025594,-0.06652041081979831
1098556408,36,True,0.08654399,-0.00023664700895430213,-6.208450894007456e-05
170852250,0,False,0.0,0.0,0.0
170852250,1,False,0.037261862,-0.05533348946920448,-0.04771458946920859
170852250,1284,True,0.06661187,-0.002145643601783251,-0.0013712636017828572
1234593384,0,False,0.0,0.0,0.0
1234593384,1,False,-0.008568879,-0.13046975599143662,-0.11407608378767264
1234593384,38,True,0.11123015,0.0019090277286458457,0.0021094877286529368
1837967416,0,False,0.0,0.0,0.0
1837967416,1,False,-0.038038667,0.2921670923542816,0.312458392354273
1837967416,1304,True,0.09817012,-0.17783634574330476,-0.18585154574332563
344306783,0,False,0.0,0.0,0.0
344306783,1,False,-0.09629548,-0.030874365316632513,-0.027077955316627822
344306783,1304,True,0.10961898,-0.008612902080775725,-0.01660650208077641
1585172970,0,False,0.0,0.0,0.0
1585172970,1,False,-0.07719279,0.09883478531132846,0.10195736835204627
1585172970,38,True,0.124843955,0.004652448810568283,0.004851948810568274
1040436492,0,False,0.0,0.0,0.0
1040436492,1,False,-0.14576663,-0.12380459530154064,-0.12365335030153801
1040436492,2,True,0.03970085,0.007862295210069425,0.007612120210069406
1342916180,0,False,0.0,0.0,0.0
1342916180,1,False,0.016790569,-0.14271081369595073,-0.13010794369594691
1342916180,40,True,0.10099279,-0.002383514235858475,-0.0021602692358584363
1887884251,0,False,0.0,0.0,0.0
1887884251,1,False,0.030919135,-0.02247372443575868,-0.02264944193575502
1887884251,37,True,0.11415604,-0.02726647711905894,-0.02726652961905529
1278813256,0,False,0.0,0.0,0.0
1278813256,1,False,-0.015637312,0.37931368532167925,0.423083695321651
1278813256,1304,True,0.053913258,-0.10983885526452802,-0.11787085526459151
1857437696,0,False,0.0,0.0,0.0
1857437696,1,False,-0.006760992,0.09735303117848099,0.10513109867848414
1857437696,40,True,0.0583544,0.004234821216235696,0.004458538716235694
1801689085,0,False,0.0,0.0,0.0
1801689085,1,False,0.011311665,-0.1847328095180627,-0.17796095089101982
1801689085,2,True,0.05341868,0.0037679115611437553,0.0035170115611435904
148195608,0,False,0.0,0.0,0.0
148195608,1,False,-0.045100033,0.2793616650387454,0.2931242100387408
148195608,36,True,0.065741725,0.004137329673294221,0.004312487173280033
2128470815,0,False,0.0,0.0,0.0
2128470815,1,False,-0.06149594,-0.18058106952862651,-0.16558439702885153
2128470815,30,True,0.030232627,-0.0007549767087966508,-0.0006548267090238369
1116931960,0,False,0.0,0.0,0.0
1116931960,1,False,-0.008929059,-0.2150185523315004,-0.19474586733150367
1116931960,36,True,0.08440686,-0.0014527542026694928,-0.001278069202669485
1788574220,0,False,0.0,0.0,0.0
1788574220,1,False,0.058147326,-0.047206616903066184,-0.04570826690306973
1788574220,213,True,0.093452856,-0.031071778872268807,-0.03107192887227228
1949671625,0,False,0.0,0.0,0.0
1949671625,1,False,0.08261809,-0.018949735542220125,-0.019124945542216665
1949671625,37,True,0.19948465,-0.028999999999999915,-0.028999999999996362
1543536405,0,False,0.0,0.0,0.0
1543536405,1,False,0.015910089,0.046502530069089276,0.047272312569106134
1543536405,908,True,0.0424132,0.005338169129255072,0.006439049129269847
2090659251,0,False,0.0,0.0,0.0
2090659251,1,False,0.011338279,-0.02515044809685868,-0.025325220596869258
2090659251,1304,True,0.11214218,0.1384207848487465,0.13043118484873162
1115278683,0,False,0.0,0.0,0.0
1115278683,1,False,-0.055362068,0.024111939987265907,0.06149000998725285
1115278683,38,True,0.06486167,0.0009938707165828564,0.0011946307165686676
305018079,0,False,0.0,0.0,0.0
305018079,1,False,-0.01353492,0.005695819389230861,0.0008621979473844021
305018079,40,True,0.10204927,0.0049513884574323985,0.005175533457418169
647194563,0,False,0.0,0.0,0.0
647194563,1,False,-0.054786317,0.04836075685885591,0.05441370185886285
647194563,30,True,0.05637287,0.0006755634124940603,0.000775623412494042
355009696,0,False,0.0,0.0,0.0
355009696,1,False,0.03672447,-0.045377558050129,-0.01578725805013903
355009696,1304,True,0.09894818,-0.010818976419819049,-0.01886857641983397
585109398,0,False,0.0,0.0,0.0
585109398,1,False,-0.109096274,-0.025052925282184724,-0.02530200028195395
585109398,1304,True,0.20451978,0.16956703751628233,0.16159423751651047
189117838,0,False,0.0,0.0,0.0
189117838,1,False,-0.028157324,0.10927485837934414,0.13972490587934772
189117838,954,True,0.11847016,0.011412223390223186,0.013721423390222753
347332237,0,False,0.0,0.0,0.0
347332237,1,False,0.06806092,-0.03123883745966491,-0.02948306245966137
347332237,255,True,0.13971937,-0.028999999999999998,-0.028999999999996362
2105883261,0,False,0.0,0.0,0.0
2105883261,1,False,-0.09630364,0.23495243128178708,0.24222672736178907
2105883261,2,True,0.10801708,-0.007741913834584335,-0.007993038834584354
1360008172,0,False,0.0,0.0,0.0
1360008172,1,False,-0.015334733,-0.8803231489670997,-0.8886063033288529
1360008172,30,True,0.061202023,-0.0007991523091078756,-0.0006989523091789351
448661343,0,False,0.0,0.0,0.0
448661343,1,False,-0.049543023,-0.04067371534602075,-0.044152280343194406
448661343,38,True,0.095293194,0.0031542784095996146,0.0033547984095960715
165098025,0,False,0.0,0.0,0.0
165098025,1,False,-0.029364873,0.3645585046861858,0.377109704686184
165098025,1304,True,0.047528304,-0.2068127179754341,-0.2148151179754123
1203469592,0,False,0.0,0.0,0.0
1203469592,1,False,-0.031012267,-0.02917736564304116,-0.029326930643037485
1203469592,1304,True,0.12124273,-0.019270404901925386,-0.02725200490192492
1928571175,0,False,0.0,0.0,0.0
1928571175,1,False,0.12695223,-0.023785442062824735,-0.023933327062877652
1928571175,35,True,0.14190987,-0.027099173410402244,-0.027099218410455705
128971466,0,False,0.0,0.0,0.0
128971466,1,False,-0.05707699,-0.0007337635926826236,-0.0020479710926792905
128971466,2,True,0.053933177,0.0020991749306266128,0.0018513249306408852
1362720181,0,False,0.0,0.0,0.0
1362720181,1,False,-0.03689175,0.25073014839542107,0.26140974089540947
1362720181,36,True,0.06501734,0.0037775577217017686,0.003952645221694695
1563898268,0,False,0.0,0.0,0.0
1563898268,1,False,0.07783416,-0.02797250875305468,-0.028148261253065243
1563898268,37,True,0.14864326,-0.029284180415647842,-0.029284162915658385
711236967,0,False,0.0,0.0,0.0
711236967,1,False,0.030473351,-0.06088925463188799,-0.05666805463189917
711236967,1041,True,0.10120301,-0.09510023952397961,-0.08777466452399096
340180887,0,False,0.0,0.0,0.0
340180887,1,False,0.029350393,-0.01269100457035599,-0.0049090070703528
340180887,37,True,0.069512874,-0.012764951567259375,-0.004808934067256132
2076788051,0,False,0.0,0.0,0.0
2076788051,1,False,-0.0115042925,-0.06228961287287588,-0.0543455853728787
2076788051,1304,True,0.079273686,0.023317581008393096,0.01529838100838532
309496301,0,False,0.0,0.0,0.0
309496301,1,False,-0.09219195,0.04259499479450346,0.040593924794507075
309496301,30,True,0.030440927,-0.004037167987212431,-0.003937107987212585
1300202225,0,False,0.0,0.0,0.0
1300202225,1,False,0.039906688,-0.023750996364178018,-0.02199907136417778
1300202225,255,True,0.10703723,-0.028334069763655736,-0.028334244763655647
560778947,0,False,0.0,0.0,0.0
560778947,1,False,-0.04640697,0.06381528844656481,0.06919566344656403
560778947,2,True,0.064138554,-0.004457615160312942,-0.0047078651603111865
1620195460,0,False,0.0,0.0,0.0
1620195460,1,False,-0.020628374,-0.020647129290826908,-0.021322111790823328
1620195460,30,True,0.055036627,-0.0012887135704000843,-0.0011887135704000684
550421257,0,False,0.0,0.0,0.0
550421257,1,False,-0.13558048,-0.031773346356481255,0.009522718643538042
550421257,128,True,0.21170571,0.0043900043084988405,0.003388104308484685
1591435826,0,False,0.0,0.0,0.0
1591435826,1,False,-0.1524949,0.26387461182047844,0.27711638432052155
1591435826,2,True,0.23864606,0.004968568652573335,0.00471924365260179
1930182554,0,False,0.0,0.0,0.0
1930182554,1,False,-0.049085498,-0.027107127918496843,-0.02875975791849328
1930182554,30,True,0.052245498,-0.00013219412808262998,-3.203412808261419e-05
132163396,0,False,0.0,0.0,0.0
132163396,1,False,0.040013425,0.3881037496240616,0.3842733846236115
132163396,753,True,0.117817156,0.1394908083601507,0.13924064335969888
1253963077,0,False,0.0,0.0,0.0
1253963077,1,False,-0.009973526,-0.11874419291275098,-0.11333313891720564
1253963077,40,True,0.123293445,-0.0007361982376312137,-0.0005100507376418761
1208356529,0,False,0.0,0.0,0.0
1208356529,1,False,0.011826381,-0.08857833840765736,-0.07276557840764042
1208356529,37,True,0.07882658,-0.08970327548215878,-0.07371591798214183
1945548133,0,False,0.0,0.0,0.0
1945548133,1,False,0.041288584,-0.0375555917563935,-0.03266937925637592
1945548133,1304,True,0.08546613,0.007378530601482802,-0.0006390693985025564
1506262025,0,False,0.0,0.0,0.0
1506262025,1,False,-0.11828075,0.04423679499061206,0.05693505249060138
1506262025,2,True,0.049866177,-0.0037233152849852624,-0.003973715285013668
1522351550,0,False,0.0,0.0,0.0
1522351550,1,False,-0.041870724,0.07327368584394647,0.07867826584394422
1522351550,1304,True,0.08488198,-0.15206845707842692,-0.16007485707844538
1490583004,0,False,0.0,0.0,0.0
1490583004,1,False,0.09633911,-0.025154908633258533,-0.02532982113325488
1490583004,37,True,0.16161616,-0.02945930680512676,-0.029459289305123093
705221822,0,False,0.0,0.0,0.0
705221822,1,False,-0.03892287,-0.001120457264842195,-0.006712427190819881
705221822,36,True,0.06812162,0.0003399974190274324,0.000515224919027446
1612192041,0,False,0.0,0.0,0.0
1612192041,1,False,-0.10372435,-0.12267103029697468,-0.10015373779697256
1612192041,36,True,0.10554877,-0.00034826567916845796,-0.0001723731791685168
1679820973,0,False,0.0,0.0,0.0
1679820973,1,False,0.026538558,-0.027998399900021953,-0.026755524900032412
1679820973,129,True,0.06675024,-0.029248774999993066,-0.029000000000003467
1159222558,0,False,0.0,0.0,0.0
1159222558,1,False,0.019145846,-0.05166748643041075,-0.054371426430407155
1159222558,37,True,0.08533007,-0.051056103913591944,-0.05358490391358828
2081518045,0,False,0.0,0.0,0.0
2081518045,1,False,-0.10540706,-0.036711505809227996,-0.034831278930084864
2081518045,2,True,0.03615892,-0.0010559906659144414,-0.0013040406659143855
1627803794,0,False,0.0,0.0,0.0
1627803794,1,False,-0.028336786,0.24069812504106222,0.26137608504105714
1627803794,30,True,0.05534412,0.0007359424725741359,0.0008360824725954785
98561248,0,False,0.0,0.0,0.0
98561248,1,False,-0.03689497,0.04492111333947327,0.059435723573514565
98561248,36,True,0.07409272,0.001353878615907772,0.0015292461158935566
27505586,0,False,0.0,0.0,0.0
27505586,1,False,-0.005898934,0.12087624513997429,0.13309237013996977
27505586,1304,True,0.07310484,-0.1255455893090172,-0.13352318930900964
1325318995,0,False,0.0,0.0,0.0
1325318995,1,False,-0.03751282,0.29917747520290094,0.3238330627029029
1325318995,30,True,0.06207906,0.00193743615303123,0.0020377761530454563
252621515,0,False,0.0,0.0,0.0
252621515,1,False,-0.03585574,-0.1244228603427963,-0.12869915784279584
252621515,36,True,0.035168365,0.004555245690885362,0.004730315690885334
299667695,0,False,0.0,0.0,0.0
299667695,1,False,0.016814142,-0.03655713205068904,-0.03673148455069253
299667695,37,True,0.08370089,-0.03071708933832734,-0.030717124338337953
1640144655,0,False,0.0,0.0,0.0
1640144655,1,False,-0.019746514,-0.23183809908935782,-0.21313396658936767
1640144655,1304,True,0.09944536,-0.0700274035281594,-0.07790260352817313
952068199,0,False,0.0,0.0,0.0
952068199,1,False,-0.058078416,-0.07002632669113185,-0.06217863419112746
952068199,1304,True,0.074375644,0.029701478117794,0.021677478117794635
1750611004,0,False,0.0,0.0,0.0
1750611004,1,False,-0.06448433,-0.06134270160237998,-0.053603011602262995
1750611004,30,True,0.0047282726,-0.00023676627242297243,-0.00013655627230946266
13193666,0,False,0.0,0.0,0.0
13193666,1,False,-0.01818633,-0.027450876144791914,0.000800673855195555
13193666,1304,True,0.06644452,-0.022533904596529375,-0.030533104596543126
2016636818,0,False,0.0,0.0,0.0
2016636818,1,False,-0.055064723,-0.3705994594992343,-0.35047935949923215
2016636818,1304,True,0.13291663,0.1419139929139519,0.13390599291395233
2009550305,0,False,0.0,0.0,0.0
2009550305,1,False,-0.03857731,0.24773751883291695,0.2666548413329082
2009550305,38,True,0.077996336,0.0021325317201291716,0.0023335717201149464
1091873052,0,False,0.0,0.0,0.0
1091873052,1,False,0.013590977,-0.1731009221683899,-0.15726089716827119
1091873052,37,True,0.058376513,-0.17488150149100756,-0.15886630149088887
1154102622,0,False,0.0,0.0,0.0
1154102622,1,False,0.030860126,0.5341085136037599,0.5649325636037261
1154102622,255,True,0.05072686,0.5089539946699124,0.5380208696698787
2105566449,0,False,0.0,0.0,0.0
2105566449,1,False,-0.061274514,0.00185269507027086,0.0011997100702672014
2105566449,34,True,0.06340401,0.004179672379458044,0.004330347379450927
1906924773,0,False,0.0,0.0,0.0
1906924773,1,False,-0.0034154356,0.027586161930205577,0.05104455693020782
1906924773,43,True,0.03328082,0.027740784137753827,0.051447129137756065
1389446225,0,False,0.0,0.0,0.0
1389446225,1,False,-0.10783039,0.014345482364669773,0.007261737364672172
1389446225,2,True,0.08300132,0.001350483998152777,0.0011003339981527915
782271506,0,False,0.0,0.0,0.0
782271506,1,False,-0.031033069,0.08694403162482209,0.10140623912482738
782271506,38,True,0.0683963,0.001387115784474341,0.0015879757844814435
1169629586,0,False,0.0,0.0,0.0
1169629586,1,False,-0.023079135,0.08668832470482624,0.08214832220483004
1169629586,38,True,0.11094797,-0.0045342401665093846,-0.0043347001665097196
1587517599,0,False,0.0,0.0,0.0
1587517599,1,False,-0.008214742,0.11322598558947161,0.11606780691809604
1587517599,2,True,0.095811576,-0.0049526753912081944,-0.0052040253912082335
1051226212,0,False,0.0,0.0,0.0
1051226212,1,False,-0.1036399,0.09416348397205958,0.11728634397204019
1051226212,30,True,0.05182722,0.0004915557338218413,0.0005916657338111975
1319128787,0,False,0.0,0.0,0.0
1319128787,1,False,-0.03474687,-0.0838877847619088,-0.06737730976190903
1319128787,2,True,0.053940654,0.0011057664025966515,0.000855966402596664
291350301,0,False,0.0,0.0,0.0
291350301,1,False,-0.0019268431,-0.25037039324583654,-0.23490518824583262
291350301,40,True,0.08094916,-0.003360859672677907,-0.003136714672677954
1678976626,0,False,0.0,0.0,0.0
1678976626,1,False,-0.04244457,-0.06510426016392609,-0.0650082251639219
1678976626,30,True,0.035911027,-7.388357242527066e-05,2.6346427560497432e-05
1774124647,0,False,0.0,0.0,0.0
1774124647,1,False,0.0076174736,-1.2253329166120752,-1.1865673916120762
1774124647,1052,True,0.12316179,0.2107686902055863,0.20426739020561158
1897890314,0,False,0.0,0.0,0.0
1897890314,1,False,0.0026045032,-0.04405740231979549,-0.044956287319791954
1897890314,36,True,0.07703696,0.0030923904775645994,0.0032671804775645796
948715238,0,False,0.0,0.0,0.0
948715238,1,False,-0.1074659,0.27758011151249423,0.29656213651247754
948715238,30,True,0.06928945,0.002308204768306274,0.002408354768284937
1658029852,0,False,0.0,0.0,0.0
1658029852,1,False,-0.029896036,0.12604192125086489,0.13802006082248397
1658029852,36,True,0.06254355,0.0026657283846145408,0.0028413583846216284
314660207,0,False,0.0,0.0,0.0
314660207,1,False,-0.060230896,0.07990447613220117,0.08103391889590306
314660207,1304,True,0.09356576,-0.17361116544936528,-0.18163276544937013
96207494,0,False,0.0,0.0,0.0
96207494,1,False,-0.05739075,-0.700471081268101,-0.6855233087678698
96207494,38,True,0.049775124,-0.009202429986626015,-0.009002469986398864
1423624926,0,False,0.0,0.0,0.0
1423624926,1,False,-0.034044906,-0.21189769761993418,-0.1889119826199419
1423624926,30,True,0.016284913,-0.0012285068441666505,-0.0011285768441737787
246773784,0,False,0.0,0.0,0.0
246773784,1,False,-0.12507313,-0.01742665343525318,-0.01667422843524946
246773784,2,True,0.07867575,-0.004952498553581708,-0.005203298553581703
854507482,0,False,0.0,0.0,0.0
854507482,1,False,-0.007637292,0.07664673802635391,0.08444127302635707
854507482,1304,True,0.05171507,-0.1089649384278562,-0.11693453842785573
1214829900,0,False,0.0,0.0,0.0
1214829900,1,False,-0.07311093,-0.382003595580124,-0.3261014455801359
1214829900,18,True,0.012277573,0.0011412467532362358,0.0010915367532433606
691948272,0,False,0.0,0.0,0.0
691948272,1,False,-0.18173209,0.18481716973181167,0.24540543723180264
691948272,1052,True,0.24672095,0.10942665083918024,0.10297930083918772
633146973,0,False,0.0,0.0,0.0
633146973,1,False,-0.016168095,0.12348841125196602,0.1357579612519686
633146973,1304,True,0.06918525,-0.11569389230053542,-0.12370589230053497
27885163,0,False,0.0,0.0,0.0
27885163,1,False,-0.011307791,-0.026046942553737823,-0.013807167553736122
27885163,1304,True,0.042902432,-0.014987971494569152,-0.022981571494568698
1774174458,0,False,0.0,0.0,0.0
1774174458,1,False,0.007211916,0.0449025683984451,0.057025538398448816
1774174458,1041,True,0.06433557,0.06311437893590721,0.07836828643591076
758069679,0,False,0.0,0.0,0.0
758069679,1,False,-0.015874118,-0.015361120847279586,-0.015611345847290181
758069679,1304,True,0.13218497,0.3611912096216423,0.35318400962162855
1542213685,0,False,0.0,0.0,0.0
1542213685,1,False,0.14663988,0.22917181251738317,0.22576947501738687
1542213685,461,True,0.2835203,0.12567368511785304,0.1247639201178572
208720620,0,False,0.0,0.0,0.0
208720620,1,False,0.026746243,-0.028065643336912416,-0.02823791333690906
208720620,37,True,0.14444193,-0.028999999999999915,-0.028999999999996362
531987695,0,False,0.0,0.0,0.0
531987695,1,False,-0.06615814,-0.3316569551902362,-0.27611423519023504
531987695,30,True,0.014727596,-0.0016558312291503202,-0.0015559512291360988
236300404,0,False,0.0,0.0,0.0
236300404,1,False,-0.093374304,0.28382830294725037,0.3036466904472732
236300404,30,True,0.056307293,0.0013799571834784974,0.0014803171834909534
2007988113,0,False,0.0,0.0,0.0
2007988113,1,False,-0.07553137,-0.016521625182936373,-0.0023354401829323024
2007988113,36,True,0.061925694,0.0004455119187290746,0.0006210894187290705
1574456570,0,False,0.0,0.0,0.0
1574456570,1,False,-0.029323034,-0.017048631212561283,-0.017223718712557456
1574456570,1304,True,0.06944415,0.434148160439662,0.4261441604396623
1426943883,0,False,0.0,0.0,0.0
1426943883,1,False,-0.026676133,0.0555856587545035,0.06787730875450038
1426943883,1304,True,0.10713584,-0.07075568888112127,-0.07878288888112195
1454871125,0,False,0.0,0.0,0.0
1454871125,1,False,-0.035146214,-0.024386437547757406,-0.0240612175477537
1454871125,2,True,0.028095802,-0.0030564281666493054,-0.0033066031666635354
784106471,0,False,0.0,0.0,0.0
784106471,1,False,0.053071618,-0.013069081833328555,-0.013320131833324922
784106471,43,True,0.23360896,-0.027573907439512657,-0.027573932439509008
1098821910,0,False,0.0,0.0,0.0
1098821910,1,False,0.0018077716,0.011437600154686756,0.013191975154676072
1098821910,1052,True,0.09304725,-0.12916032070926622,-0.13567787070927295
976007813,0,False,0.0,0.0,0.0
976007813,1,False,-0.018208325,-0.026814929555599498,-0.026990017055595672
976007813,30,True,0.016103372,-0.0012511107250783304,-0.0011510607250784233
321034198,0,False,0.0,0.0,0.0
321034198,1,False,-0.05696149,-0.21465084247384822,-0.169628842473859
321034198,30,True,0.020165369,-0.001675747374318859,-0.0015755873743259485
1048820412,0,False,0.0,0.0,0.0
1048820412,1,False,-0.21473618,-1.0282860622246783,-1.0160382972321713
1048820412,2,True,0.025118798,0.013250915755001591,0.013000540755001566
1454997937,0,False,0.0,0.0,0.0
1454997937,1,False,-0.11158493,-1.0023068479179207,-0.9668415529179128
1454997937,1052,True,0.090580545,0.2015416019284224,0.19502080192842186
1589778219,0,False,0.0,0.0,0.0
1589778219,1,False,0.008558005,-0.20586604771079936,-0.19264789771079904
1589778219,43,True,0.08945896,-0.20823855282961784,-0.19477227782961748
1697131068,0,False,0.0,0.0,0.0
1697131068,1,False,-0.045651324,0.07992757790259368,0.10091979540257512
1697131068,1052,True,0.048303053,-0.05321716671438757,-0.05973016671442366
25689869,0,False,0.0,0.0,0.0
25689869,1,False,0.0069285836,-0.05733205529917841,-0.03464744029918165
25689869,1328,True,0.08688761,0.001663185598468217,0.003265745598476144
1320892706,0,False,0.0,0.0,0.0
1320892706,1,False,0.025867224,-0.633009608619477,-0.5673158286194742
1320892706,1052,True,0.17901662,0.06372520131433135,0.05720570131434144
505096289,0,False,0.0,0.0,0.0
505096289,1,False,-0.0994401,-0.08101096670524877,-0.08030857170479067
505096289,26,True,0.016041875,-0.00289640620620224,-0.0028462262052926235
1284139158,0,False,0.0,0.0,0.0
1284139158,1,False,-0.08100628,-0.041009624818453716,-0.04349105981845014
1284139158,1304,True,0.12083051,-0.045589366701342504,-0.05361096670134202
1587740934,0,False,0.0,0.0,0.0
1587740934,1,False,-0.0054664984,-0.030595812156351654,-0.02911366215634814
1587740934,36,True,0.049268574,-0.0004046928230430069,-0.00023184532304298955
1555643479,0,False,0.0,0.0,0.0
1555643479,1,False,-0.010347076,0.0007435551859875586,0.006549687250306135
1555643479,36,True,0.058748215,0.0012084031191144538,0.0013833681191144365
1781827864,0,False,0.0,0.0,0.0
1781827864,1,False,-0.14016142,-0.37714040393347603,-0.36142799143350146
1781827864,908,True,0.055162437,-0.010322947810512628,-0.009219757810527085
235227485,0,False,0.0,0.0,0.0
235227485,1,False,-0.12071705,-1.0301869848033145,-0.9797551048033242
235227485,12,True,0.036338225,0.004563429456422852,0.0044382794564086225
232651179,0,False,0.0,0.0,0.0
232651179,1,False,-0.06702526,0.06461522411951812,0.08467902411950945
232651179,30,True,0.06070847,0.001150642041381933,0.0012504420413534945
1972719502,0,False,0.0,0.0,0.0
1972719502,1,False,-0.039299935,0.06356439032208051,0.0660897392084091
1972719502,38,True,0.0792627,0.004941952757787915,0.005142452757784355
1309874069,0,False,0.0,0.0,0.0
1309874069,1,False,-0.16384716,0.12203682627761836,0.11806967606935359
1309874069,30,True,0.07762101,-0.0031213745670388704,-0.003021604567038594
1226278649,0,False,0.0,0.0,0.0
1226278649,1,False,-0.04895933,0.05984355568333846,0.07238781568334218
1226278649,30,True,0.048678763,0.001708922553974146,0.0018090625539741723
1689844289,0,False,0.0,0.0,0.0
1689844289,1,False,0.07823694,-0.9364341120436245,-0.9165345120436257
1689844289,1315,True,0.10466233,-0.7271059375341007,-0.7111863375341017
313406693,0,False,0.0,0.0,0.0
313406693,1,False,-0.23848006,-1.6154001250115508,-1.5923146609693504
313406693,2,True,0.08709726,0.01169853229559581,0.011447932296050567
1235667912,0,False,0.0,0.0,0.0
1235667912,1,False,-0.114468314,-0.061103375660937875,-0.05620781457508173
1235667912,2,True,0.08653318,-0.0034892381354215407,-0.003740113135421552
368153305,0,False,0.0,0.0,0.0
368153305,1,False,0.017623357,0.04648585535873445,0.05138133035873693
368153305,1304,True,0.094716564,-0.1162651227272612,-0.12429872272726072
14830513,0,False,0.0,0.0,0.0
14830513,1,False,-0.09036234,-0.09764041907874721,-0.029813626578743424
14830513,2,True,0.088333756,-0.0014278332579307218,-0.0016784082579306414
1920499309,0,False,0.0,0.0,0.0
1920499309,1,False,-0.37975967,-0.26723126731342095,-0.23958943458978865
1920499309,12,True,0.11270964,0.001423352446663806,0.001298777446436361
1011110438,0,False,0.0,0.0,0.0
1011110438,1,False,-0.036449477,-0.038024699377194326,-0.03777477437719767
1011110438,1304,True,0.21960321,0.22837742405614872,0.22037822405615515
2014668134,0,False,0.0,0.0,0.0
2014668134,1,False,0.033498034,0.07363865072427594,0.0814494157242649
2014668134,35,True,0.060322598,0.07544612311705245,0.08340613811704145
1956515432,0,False,0.0,0.0,0.0
1956515432,1,False,-0.122280866,-0.2225779358291885,-0.20483240477688014
1956515432,30,True,0.05016657,-0.0028503345436290406,-0.0027501845434017014
581458204,0,False,0.0,0.0,0.0
581458204,1,False,-0.013909742,0.012853875260382175,0.01685243026038563
581458204,40,True,0.12091139,0.0023199265954731985,0.0025422715954732666
442737065,0,False,0.0,0.0,0.0
442737065,1,False,-0.16101691,0.03944993436420319,0.037429819364206196
442737065,30,True,0.05880879,-0.0037340896929922707,-0.003634319692991994
1650295607,0,False,0.0,0.0,0.0
1650295607,1,False,-0.0540406,-0.030669065084277976,-0.03416830258427783
1650295607,38,True,0.07005815,0.0027417592165993963,0.002941799216600316
1017350604,0,False,0.0,0.0,0.0
1017350604,1,False,-0.12085131,-0.031936078155711645,-0.004360670655728427
1017350604,2,True,0.14360863,0.0022885647093932593,0.0020390647093790903
2111809104,0,False,0.0,0.0,0.0
2111809104,1,False,0.039040036,-0.029159269341609895,-0.029308924341606257
2111809104,37,True,0.07362131,-0.028794583569307308,-0.028769606069303677
1225187124,0,False,0.0,0.0,0.0
1225187124,1,False,-0.028865632,0.014676257614753774,0.021445687614750852
1225187124,30,True,0.06123369,0.0007481068889408082,0.0008483968889407834
1400294475,0,False,0.0,0.0,0.0
1400294475,1,False,-0.086966574,-0.13294281098605615,-0.05348898098606725
1400294475,128,True,0.2869444,0.015468010784425574,0.014466710784422077
1834119227,0,False,0.0,0.0,0.0
1834119227,1,False,-0.12376998,-0.031978446495510224,-0.030725371495510245
1834119227,2,True,0.10408829,0.000843029105536422,0.000592454105536433
963785061,0,False,0.0,0.0,0.0
963785061,1,False,-0.04362285,-0.02708420201523165,-0.020039849515114838
963785061,36,True,0.07038954,0.00016786758284713377,0.0003427275830745202
1363013567,0,False,0.0,0.0,0.0
1363013567,1,False,-0.06286816,0.07739226562494321,0.07821331562493938
1363013567,2,True,0.058735702,-0.005363060004644732,-0.005611810004648277
10530760,0,False,0.0,0.0,0.0
10530760,1,False,0.047508538,-1.4147547883820664,-1.3697842133820473
10530760,2,True,0.14091223,0.014840454106004097,0.01459072910603254
2056230419,0,False,0.0,0.0,0.0
2056230419,1,False,-0.06266649,-0.22329442141241382,-0.2259253639123706
2056230419,2,True,0.043437213,0.0003413291368712934,9.097913688993486e-05
304607080,0,False,0.0,0.0,0.0
304607080,1,False,0.040329434,0.17403750876615007,0.171428148765699
304607080,543,True,0.14098367,-0.029000000000000026,-0.02900000000045111
521506701,0,False,0.0,0.0,0.0
521506701,1,False,-0.00688608,-0.31060823021202233,-0.3027777527120179
521506701,1043,True,0.07634236,-0.418997259875574,-0.40741415737556963
955544638,0,False,0.0,0.0,0.0
955544638,1,False,0.0011387095,-0.1539524698217225,-0.14612364982172465
955544638,36,True,0.087148644,-0.002162815580725161,-0.001988253080725144
16976993,0,False,0.0,0.0,0.0
16976993,1,False,-0.05998732,-0.14589419788450486,-0.14974520038450123
16976993,30,True,0.054220073,0.002680789916836235,0.0027808199168646297
611207530,0,False,0.0,0.0,0.0
611207530,1,False,0.0027148798,-0.013311921808380589,-0.013562121808377015
611207530,43,True,0.12307149,-0.028999999999999915,-0.028999999999996362
367143056,0,False,0.0,0.0,0.0
367143056,1,False,-0.015865806,-0.8236124834265214,-0.7754780834265276
367143056,1304,True,0.10196391,0.13518849966346858,0.12716849966344768
1001315917,0,False,0.0,0.0,0.0
1001315917,1,False,-0.08893942,0.07004779786488013,0.07300716286488296
1001315917,30,True,0.032938324,0.0013854015169950107,0.0014857515169950375
1019993234,0,False,0.0,0.0,0.0
1019993234,1,False,0.24243896,-0.02481941704764168,-0.024819417047638126
1019993234,37,True,0.38469097,-0.03440275369003487,-0.03422854118980467
533029710,0,False,0.0,0.0,0.0
533029710,1,False,-0.10382134,-0.15081289418651356,-0.14598581511663156
533029710,2,True,0.055796683,0.0013946489888728986,0.0011456739888586753
1748932666,0,False,0.0,0.0,0.0
1748932666,1,False,-0.060002558,-0.24418578342099256,-0.1955912684209693
1748932666,12,True,0.025889114,0.0003242406785768995,0.00019946567860529285
59652648,0,False,0.0,0.0,0.0
59652648,1,False,0.015414,-0.022958552534237196,-0.010703652534232333
59652648,1043,True,0.05799891,-0.02811071781614364,-0.012104317816131527
1751017629,0,False,0.0,0.0,0.0
1751017629,1,False,-0.06649259,0.0736084604073759,0.08221313540737185
1751017629,30,True,0.071408235,0.00030834399827472936,0.0004090439982888938
275239865,0,False,0.0,0.0,0.0
275239865,1,False,-0.07002119,-0.0858114014373913,-0.08406332643738779
275239865,1014,True,0.056231275,0.14814074045732784,0.14314574045732797
1596634743,0,False,0.0,0.0,0.0
1596634743,1,False,-0.026009388,0.2662076512795636,0.2816472337795801
1596634743,36,True,0.08258377,0.002716690127403429,0.0028921976274034478
1076934092,0,False,0.0,0.0,0.0
1076934092,1,False,-0.08969377,-0.3681575143063388,-0.3330754718063389
1076934092,1304,True,0.09284252,0.2009934163871681,0.1929886163871899
406445930,0,False,0.0,0.0,0.0
406445930,1,False,-0.023326665,-0.46482091656731134,-0.44781032406730503
406445930,30,True,0.025486141,-0.002043669876101384,-0.0019436198761155765
300159126,0,False,0.0,0.0,0.0
300159126,1,False,-0.070112646,-0.030850075405094244,-0.031000610405094164
300159126,2,True,0.01484607,-0.0006860670623916459,-0.0009369170623934053
1018172969,0,False,0.0,0.0,0.0
1018172969,1,False,-0.09509428,-0.23664929831113793,-0.2229287483111264
1018172969,568,True,0.01620382,2.892130979148533e-14,2.842170943040401e-14
1539081023,0,False,0.0,0.0,0.0
1539081023,1,False,0.012942761,-0.2356365948084148,-0.21966059480841693
1539081023,1304,True,0.083232,0.08376909762141663,0.07578109762141239
1332612628,0,False,0.0,0.0,0.0
1332612628,1,False,-0.04108755,-0.01398512502939675,-0.014236100029393128
1332612628,43,True,0.0018986068,-0.027657330549767156,-0.02765735554976345
640512054,0,False,0.0,0.0,0.0
640512054,1,False,0.04189259,-0.06454129631387462,-0.047480708813871786
640512054,2,True,0.0869064,0.002149905933232832,0.0019039059332328634
774155960,0,False,0.0,0.0,0.0
774155960,1,False,0.04217183,0.1489447778975146,0.1451992778975182
774155960,919,True,0.130946,0.01133663584829847,0.011435745847848011
1996393929,0,False,0.0,0.0,0.0
1996393929,1,False,0.08425135,-0.026133388462049156,-0.02630893096204545
1996393929,37,True,0.26041615,-0.028663161370264367,-0.02866317887014702
1686562156,0,False,0.0,0.0,0.0
1686562156,1,False,-0.09393382,0.0026636720010156933,0.008091732001020091
1686562156,1304,True,0.15030397,-0.052246118348466375,-0.06028691834846711
585639425,0,False,0.0,0.0,0.0
585639425,1,False,-0.055974185,-0.6235961180410137,-0.5924982480407834
585639425,2,True,0.099393696,0.004584244754646027,0.0043338697546460025
1458025831,0,False,0.0,0.0,0.0
1458025831,1,False,0.036485866,-0.0006818149504237841,0.0008174350495773197
1458025831,255,True,0.08044551,-0.03377263500826346,-0.034022510008263396
8154664,0,False,0.0,0.0,0.0
8154664,1,False,-0.046575114,-0.03301364083612879,-0.03346205583612516
8154664,30,True,0.013386056,0.0007867336163533412,0.0008863736163533531
380402457,0,False,0.0,0.0,0.0
380402457,1,False,-0.08628358,0.07969192261316038,0.10801651761315156
380402457,30,True,0.047689334,0.00033537345108689,0.0004355934510726911
575823438,0,False,0.0,0.0,0.0
575823438,1,False,-0.022428818,0.39805321085590634,0.421988605855919
575823438,30,True,0.051537726,0.0015144346380230878,0.0016146246380230878
1440255556,0,False,0.0,0.0,0.0
1440255556,1,False,0.0045932084,-0.20373446592972227,-0.17202015092970324
1440255556,12,True,0.04015991,0.0011229870688723165,0.0009980245688918643
143017005,0,False,0.0,0.0,0.0
143017005,1,False,-0.0029149055,0.1144667782037185,0.1092810891775966
143017005,38,True,0.05990752,0.004058093706791832,0.004257793706791357
1950369986,0,False,0.0,0.0,0.0
1950369986,1,False,-0.028022595,-0.1169872823956899,-0.11570905239568674
1950369986,30,True,0.010395184,-0.0047070027944002835,-0.004606732794400159
2106034177,0,False,0.0,0.0,0.0
2106034177,1,False,-0.061876282,-0.09464942914863128,-0.08588171414885437
2106034177,30,True,0.013076622,-0.0005458354344107796,-0.0004456454346382088
709864857,0,False,0.0,0.0,0.0
709864857,1,False,0.14759776,-0.020727722938572057,-0.02097747293851171
709864857,501,True,0.22676526,-0.11969454651465794,-0.11754621651459729
1855882550,0,False,0.0,0.0,0.0
1855882550,1,False,-0.08165735,-0.10884359287709322,-0.04597582787710053
1855882550,1052,True,0.19872466,0.11286358120242088,0.10639413120242125
2025626281,0,False,0.0,0.0,0.0
2025626281,1,False,-0.034653306,-2.4537242499171126,-2.352871399917113
2025626281,170,True,0.14077806,0.044986019060745175,0.043741519060706224
1617226254,0,False,0.0,0.0,0.0
1617226254,1,False,-0.014701009,-0.22904311659891974,-0.21336401659891635
1617226254,1304,True,0.05815959,0.12489985976117524,0.11693745976117498
1480691453,0,False,0.0,0.0,0.0
1480691453,1,False,-0.074787855,-0.20479363634735565,-0.18285898134735135
1480691453,36,True,0.01307754,-0.002456781780084877,-0.0022817467801132807
483756101,0,False,0.0,0.0,0.0
483756101,1,False,0.0057587177,0.1522254008171273,0.21132254331713796
483756101,1052,True,0.094071165,-0.08376286950145062,-0.09026611950146446
1042697292,0,False,0.0,0.0,0.0
1042697292,1,False,-0.0337931,0.03363665393644354,0.03623198643644798
1042697292,30,True,0.036937773,0.001397759928323597,0.0014975899283307115
680634381,0,False,0.0,0.0,0.0
680634381,1,False,-0.17151944,0.09998832300104585,0.11161314300105518
680634381,2,True,0.15483752,0.0029882583116093153,0.002738258311620445
315464623,0,False,0.0,0.0,0.0
315464623,1,False,-0.021047391,0.008250230978242595,0.025413465978246563
315464623,38,True,0.07997388,0.001202862846972394,0.001402682846972425
2035422373,0,False,0.0,0.0,0.0
2035422373,1,False,-0.086714074,-0.0036383446634379035,0.00275448283655777
2035422373,30,True,0.0075795576,0.0013465032718214115,0.0014467532718214215
1849474977,0,False,0.0,0.0,0.0
1849474977,1,False,0.14948687,-0.027715600000963292,-0.027888325000958503
1849474977,37,True,0.20356452,-0.028999999999999915,-0.028999999999996362
2137059744,0,False,0.0,0.0,0.0
2137059744,1,False,0.04261539,0.21688850037326585,0.22980470037325773
2137059744,1304,True,0.08719262,-0.1694850876105632,-0.17751068761056388
1629303167,0,False,0.0,0.0,0.0
1629303167,1,False,-0.030370496,-0.8955045072512883,-0.8609987822512579
1629303167,946,True,0.048027113,0.0,0.0
1646015141,0,False,0.0,0.0,0.0
1646015141,1,False,-0.041508615,-0.0015888455762597675,-0.002353232640679437
1646015141,40,True,0.07621379,0.0020845949880247128,0.002310809988024687
80464434,0,False,0.0,0.0,0.0
80464434,1,False,-0.015407026,-0.03653786089465316,-0.034540500894649995
80464434,40,True,0.08492856,-0.0031533913559878,-0.0029287063559877424
2000182436,0,False,0.0,0.0,0.0
2000182436,1,False,-0.00023775548,-0.01979674857180097,-0.011978773571783563
2000182436,1304,True,0.060322348,-0.027065615999146433,-0.03505601599913177
1939813995,0,False,0.0,0.0,0.0
1939813995,1,False,0.10917455,-0.021710325990596857,-0.021956925990593845
1939813995,43,True,0.27330253,-0.0258683948846663,-0.025868494884775828
1007505980,0,False,0.0,0.0,0.0
1007505980,1,False,-0.055793863,0.5360483761762286,0.5591418161762327
1007505980,1308,True,0.30340934,0.21877875619935827,0.21241139619935723
1035732104,0,False,0.0,0.0,0.0
1035732104,1,False,-0.11985995,0.27858023773392077,0.2991273152339069
1035732104,2,True,0.07780352,0.003811060142935363,0.003561660142928247
859857735,0,False,0.0,0.0,0.0
859857735,1,False,0.02482082,-0.11793230781429649,-0.10292330781429371
859857735,255,True,0.07522077,-0.10523812190263675,-0.09198017190261965
375282510,0,False,0.0,0.0,0.0
375282510,1,False,-0.06997243,-0.0038026071385790505,-0.00465292213812063
375282510,30,True,0.016907543,-0.0037991060133744092,-0.0036990560129197547
632241894,0,False,0.0,0.0,0.0
632241894,1,False,-0.05862602,-0.0876409092233458,-0.04981295922333118
632241894,30,True,0.025866702,0.00022504562129505024,0.0003253856212950268
1068226892,0,False,0.0,0.0,0.0
1068226892,1,False,0.00624153,0.06468241343583891,0.0726894134358318
1068226892,1304,True,0.06599094,-0.12082889553060228,-0.12883609553061603
1631707247,0,False,0.0,0.0,0.0
1631707247,1,False,0.062194526,-1.2498634172304968,-1.23705380723095
1631707247,37,True,0.1933915,-1.2664400926921182,-1.2534556926925688
353919065,0,False,0.0,0.0,0.0
353919065,1,False,-0.50921005,-4.639417966263768,-4.525969227343012
353919065,2,True,0.41686195,0.01650671509575119,0.016257040095752018
212056427,0,False,0.0,0.0,0.0
212056427,1,False,0.03943527,0.0137073526348368,0.009963727634840325
212056427,1043,True,0.117628455,-0.03700498029853816,-0.03700460529853444
1564259776,0,False,0.0,0.0,0.0
1564259776,1,False,0.01561854,-0.10513270984802736,-0.09742608484802417
1564259776,1304,True,0.11868705,0.0805699040420711,0.07261630404208574
720635428,0,False,0.0,0.0,0.0
720635428,1,False,0.034575164,-0.026055166051668,-0.0262312335516679
720635428,43,True,0.14642912,-0.029691987496152983,-0.0296165549961529
1302841883,0,False,0.0,0.0,0.0
1302841883,1,False,-0.084228285,0.25078464033920184,0.2562202076308644
1302841883,2,True,0.03617452,-0.007014757262386512,-0.0072653072623865
1851841124,0,False,0.0,0.0,0.0
1851841124,1,False,-0.06552048,-0.07845510777911002,-0.06778742527922077
1851841124,1304,True,0.08443491,0.02393090241557294,0.015917302415346057
1083612350,0,False,0.0,0.0,0.0
1083612350,1,False,-0.039316267,0.19137960542138516,0.2101554279213751
1083612350,30,True,0.034473285,0.0016701125651862048,0.001770242565168445
1126768096,0,False,0.0,0.0,0.0
1126768096,1,False,-0.085474506,0.053358111143498116,0.06499623864349502
1126768096,16,True,0.009284347,0.0010182796659335691,0.0009432271659335356
206236687,0,False,0.0,0.0,0.0
206236687,1,False,0.022350699,-2.070750143821661,-2.0263690438214326
206236687,42,True,0.2832881,-0.003966091374466796,-0.0037155663742396428
492166882,0,False,0.0,0.0,0.0
492166882,1,False,0.06280117,-0.02531035873125312,-0.02505918373125482
492166882,35,True,0.08289456,-0.02204645468689695,-0.02164458968689864
662415085,0,False,0.0,0.0,0.0
662415085,1,False,-0.042627066,-1.0411609422718269,-1.021134254772278
662415085,2,True,0.10480192,0.0097306912394588,0.009479991239459196
1639197320,0,False,0.0,0.0,0.0
1639197320,1,False,-0.05280201,-0.06628837306890159,-0.0698373080688981
1639197320,30,True,0.0260427,0.0010138182866165635,0.0011137882866023574
1537941840,0,False,0.0,0.0,0.0
1537941840,1,False,-0.053952575,0.009159943123299041,0.016265013123302197
1537941840,1304,True,0.05455987,-0.0456876979940824,-0.05369649799408194
1426879016,0,False,0.0,0.0,0.0
1426879016,1,False,-0.22776634,-0.19682260796483375,-0.1889478354648304
1426879016,2,True,0.23221567,0.006067380635431663,0.0058174306354317196
625355421,0,False,0.0,0.0,0.0
625355421,1,False,-0.06691464,-0.2892085419867515,-0.2825461044867552
625355421,906,True,0.020926228,-0.014052128785918827,-0.01350069878591853
213887346,0,False,0.0,0.0,0.0
213887346,1,False,-0.061369583,0.030278343997609217,0.036727584496752286
213887346,40,True,0.10046994,0.003907535719241191,0.004132873219241162
1511767794,0,False,0.0,0.0,0.0
1511767794,1,False,-0.09556718,-0.3639125039970006,-0.35731646399699457
1511767794,2,True,0.083544925,0.006642963014689585,0.006392138014689408
2080458893,0,False,0.0,0.0,0.0
2080458893,1,False,-0.027844474,-0.008178253077245349,-0.008078013077245316
2080458893,2,True,0.057874393,-0.00443025867481887,-0.004680408674818892
575731441,0,False,0.0,0.0,0.0
575731441,1,False,0.36577246,0.08078781750961639,0.07840221750961973
575731441,37,True,0.5076475,0.0680973065179451,0.0658857090179481
1366938618,0,False,0.0,0.0,0.0
1366938618,1,False,-0.02909118,0.09661073396270213,0.09216879703877012
1366938618,38,True,0.08955839,0.0043731323430578825,0.004573732343056136
1462202191,0,False,0.0,0.0,0.0
1462202191,1,False,0.01592384,-0.175272975638824,-0.15949152063883076
1462202191,43,True,0.08204788,-0.1774520365064728,-0.16142130650647601
820475835,0,False,0.0,0.0,0.0
820475835,1,False,-0.7337078,-9.492482844505576,-9.330191218583423
820475835,506,True,0.5838731,0.20241948462657255,0.19916590962702685
1836101026,0,False,0.0,0.0,0.0
1836101026,1,False,-0.06033093,-0.0841614802102543,-0.08888676021024366
1836101026,2,True,0.021302614,-0.002072598878291365,-0.0023225238782771385
1562370778,0,False,0.0,0.0,0.0
1562370778,1,False,-0.20921761,0.38308153051627436,0.41397794801626375
1562370778,2,True,0.26965028,0.007648369747100481,0.007397894747104061
1962472475,0,False,0.0,0.0,0.0
1962472475,1,False,-0.0573453,-0.3838432282787063,-0.35659631827873284
1962472475,32,True,0.063787356,-0.0017641909787805277,-0.0016395159788089586
165773681,0,False,0.0,0.0,0.0
165773681,1,False,-0.13676852,-1.630979189222176,-1.5864272836550128
165773681,12,True,0.05250784,0.0020441721305850535,0.0019189221306312731
413093883,0,False,0.0,0.0,0.0
413093883,1,False,-0.13257933,-2.8487044658306706,-2.8357224068972755
413093883,42,True,0.21283972,-0.013502608369595936,-0.013252158370050893
725932524,0,False,0.0,0.0,0.0
725932524,1,False,-0.0035881624,0.09500844951144731,0.13135307451143063
725932524,1304,True,0.056122795,-0.060377916114823654,-0.06839951611483741
783133267,0,False,0.0,0.0,0.0
783133267,1,False,-0.10799861,-0.554380274832468,-0.5391341348324659
783133267,36,True,0.06643635,-0.006505670999727542,-0.006329288499728136
1340355775,0,False,0.0,0.0,0.0
1340355775,1,False,-0.07496366,-0.08787961911836777,-0.08601009411836993
1340355775,2,True,0.091726184,0.0054467895691543144,0.005197514569150144
1393237974,0,False,0.0,0.0,0.0
1393237974,1,False,-0.039975137,0.07980723821628853,0.08913676071628451
1393237974,30,True,0.027193457,0.000990922128179042,0.0010910221281861254
458368126,0,False,0.0,0.0,0.0
458368126,1,False,0.23524699,-0.016641065074142647,-0.016816800074138882
458368126,37,True,0.35557598,-0.028999999999999915,-0.028999999999996362
2013553270,0,False,0.0,0.0,0.0
2013553270,1,False,-0.033792377,-0.026558628485648217,-0.026806328485648123
2013553270,1304,True,0.21780516,0.3112808056385684,0.30335280563856415
764478769,0,False,0.0,0.0,0.0
764478769,1,False,-0.0030946732,-0.026369393673070344,-0.024606968673070106
764478769,1052,True,0.14140701,-0.015024175708361235,-0.021570975708354645
612850057,0,False,0.0,0.0,0.0
612850057,1,False,0.0324831,0.025604601601048382,0.03341456660106701
612850057,29,True,0.041079372,0.026071358941386902,0.033955941441391246
1288765931,0,False,0.0,0.0,0.0
1288765931,1,False,-0.010875739,-0.031089415307244295,-0.03146604530724062
1288765931,38,True,0.11758335,0.0010173281043318605,0.0012181881043602516
1973904814,0,False,0.0,0.0,0.0
1973904814,1,False,0.026418477,-0.039555409012008325,-0.03980575901201888
1973904814,43,True,0.14293714,-0.029000000000000026,-0.029000000000003467
841807603,0,False,0.0,0.0,0.0
841807603,1,False,-0.016029477,-0.10329559353835982,-0.1059044335383561
841807603,36,True,0.07168523,0.004482915009136668,0.004658492509136636
1852311678,0,False,0.0,0.0,0.0
1852311678,1,False,-0.0112182945,-0.038078721835461016,-0.038250834335457284
1852311678,2,True,0.054112732,-0.003055231905527922,-0.003301056905513633
1234487001,0,False,0.0,0.0,0.0
1234487001,1,False,-0.007397618,-0.03180626045938928,-0.03248114545938563
1234487001,38,True,0.0512611,0.0008974865470229229,0.0010974665470229183
701941398,0,False,0.0,0.0,0.0
701941398,1,False,-0.024522405,-0.22258143164926503,-0.20702674664937604
701941398,38,True,0.06661135,-0.0024824771153547226,-0.0022824371153546963
1813229088,0,False,0.0,0.0,0.0
1813229088,1,False,-0.04632198,-0.04620109261508554,-0.038393237615196085
1813229088,1304,True,0.09153902,0.011457030017146597,0.003475430016919745
1295653285,0,False,0.0,0.0,0.0
1295653285,1,False,0.00719136,-0.022547652411448238,-0.02279962741143038
1295653285,43,True,0.08677271,-0.02837937524115336,-0.0283794002411355
978176049,0,False,0.0,0.0,0.0
978176049,1,False,-0.07293763,-0.21234686063414906,-0.1962885906341213
978176049,1304,True,0.03138219,0.03180909300018317,0.023804293000196708
633443827,0,False,0.0,0.0,0.0
633443827,1,False,-0.08892794,-0.024169864159603024,-0.022268756659599376
633443827,2,True,0.020128176,-0.0008977325148089577,-0.0011478575148089476
1806722670,0,False,0.0,0.0,0.0
1806722670,1,False,0.036138937,-0.01584220288471716,-0.016093877884713947
1806722670,43,True,0.14250246,-0.027923777323815457,-0.027923802323812197
939629659,0,False,0.0,0.0,0.0
939629659,1,False,0.06306747,-0.031354053137824245,-0.030615678137849045
939629659,3,True,0.1047558,-0.030529364533829817,-0.030037114533854492
1033564774,0,False,0.0,0.0,0.0
1033564774,1,False,-0.014175693,0.5075802714947996,0.536686841494789
1033564774,1304,True,0.06351042,-0.17324822439866294,-0.18124982439866066
549762138,0,False,0.0,0.0,0.0
549762138,1,False,0.0080384575,-0.22707676227939877,-0.21109916227939607
549762138,1304,True,0.021448925,0.07961860574815902,0.07162980574815947
725874108,0,False,0.0,0.0,0.0
725874108,1,False,0.20595819,0.4746243500583702,0.47102471005791813
725874108,753,True,0.26502997,-0.029000000000003467,-0.028999999999996362
166753698,0,False,0.0,0.0,0.0
166753698,1,False,-0.06370056,0.056773571244433094,0.06893731874442821
166753698,30,True,0.038845252,0.0009446049879332091,0.0010447049879260817
455936160,0,False,0.0,0.0,0.0
455936160,1,False,-0.029059574,0.183326176261092,0.1781032512611258
455936160,38,True,0.04059954,-0.0024555068850140582,-0.0022557668849394474
81583223,0,False,0.0,0.0,0.0
81583223,1,False,-0.040706035,-0.026967969432211802,-0.027142811932208133
81583223,1304,True,0.15918902,0.14085939698633188,0.1328665969863323
290683029,0,False,0.0,0.0,0.0
290683029,1,False,-0.012726173,-0.07934725265937281,-0.05351493265937535
290683029,1304,True,0.0747657,-0.015317708669239025,-0.023300108669239705
101599282,0,False,0.0,0.0,0.0
101599282,1,False,-0.11060375,0.039864273541799757,0.04294962854180184
101599282,2,True,0.06285199,-0.005381780817537155,-0.005632630817537176
1350559545,0,False,0.0,0.0,0.0
1350559545,1,False,0.0017533675,0.12079266367351194,0.146427283673507
1350559545,30,True,0.037143826,0.0005895687170369146,0.0006894987170227296
2045303197,0,False,0.0,0.0,0.0
2045303197,1,False,-0.012901902,0.3031810646208606,0.29658107962086433
2045303197,1340,True,0.11537501,-0.3301331492734141,-0.32370882927352795
307326888,0,False,0.0,0.0,0.0
307326888,1,False,-0.080279894,-0.09535991980874149,-0.08346780980875224
307326888,30,True,0.07031347,-0.00022625944024582192,-0.00012628944027426314
498001470,0,False,0.0,0.0,0.0
498001470,1,False,0.027694467,-0.14965547932820028,-0.10158232682822188
498001470,35,True,0.044310637,-0.15062712605484135,-0.10240335855485938
1061649592,0,False,0.0,0.0,0.0
1061649592,1,False,-0.11381854,-0.785102684931192,-0.755431727431187
1061649592,2,True,0.09263769,0.004202085206878259,0.00395121020710576
183606412,0,False,0.0,0.0,0.0
183606412,1,False,-0.051199943,-0.02676428613179209,-0.019584226131783566
183606412,2,True,0.08311936,0.0009377070000660195,0.0006875070000660344
981936900,0,False,0.0,0.0,0.0
981936900,1,False,0.08173197,-0.06146899665684735,-0.060224246656844116
981936900,129,True,0.1388112,-0.03297784046642516,-0.03272879046642174
1310923614,0,False,0.0,0.0,0.0
1310923614,1,False,-0.031957332,0.026720662100721326,0.03847387210072384
1310923614,30,True,0.02957429,0.0007405543704713385,0.0008405743704429369
1382364548,0,False,0.0,0.0,0.0
1382364548,1,False,-0.12749472,0.29832989753744643,0.28409243503756443
1382364548,30,True,0.07514907,-0.002844104473406883,-0.0027443544732932423
1349373665,0,False,0.0,0.0,0.0
1349373665,1,False,-0.0138424635,-0.3125314522004248,-0.267648414700421
1349373665,1304,True,0.02482526,0.07350924991070823,0.06551084991073353
375073104,0,False,0.0,0.0,0.0
375073104,1,False,0.023876637,0.8571778188910684,0.9280543438910165
375073104,1304,True,0.09320965,-0.1518497314212257,-0.15986493142130342
900125948,0,False,0.0,0.0,0.0
900125948,1,False,0.0467712,-0.12795052714274346,-0.10774507714273796
900125948,1304,True,0.16238135,0.24252419700629652,0.23454499700629583
1983202273,0,False,0.0,0.0,0.0
1983202273,1,False,-0.03268911,-0.042566188831296814,-0.04326939133129315
1983202273,36,True,0.06650677,0.003468717056632098,0.003644522056632127
818719627,0,False,0.0,0.0,0.0
818719627,1,False,0.05378899,-0.019594778772531463,-0.01976976127252783
818719627,37,True,0.14476678,-0.027681001967312824,-0.027681019467308943
361385653,0,False,0.0,0.0,0.0
361385653,1,False,-0.05786273,0.031885511415992024,0.033813078915994055
361385653,30,True,0.04356016,0.0018201643724922445,0.0019203743724958144
106869011,0,False,0.0,0.0,0.0
106869011,1,False,-0.14044738,0.18169309389510274,0.2331368888950891
106869011,2,True,0.22080852,0.007608614227039956,0.007358089227011533
1502301675,0,False,0.0,0.0,0.0
1502301675,1,False,0.0308111,-0.017078561436453477,-0.01725343893645004
1502301675,37,True,0.1664033,-0.028999999999999915,-0.028999999999996362
116411528,0,False,0.0,0.0,0.0
116411528,1,False,0.039390653,-0.9232323877679731,-0.904105027767983
116411528,1315,True,0.07609856,-0.7085626091608954,-0.6934200491609062
440956360,0,False,0.0,0.0,0.0
440956360,1,False,-0.07493116,0.006796267356121932,0.004730348183223043
440956360,1304,True,0.09553195,-0.08318753081415514,-0.09122353081414758
245474972,0,False,0.0,0.0,0.0
245474972,1,False,0.010074988,0.18477810092379165,0.18139567592379535
245474972,43,True,0.14996654,0.16916665780194062,0.1660347828023987
1180867806,0,False,0.0,0.0,0.0
1180867806,1,False,-0.11207512,-0.27344178675101866,-0.20596595675100815
1180867806,10,True,0.045025013,0.0006655230304488668,0.0005155830304559572
866666019,0,False,0.0,0.0,0.0
866666019,1,False,-0.034345,-0.08508250724430505,-0.051230117244308815
866666019,1306,True,0.0433428,0.022134092259800203,0.014952812259799941
425428052,0,False,0.0,0.0,0.0
425428052,1,False,-0.04765571,-0.03843953996399892,-0.042338267050517686
425428052,2,True,0.020524858,-0.001197977555320251,-0.0014483775553273404
1324577593,0,False,0.0,0.0,0.0
1324577593,1,False,-0.019395988,-0.40389787594474535,-0.3930012934448541
1324577593,1043,True,0.01672741,-0.5868454021185778,-0.5722006946186866
616784039,0,False,0.0,0.0,0.0
616784039,1,False,-0.010416366,-0.513044170036521,-0.4588590300365354
616784039,35,True,0.010598965,-0.5156889673340812,-0.4613530773340955
165783120,0,False,0.0,0.0,0.0
165783120,1,False,-0.0014908314,-0.22193232311723965,-0.21386956311723537
165783120,2,True,0.040846944,0.004764829461796016,0.00451592946179602
2120056792,0,False,0.0,0.0,0.0
2120056792,1,False,-0.13847324,-0.2043507174482786,-0.19079549244827376
2120056792,30,True,0.061273932,-0.002184900821363467,-0.0020848708212497513
964641944,0,False,0.0,0.0,0.0
964641944,1,False,0.015663415,0.7376012653322339,0.8222460153322046
964641944,1041,True,0.047447085,0.7396943129581999,0.8274784379581703
265829622,0,False,0.0,0.0,0.0
265829622,1,False,-0.088223994,0.26565446902447026,0.2725066871444515
265829622,2,True,0.060045585,-0.004767480528985207,-0.0050187805289656495
1672388048,0,False,0.0,0.0,0.0
1672388048,1,False,-0.21117023,-0.3800270226661908,-0.3587150526661844
1672388048,16,True,0.032804072,0.003460603904198223,0.003385843904425201
1573819234,0,False,0.0,0.0,0.0
1573819234,1,False,-0.021950454,-0.327731395212691,-0.320432462712688
1573819234,34,True,0.104528636,-0.0054624285599826905,-0.005311918559982587
937876069,0,False,0.0,0.0,0.0
937876069,1,False,0.32641178,0.24354061795270354,0.23977481795270705
937876069,795,True,0.3992506,-0.028999999999999915,-0.028999999999996362
671469906,0,False,0.0,0.0,0.0
671469906,1,False,-0.050692804,0.0016717145739139835,-0.006226987926055472
671469906,30,True,0.079601005,0.00023954820465162466,0.00033956820466585214
578407954,0,False,0.0,0.0,0.0
578407954,1,False,-0.06894085,0.036262437680276885,0.04708051018027959
578407954,36,True,0.06904498,0.00293521201209148,0.0031100895121056737
1955170217,0,False,0.0,0.0,0.0
1955170217,1,False,-0.11682842,-0.2659285233447104,-0.2507717508447058
1955170217,1304,True,0.06834988,0.11282803641079742,0.10481123641056911
1771239657,0,False,0.0,0.0,0.0
1771239657,1,False,0.14891028,-0.16336577167379196,-0.1593801716737886
1771239657,1315,True,0.20273018,0.10022697167377331,0.10022817167376274
1463745423,0,False,0.0,0.0,0.0
1463745423,1,False,0.033552527,-0.0594282423975695,-0.05170766739756516
1463745423,43,True,0.1179147,-0.060383931062370055,-0.052414331062365704
1391444940,0,False,0.0,0.0,0.0
1391444940,1,False,-0.016948268,-0.016005834444388967,-0.016257184444839368
1391444940,2,True,0.043319657,0.011720324993286013,0.011468949992831767
594229162,0,False,0.0,0.0,0.0
594229162,1,False,0.31575713,0.04300064193598985,0.042003141936220345
594229162,207,True,0.53667873,-0.014786439657589412,-0.014786639657359046
1593888290,0,False,0.0,0.0,0.0
1593888290,1,False,0.018190503,-0.029458804933952476,-0.02963467993394886
1593888290,37,True,0.13115951,-0.029157884983493587,-0.029157919983489933
915055109,0,False,0.0,0.0,0.0
915055109,1,False,0.0042579547,0.014385654595477082,0.027439392095473636
915055109,36,True,0.114309385,0.000672882349055548,0.0008483023490555297
1051777858,0,False,0.0,0.0,0.0
1051777858,1,False,-0.040581435,0.2976701004288929,0.3085046454289042
1051777858,30,True,0.06159857,0.0019082684839727415,0.0020081384839922833
1438457972,0,False,0.0,0.0,0.0
1438457972,1,False,-0.17127189,0.5933736092046964,0.6421495417047112
1438457972,2,True,0.23133926,0.005902587959580985,0.00565318795960934
1894003909,0,False,0.0,0.0,0.0
1894003909,1,False,-0.018253937,-0.028689936381529058,-0.028442186381525403
1894003909,2,True,0.041809037,-0.0003161886184697149,-0.0005639386184697059
1583180430,0,False,0.0,0.0,0.0
1583180430,1,False,-0.14242798,0.11233770354028144,0.13671523854030454
1583180430,2,True,0.20412686,0.0026682105802020573,0.0024184605802162196
1182818923,0,False,0.0,0.0,0.0
1182818923,1,False,0.0047403127,0.11014915181857678,0.11797411681857284
1182818923,40,True,0.06868481,0.006534712897977718,0.006759712897970616
1484770573,0,False,0.0,0.0,0.0
1484770573,1,False,-0.02709322,-0.22365785495090912,-0.21477849495090595
1484770573,16,True,0.0085233,0.002027248093265377,0.001952218093265401
1898005237,0,False,0.0,0.0,0.0
1898005237,1,False,-0.06170854,-0.04616731479016717,-0.03853093979017075
1898005237,1304,True,0.12653898,0.0011889312389498086,-0.006823068761050877
17039791,0,False,0.0,0.0,0.0
17039791,1,False,-0.041956022,-0.04832152083716092,-0.049269068337160604
17039791,2,True,0.06302954,-0.009876907575485885,-0.010126257575485909
1765282854,0,False,0.0,0.0,0.0
1765282854,1,False,-0.67189837,-4.92535621835369,-4.802739973978987
1765282854,170,True,0.42477316,0.036953441318372526,0.0357045663183726
104308693,0,False,0.0,0.0,0.0
104308693,1,False,0.0033782125,-0.027734248734957,-0.027907183734953378
104308693,1304,True,0.15176694,0.05852647861383775,0.05061927861383708
1316073826,0,False,0.0,0.0,0.0
1316073826,1,False,-0.039190248,-0.11333836914667336,-0.06833338664667776
1316073826,1304,True,0.07503622,-0.01844212234752801,-0.026390122347535794
424358855,0,False,0.0,0.0,0.0
424358855,1,False,-0.019488603,-0.06510551486635593,-0.07866698529785765
424358855,36,True,0.05675888,0.0007221609721841937,0.0008973009721842118
2088423644,0,False,0.0,0.0,0.0
2088423644,1,False,-0.013178181,-1.0918392429985113,-1.0434126204984935
2088423644,30,True,0.026615104,-0.002388485212631686,-0.0022882352125961347
1212539335,0,False,0.0,0.0,0.0
1212539335,1,False,-0.3304341,-1.015889532669604,-0.995620855895595
1212539335,1052,True,0.1012612,0.2758904291627282,0.26937937916318333
1457256211,0,False,0.0,0.0,0.0
1457256211,1,False,-0.13860135,0.2212987294557328,0.23438305364047807
1457256211,30,True,0.057968188,0.0014271374426002015,0.0015272174426144147
648342713,0,False,0.0,0.0,0.0
648342713,1,False,-0.060821164,-0.07764293170941516,-0.0478357117094248
648342713,1304,True,0.048665408,-0.03873961892458591,-0.046770818924571245
171902225,0,False,0.0,0.0,0.0
171902225,1,False,0.013349235,-0.17006534782405358,-0.14057941032405097
171902225,1041,True,0.049775302,-0.19954310136274345,-0.16694841386275527
982259718,0,False,0.0,0.0,0.0
982259718,1,False,-0.0014185905,-0.03220050130797922,-0.032375833807975596
982259718,1304,True,0.07116246,-0.07452448784462581,-0.08253808784463956
776368994,0,False,0.0,0.0,0.0
776368994,1,False,-0.014392257,-0.028124199688175144,-0.02839829218817158
776368994,30,True,0.057270028,-0.0002890508651596235,-0.00018939086510272318
878450139,0,False,0.0,0.0,0.0
878450139,1,False,-0.0004644394,-0.013339840450626722,-0.0009881133793712138
878450139,40,True,0.06978008,0.0006345909887924203,0.0008586909888013139
891360075,0,False,0.0,0.0,0.0
891360075,1,False,-0.032779366,-0.1623647135431001,-0.14687513854309486
891360075,36,True,0.040904403,-0.001030253028285244,-0.0008548155282710468
862515958,0,False,0.0,0.0,0.0
862515958,1,False,-0.09723651,-0.06705896404317507,-0.06947419037278735
862515958,2,True,0.04908376,-0.005752582643731213,-0.006001982643731196
1564820334,0,False,0.0,0.0,0.0
1564820334,1,False,-0.04342173,-0.108871903299022,-0.07721019329900969
1564820334,28,True,0.021169655,5.5693993882444115e-05,0.00013096399389667113
1860576428,0,False,0.0,0.0,0.0
1860576428,1,False,-0.039107323,0.03293212435161237,0.033155321649193326
1860576428,38,True,0.072868615,0.00457403552368453,0.004775235523688082
473917187,0,False,0.0,0.0,0.0
473917187,1,False,-0.0022211038,-0.030546812674148605,-0.030722547674145062
473917187,2,True,0.034928042,-0.0019106783282838435,-0.002161703328283693
547812022,0,False,0.0,0.0,0.0
547812022,1,False,-0.076555304,0.17740432156664926,0.18490286634948383
547812022,2,True,0.031392388,-0.0045164369986931685,-0.004765361998691375
1203672359,0,False,0.0,0.0,0.0
1203672359,1,False,-0.011819631,0.2975379775832765,0.33629947258327775
1203672359,34,True,0.079131186,0.0016686616995333914,0.001818736699647161
22994223,0,False,0.0,0.0,0.0
22994223,1,False,-0.020283282,-0.503692298038402,-0.48781667553839725
22994223,38,True,0.039306372,-0.006365938234252688,-0.0061653182342524815
14690088,0,False,0.0,0.0,0.0
14690088,1,False,-0.033663005,0.17534981977937159,0.1955154797793739
14690088,30,True,0.03347972,0.0013699573397927267,0.0014697773397784886
267469180,0,False,0.0,0.0,0.0
267469180,1,False,0.05230858,-0.02216717209283825,-0.022415297092834408
267469180,43,True,0.13921264,-0.028450562257683387,-0.028450587257793813
1173286550,0,False,0.0,0.0,0.0
1173286550,1,False,-0.06248407,0.20993796924666266,0.22378266174668227
1173286550,36,True,0.07160944,0.0024341317438472338,0.0026094292438614275
2101534959,0,False,0.0,0.0,0.0
2101534959,1,False,-0.030689776,-0.38779994954988284,-0.3744894045496494
2101534959,2,True,0.051392287,0.005794864461467639,0.0055446644616949925
2094895873,0,False,0.0,0.0,0.0
2094895873,1,False,0.028094754,-0.025896834058464435,-0.026072341558574408
2094895873,1041,True,0.06207706,-0.0821631947371031,-0.07920463973721326
2147173910,0,False,0.0,0.0,0.0
2147173910,1,False,-0.013217121,-0.08594872011947122,-0.07370239511945442
2147173910,1304,True,0.091554224,0.014723968724831534,0.006725568724846198
1005162451,0,False,0.0,0.0,0.0
1005162451,1,False,-0.16669536,0.10337726550572812,0.10257750050573122
1005162451,906,True,0.025046945,-0.02372734929477005,-0.023177349294769556
1419043534,0,False,0.0,0.0,0.0
1419043534,1,False,-0.0066526234,-0.1407725596724907,-0.12501085967249992
1419043534,1304,True,0.0639126,0.0046591571031913415,-0.0033096428968377722
1183668184,0,False,0.0,0.0,0.0
1183668184,1,False,-0.027616218,-0.03765540619114016,-0.03342070619112292
1183668184,1304,True,0.12047002,0.006492529300927641,-0.0014786706990577159
1806587587,0,False,0.0,0.0,0.0
1806587587,1,False,-0.039247654,-0.051917871008961974,-0.056246351145887274
1806587587,40,True,0.04735229,0.003933784341432947,0.004158289341432919
1232150688,0,False,0.0,0.0,0.0
1232150688,1,False,-0.083613835,-0.012625094033644091,-0.01618474470073039
1232150688,36,True,0.031324863,0.001834489180848664,0.0020099266808486504
401073347,0,False,0.0,0.0,0.0
401073347,1,False,-0.071242124,-0.06196665240621817,-0.03938703490621265
401073347,18,True,0.008143604,-8.138811619964534e-05,-0.00013140311620318812
387059212,0,False,0.0,0.0,0.0
387059212,1,False,-0.08445701,0.10951808786255185,0.12315939136718868
387059212,1304,True,0.10983307,-0.14888662285851514,-0.15691942285850757
197868834,0,False,0.0,0.0,0.0
197868834,1,False,0.0137255695,-0.18921030101693498,-0.16921484351694005
197868834,1306,True,0.072856724,0.16254847771893122,0.15537871771893208
432385918,0,False,0.0,0.0,0.0
432385918,1,False,0.0076682866,-0.17540539576950498,-0.12961940826950524
432385918,1182,True,0.06673652,0.01334130087695573,0.007518680876970052
1709125410,0,False,0.0,0.0,0.0
1709125410,1,False,0.02388759,-0.03020411032443704,-0.030455085324547326
1709125410,37,True,0.13743897,-0.02964817794145569,-0.02972355794156556
479125035,0,False,0.0,0.0,0.0
479125035,1,False,-0.081934296,-0.009499136724173404,-0.007916813444680315
479125035,2,True,0.03194964,-0.003171588981152218,-0.003421513981152202
850633149,0,False,0.0,0.0,0.0
850633149,1,False,-0.06983058,0.21235675343385244,0.23483441093385693
850633149,30,True,0.07667144,0.0007180799452911613,0.0008183499452769638
1245304127,0,False,0.0,0.0,0.0
1245304127,1,False,0.026999459,-0.19241104416338245,-0.18041704416337723
1245304127,1304,True,0.13159084,0.11903551049844857,0.1110411104984621
9128791,0,False,0.0,0.0,0.0
9128791,1,False,-0.05039332,0.1520132374749693,0.15755309747497392
9128791,1304,True,0.13126127,-0.20644129662833768,-0.21446209662833837
111904166,0,False,0.0,0.0,0.0
111904166,1,False,0.019567281,-0.027602311989051387,-0.027778466989047956
111904166,37,True,0.08260456,-0.028999999999999915,-0.028999999999996362
902832627,0,False,0.0,0.0,0.0
902832627,1,False,0.3187515,-0.008446151969991433,-0.00862202696953318
902832627,37,True,0.49388224,-0.02645229837076002,-0.02645231587030139
1823501810,0,False,0.0,0.0,0.0
1823501810,1,False,-0.12883334,-0.23042782745262583,-0.17076999495261624
1823501810,2,True,0.13334803,0.001647685488051609,0.001398035488072047
540803988,0,False,0.0,0.0,0.0
540803988,1,False,-0.098159656,0.10534331294661836,0.1107232898998518
540803988,2,True,0.14990625,-0.005764191424435516,-0.006015366424492186
