market,policy,seed,episodes_completed,objective_bps_dense,selected_dense,objective_bps_sparse,selected_sparse,objective_bps
Synthetic,ddpg,123,0,0.21923300854012365,False,0.21923300854012365,False,0.0
Synthetic,ddpg,123,50,-3.5044542780071355,False,-12.003210299633016,False,8.49875602162588
Synthetic,ddpg,123,99,0.9539328610395846,False,0.1720871821985059,False,0.7818456788410787
Synthetic,ddpg,123,100,1.1964767567983925,False,0.5665906358332407,False,0.6298861209651518
Synthetic,ddpg,123,150,1.0503890356069192,False,1.4634793269049058,True,-0.4130902912979866
Synthetic,ddpg,123,200,0.8883651952966569,False,0.6471492031180811,False,0.2412159921785758
Synthetic,ddpg,123,250,1.7866661070954386,False,0.5605954553248844,False,1.2260706517705542
Synthetic,ddpg,123,300,1.843913487555065,False,0.901087575264982,False,0.942825912290083
Synthetic,ddpg,123,350,2.1685809957752267,True,1.1162900846899189,False,1.0522909110853078
Synthetic,ddpg,1618,0,2.978168658469982,False,2.978168658469982,False,0.0
Synthetic,ddpg,1618,50,4.292615961105952,False,1.922792343011877,False,2.369823618094075
Synthetic,ddpg,1618,99,4.479639150610195,False,1.0199641242020818,False,3.4596750264081133
Synthetic,ddpg,1618,100,4.7778501003182825,False,1.5879934072188713,True,3.1898566930994114
Synthetic,ddpg,1618,150,4.514082101989339,False,1.362925194133057,False,3.151156907856282
Synthetic,ddpg,1618,200,4.646602684480844,False,0.3126329887357628,False,4.333969695745082
Synthetic,ddpg,1618,250,4.7797620955683175,False,-0.3652878544426919,False,5.14504995001101
Synthetic,ddpg,1618,300,5.174889194577428,False,0.1672180013895614,False,5.007671193187867
Synthetic,ddpg,2024,0,5.049245915798483,False,5.049245915798483,False,0.0
Synthetic,ddpg,2024,50,2.6908252757120836,False,5.968333825049353,False,-3.277508549337269
Synthetic,ddpg,2024,99,5.5606070197640225,False,6.363459489737075,False,-0.8028524699730522
Synthetic,ddpg,2024,100,5.867451066677011,False,6.27058065527781,False,-0.40312958860079817
Synthetic,ddpg,2024,150,4.598105457058187,False,6.777819695835131,True,-2.1797142387769437
Synthetic,ddpg,2024,200,6.052413637505028,False,5.158561507448056,False,0.8938521300569722
Synthetic,ddpg,2024,250,5.8751130247642145,False,5.618949043971197,False,0.2561639807930174
Synthetic,ddpg,2024,300,6.124781241288896,False,5.323570502012691,False,0.8012107392762049
Synthetic,ddpg,2024,350,6.225135551380168,False,5.742510858887264,False,0.4826246924929043
Synthetic,ddpg,2718,0,2.2802096976116655,False,2.2802096976116655,False,0.0
Synthetic,ddpg,2718,50,2.2301621933843565,False,-8.055448695786641,False,10.285610889170997
Synthetic,ddpg,2718,99,3.734446462199075,False,-3.223059432778636,False,6.957505894977711
Synthetic,ddpg,2718,100,3.9776075737723953,True,-4.617514282627828,False,8.595121856400223
Synthetic,ddpg,2718,150,3.335458854184977,False,3.022070815276535,False,0.313388038908442
Synthetic,ddpg,2718,200,2.9569231385154167,False,3.038238262029223,False,-0.08131512351380632
Synthetic,ddpg,2718,250,3.227319183966863,False,2.994267340345358,False,0.23305184362150522
Synthetic,ddpg,2718,300,3.160876329666557,False,3.119538396316309,False,0.04133793335024816
Synthetic,ddpg,314,0,4.633266883603964,False,4.633266883603964,False,0.0
Synthetic,ddpg,314,50,5.184596540765886,False,-16.40684873151416,False,21.591445272280048
Synthetic,ddpg,314,99,6.354525564812363,True,3.760722820645864,False,2.593802744166499
Synthetic,ddpg,314,100,5.955489807980863,False,3.069010915178383,False,2.88647889280248
Synthetic,ddpg,314,150,5.577394655777244,False,3.7561824219151223,False,1.8212122338621217
Synthetic,ddpg,314,200,5.967962806946323,False,3.7486430918926854,False,2.2193197150536377
Synthetic,ddpg,314,250,5.762742556598973,False,3.8637480516407914,True,1.898994504958182
Synthetic,ddpg,42,0,5.190363103882158,False,5.190363103882158,False,0.0
Synthetic,ddpg,42,50,0.8856670899778974,False,-7.698749740069035,False,8.584416830046932
Synthetic,ddpg,42,99,5.40438340347965,False,-4.705825832364036,False,10.110209235843687
Synthetic,ddpg,42,100,5.57199621861839,False,-4.850402247672468,False,10.422398466290858
Synthetic,ddpg,42,150,5.381697826307679,False,-3.8029461246836087,False,9.184643950991287
Synthetic,ddpg,42,200,5.617362899787848,False,3.102288122016179,True,2.5150747777716687
Synthetic,ddpg,42,250,5.999866946865687,False,2.607245615805586,False,3.392621331060101
Synthetic,ddpg,42,300,6.435907650240724,False,2.5268772188939583,False,3.9090304313467654
Synthetic,ddpg,42,350,6.525612998346612,False,2.5977864898978185,False,3.9278265084487938
Synthetic,ddpg,42,400,6.438786726248441,False,2.5795421491939146,False,3.8592445770545267
Synthetic,ddpg,577,0,1.7543509033120488,False,1.7543509033120488,False,0.0
Synthetic,ddpg,577,50,-4.146968836895427,False,1.4162685473844134,False,-5.563237384279841
Synthetic,ddpg,577,99,3.1677482782980224,False,-2.443878444053217,False,5.6116267223512395
Synthetic,ddpg,577,100,3.2995086916195655,False,-2.4007746161072534,False,5.700283307726819
Synthetic,ddpg,577,150,4.2371005363961425,True,-6.195653415715747,False,10.43275395211189
Synthetic,ddpg,577,200,3.3841235452914806,False,-2.1116970774053825,False,5.495820622696863
Synthetic,ddpg,577,250,3.702735166956144,False,-0.9999838185947104,False,4.702718985550854
Synthetic,ddpg,577,300,3.65814233179504,False,-1.2026258211058083,False,4.860768152900849
Synthetic,ddpg,577,350,3.890503627286527,False,-1.4308552886108086,False,5.321358915897336
Synthetic,ddpg,7,0,2.824748188669652,False,2.824748188669652,False,0.0
Synthetic,ddpg,7,50,-5.719783360551942,False,4.218828454425108,False,-9.93861181497705
Synthetic,ddpg,7,99,3.0911905642962294,False,-1.357917328111328,False,4.449107892407557
Synthetic,ddpg,7,100,4.149065546948161,False,0.524867393602443,True,3.6241981533457177
Synthetic,ddpg,7,150,4.956431959700269,False,-6.086248703843969,False,11.042680663544239
Synthetic,ddpg,7,200,5.431850779709382,False,-13.590819865970452,False,19.022670645679835
Synthetic,ddpg,7,250,5.950587347239957,False,-5.496089718315224,False,11.446677065555182
Synthetic,ddpg,7,300,5.968756876731348,False,-1.1066268362898484,False,7.075383713021196
Synthetic,ddpg,811,0,5.873222864849023,False,5.873222864849023,False,0.0
Synthetic,ddpg,811,50,3.623442798974005,False,-1.7773703522740687,False,5.400813151248074
Synthetic,ddpg,811,99,6.555744170122825,False,1.7586393757316354,False,4.797104794391189
Synthetic,ddpg,811,100,6.67176040694071,True,2.119885984650007,False,4.5518744222907035
Synthetic,ddpg,811,150,5.828588293241969,False,2.8937313192279506,False,2.9348569740140187
Synthetic,ddpg,811,200,5.837591883437945,False,3.5771724526430426,False,2.260419430794902
Synthetic,ddpg,811,250,6.2721116166080195,False,3.8401281509541874,False,2.431983465653832
Synthetic,ddpg,811,300,6.266655992413398,False,3.9785268134578,False,2.288129178955598
Synthetic,ddpg,99,0,-1.044888519007984,False,-1.044888519007984,False,0.0
Synthetic,ddpg,99,50,-8.952494426726819,False,-7.595745880062815,False,-1.3567485466640044
Synthetic,ddpg,99,99,0.9201018699969472,False,-0.1457978919251157,True,1.065899761922063
Synthetic,ddpg,99,100,1.011343721782315,False,-0.1487653692668029,False,1.1601090910491179
Synthetic,ddpg,99,150,1.563305574797931,True,-1.5374033084811365,False,3.1007088832790677
Synthetic,ddpg,99,200,1.1375888745348033,False,-1.403922820954382,False,2.541511695489185
Synthetic,ddpg,99,250,1.1488751082566373,False,-2.419951261723039,False,3.5688263699796763
Synthetic,dqn,123,0,-9.210417888937044,False,-9.210417888937044,False,0.0
Synthetic,dqn,123,50,-3.6030613962892497,False,1.0152627527691545,False,-4.618324149058404
Synthetic,dqn,123,99,1.8726932667463667,False,1.6221673925272226,True,0.2505258742191441
Synthetic,dqn,123,100,2.0113367155530657,False,1.5243957768583067,False,0.48694093869475896
Synthetic,dqn,123,150,2.0982923479359066,False,-2.340249145212303,False,4.438541493148209
Synthetic,dqn,123,200,2.2072101466048033,False,-6.237974207422711,False,8.445184354027514
Synthetic,dqn,123,250,2.399609551066472,True,-8.368799679626317,False,10.76840923069279
Synthetic,dqn,1618,0,-46.870968542325194,False,-46.870968542325194,False,0.0
Synthetic,dqn,1618,50,4.545679821206038,False,2.0841041078275744,False,2.4615757133784637
Synthetic,dqn,1618,99,4.311603685477777,False,4.147808806365475,False,0.1637948791123014
Synthetic,dqn,1618,100,4.086842107668383,False,4.303285436369193,True,-0.21644332870080962
Synthetic,dqn,1618,150,6.215744287507623,True,3.7040603892490234,False,2.5116838982585996
Synthetic,dqn,1618,200,5.955104456455102,False,3.222089907310523,False,2.7330145491445785
Synthetic,dqn,1618,250,5.765717777120902,False,2.300127523991228,False,3.4655902531296743
Synthetic,dqn,1618,300,5.808005904662737,False,0.3155586092769496,False,5.492447295385787
Synthetic,dqn,2024,0,-38.98881455888727,False,-38.98881455888727,False,0.0
Synthetic,dqn,2024,50,6.689019661860298,False,5.144171294620566,False,1.544848367239732
Synthetic,dqn,2024,99,4.451194926312244,False,4.3696781870972305,False,0.08151673921501335
Synthetic,dqn,2024,100,4.703285673931896,False,4.477457033194353,False,0.22582864073754294
Synthetic,dqn,2024,150,4.869262717392348,False,4.732821607223421,False,0.1364411101689269
Synthetic,dqn,2024,200,6.438552833538209,False,4.705896663312091,False,1.732656170226118
Synthetic,dqn,2024,250,6.44532638499842,False,4.770845938385166,False,1.6744804466132548
Synthetic,dqn,2024,300,6.670416960253593,False,5.284760701981785,False,1.3856562582718084
Synthetic,dqn,2024,350,6.797571482620006,True,5.308774513953635,True,1.488796968666371
Synthetic,dqn,2024,400,6.631362361652537,False,5.301313608489875,False,1.3300487531626617
Synthetic,dqn,2024,450,6.623802034059035,False,4.655520316539013,False,1.9682817175200222
Synthetic,dqn,2024,500,6.629564625802606,False,4.828707462693169,False,1.8008571631094377
Synthetic,dqn,2024,550,6.529629737807887,False,4.977194104675201,False,1.5524356331326858
Synthetic,dqn,2718,0,-16.6894243545515,False,-16.6894243545515,False,0.0
Synthetic,dqn,2718,50,3.956663601231888,False,1.3224344336203226,False,2.6342291676115654
Synthetic,dqn,2718,99,4.0442641138740605,False,3.640306136036598,True,0.4039579778374627
Synthetic,dqn,2718,100,4.029270754145439,False,3.594173769087326,False,0.435096985058113
Synthetic,dqn,2718,150,4.560097495376533,True,3.194288581791507,False,1.3658089135850262
Synthetic,dqn,2718,200,4.083331341948373,False,2.2516771859595117,False,1.8316541559888613
Synthetic,dqn,2718,250,4.184668109339827,False,1.9160976603419768,False,2.2685704489978504
Synthetic,dqn,314,0,0.20507029952619904,False,0.20507029952619904,False,0.0
Synthetic,dqn,314,50,4.744354861441634,False,3.6522619565916488,False,1.0920929048499852
Synthetic,dqn,314,99,5.211787993483414,False,5.158273387445587,False,0.05351460603782687
Synthetic,dqn,314,100,5.1353274181559145,False,5.555313574990626,False,-0.4199861568347112
Synthetic,dqn,314,150,5.123797677540488,False,5.781224873856439,True,-0.6574271963159504
Synthetic,dqn,314,200,5.438896009511037,False,4.283571740440436,False,1.1553242690706007
Synthetic,dqn,314,250,5.792447569737617,True,4.957163985178643,False,0.8352835845589741
Synthetic,dqn,314,300,5.579237088186487,False,3.807499252643488,False,1.7717378355429987
Synthetic,dqn,314,350,5.383271696928272,False,2.3897357886090766,False,2.9935359083191955
Synthetic,dqn,42,0,-52.41024770220179,False,-52.41024770220179,False,0.0
Synthetic,dqn,42,50,4.262470614296513,False,4.050786332306946,False,0.2116842819895668
Synthetic,dqn,42,99,5.859484774593595,False,5.630118069334207,True,0.22936670525938752
Synthetic,dqn,42,100,5.8137763026612195,False,5.606230176022761,False,0.20754612663845862
Synthetic,dqn,42,150,6.677771374807445,True,5.0939805761529655,False,1.58379079865448
Synthetic,dqn,42,200,6.670935480506477,False,3.4749193419799997,False,3.1960161385264776
Synthetic,dqn,42,250,6.331959976308377,False,2.382455254489209,False,3.9495047218191677
Synthetic,dqn,577,0,-43.187793669049725,False,-43.187793669049725,False,0.0
Synthetic,dqn,577,50,0.7067226834661454,False,2.71839840055964,False,-2.0116757170934947
Synthetic,dqn,577,99,3.516040398868057,False,2.6963364849639757,False,0.8197039139040814
Synthetic,dqn,577,100,3.426901784546515,False,2.752252633573914,True,0.6746491509726007
Synthetic,dqn,577,150,3.5256855490731667,False,2.5872975004566996,False,0.9383880486164671
Synthetic,dqn,577,200,3.296672404358899,False,1.3288182593585167,False,1.9678541450003821
Synthetic,dqn,577,250,3.597357220966587,True,0.855873672069737,False,2.74148354889685
Synthetic,dqn,577,300,3.432916920754392,False,0.8899400680309681,False,2.5429768527234238
Synthetic,dqn,7,0,-102.15015043279783,False,-102.15015043279783,False,0.0
Synthetic,dqn,7,50,3.7369145407090687,False,1.1435747274097103,False,2.5933398132993584
Synthetic,dqn,7,99,4.988985914748945,False,3.245469115336846,False,1.7435167994120988
Synthetic,dqn,7,100,4.623315815248699,False,2.4085119673353357,False,2.214803847913363
Synthetic,dqn,7,150,5.276700414213304,False,2.9580744484889268,False,2.318625965724377
Synthetic,dqn,7,200,5.6582448372229885,True,3.72800152519304,True,1.9302433120299485
Synthetic,dqn,7,250,5.589220220767829,False,2.1164724835816915,False,3.4727477371861375
Synthetic,dqn,7,300,5.044945393850524,False,0.1516833769753002,False,4.893262016875224
Synthetic,dqn,7,350,4.855346049886085,False,1.308394064439602,False,3.5469519854464835
Synthetic,dqn,7,400,5.2719347123330405,False,2.153674547363848,False,3.1182601649691923
Synthetic,dqn,811,0,-2.4686078695056572,False,-2.4686078695056572,False,0.0
Synthetic,dqn,811,50,1.8230543634742,False,4.805179377183602,False,-2.9821250137094024
Synthetic,dqn,811,99,5.851887360073016,False,6.5939388499995,False,-0.7420514899264834
Synthetic,dqn,811,100,5.903018150857925,False,6.863254964081605,True,-0.9602368132236805
Synthetic,dqn,811,150,6.8137387651012675,False,6.437346135164763,False,0.3763926299365048
Synthetic,dqn,811,200,6.929256901567626,False,5.3059649474704145,False,1.623291954097212
Synthetic,dqn,811,250,6.936460814611312,True,3.9770072966244303,False,2.9594535179868817
Synthetic,dqn,811,300,6.8418319569124115,False,3.2438599946526407,False,3.597971962259771
Synthetic,dqn,99,0,-59.675118952083054,False,-59.675118952083054,False,0.0
Synthetic,dqn,99,50,-2.641375105141144,False,-7.5054433633130895,False,4.864068258171946
Synthetic,dqn,99,99,-0.1106541085898333,False,-1.020042212202204,True,0.9093881036123707
Synthetic,dqn,99,100,0.3835627281624879,False,-1.3730148031936316,False,1.7565775313561194
Synthetic,dqn,99,150,1.5203148184315172,False,-1.3004853958254912,False,2.8208002142570083
Synthetic,dqn,99,200,1.2790877290261555,False,-2.0181501830781565,False,3.297237912104312
Synthetic,dqn,99,250,1.834940367844932,True,-2.156729689212537,False,3.991670057057469
Synthetic,sac,123,0,0.14596528081003038,False,0.14596528081003038,False,0.0
Synthetic,sac,123,50,-4.564857873399871,False,-6.2473754876742795,False,1.682517614274409
Synthetic,sac,123,99,1.69260585674527,False,1.940331300012833,True,-0.24772544326756307
Synthetic,sac,123,100,2.071976182389606,False,1.8189042136412468,False,0.25307196874835913
Synthetic,sac,123,150,2.399628137081875,False,0.7665049710552991,False,1.633123166026576
Synthetic,sac,123,200,1.9276678214610927,False,0.8649576816130442,False,1.0627101398480485
Synthetic,sac,123,250,2.2079680901451644,False,0.6797716494200077,False,1.5281964407251567
Synthetic,sac,1618,0,0.8131064237320837,False,0.8131064237320837,False,0.0
Synthetic,sac,1618,50,3.3607201335435906,False,4.2877941041342,False,-0.9270739705906093
Synthetic,sac,1618,99,5.552489348928243,False,2.59600145547003,False,2.9564878934582133
Synthetic,sac,1618,100,5.2957713377392,False,1.3773240294446265,False,3.918447308294574
Synthetic,sac,1618,150,5.744877472798258,False,2.1784774437369183,False,3.56640002906134
Synthetic,sac,1618,200,5.491942544323941,False,3.2315566959705073,False,2.260385848353434
Synthetic,sac,1618,250,5.836885466325638,False,3.3546549213190526,False,2.4822305450065856
Synthetic,sac,1618,300,6.151649373982477,False,3.2589652594155707,False,2.892684114566906
Synthetic,sac,1618,350,6.310936033893581,False,4.010601634996774,False,2.3003343988968075
Synthetic,sac,1618,400,6.396150058904853,False,4.446366680532044,False,1.9497833783728087
Synthetic,sac,1618,450,6.460278423113188,False,4.5448378343376366,False,1.9154405887755512
Synthetic,sac,1618,500,6.462706738366624,False,5.224697264753532,False,1.2380094736130918
Synthetic,sac,1618,550,6.578906289484976,False,5.385606981373641,False,1.1932993081113352
Synthetic,sac,1618,600,6.542583082071198,False,5.555904788168279,False,0.9866782939029193
Synthetic,sac,1618,650,6.621341082898358,False,5.820151372142642,False,0.8011897107557155
Synthetic,sac,1618,700,6.66472008858209,True,5.822342126403562,False,0.8423779621785279
Synthetic,sac,1618,750,6.638283451833003,False,5.888765588793676,False,0.7495178630393271
Synthetic,sac,1618,800,6.5697650057991925,False,5.988460884752865,True,0.5813041210463279
Synthetic,sac,2024,0,5.5930408616612795,False,5.5930408616612795,False,0.0
Synthetic,sac,2024,50,7.418717838340018,False,6.113956394879782,False,1.3047614434602357
Synthetic,sac,2024,99,6.782947136424557,False,6.147958372597099,False,0.6349887638274581
Synthetic,sac,2024,100,6.428546859809937,False,5.936369660766747,False,0.4921771990431898
Synthetic,sac,2024,150,7.433230474076976,False,6.422034378977209,False,1.0111960950997672
Synthetic,sac,2024,200,7.478561484628925,False,6.845287640563078,False,0.6332738440658465
Synthetic,sac,2024,250,7.574695154139417,False,6.743605538771625,False,0.8310896153677918
Synthetic,sac,2024,300,7.617876065680765,False,6.790211419437361,False,0.8276646462434041
Synthetic,sac,2024,350,7.997433187551152,True,6.899858220020496,False,1.0975749675306563
Synthetic,sac,2024,400,7.656570372078404,False,6.7086477772823825,False,0.9479225947960215
Synthetic,sac,2024,450,7.856715357029152,False,6.934774532428278,False,0.921940824600874
Synthetic,sac,2024,500,7.915977623662813,False,7.080970662828406,False,0.8350069608344066
Synthetic,sac,2024,550,7.7690788159353295,False,6.81305925969327,False,0.956019556242059
Synthetic,sac,2718,0,2.178021162876823,False,2.178021162876823,False,0.0
Synthetic,sac,2718,50,1.284756149103564,False,0.8619689008607891,False,0.4227872482427748
Synthetic,sac,2718,99,3.5107081461841028,False,2.4904871762193355,False,1.0202209699647673
Synthetic,sac,2718,100,3.816630719240527,False,2.6138054026621207,False,1.2028253165784064
Synthetic,sac,2718,150,3.5090567725398856,False,1.0379125993608895,False,2.4711441731789963
Synthetic,sac,2718,200,3.86060195432845,False,0.958143211923495,False,2.902458742404955
Synthetic,sac,2718,250,4.19859720151138,False,3.0511008259137045,False,1.147496375597676
Synthetic,sac,2718,300,4.0632749366967715,False,3.0296961254049193,False,1.0335788112918523
Synthetic,sac,2718,350,4.024732290091919,False,3.4960558461847135,False,0.5286764439072051
Synthetic,sac,2718,400,4.356483627512744,False,3.7551891221271574,True,0.6012945053855865
Synthetic,sac,2718,450,4.419873207054376,True,3.310180325393884,False,1.109692881660492
Synthetic,sac,2718,500,4.397562135554686,False,3.2932960289239106,False,1.1042661066307757
Synthetic,sac,2718,550,4.178507942418883,False,3.339506858431748,False,0.8390010839871351
Synthetic,sac,2718,600,4.362684800531623,False,2.97804962032391,False,1.384635180207713
Synthetic,sac,314,0,4.995118972456613,False,4.995118972456613,False,0.0
Synthetic,sac,314,50,-2.630385712672345,False,3.4435400739674025,False,-6.073925786639748
Synthetic,sac,314,99,4.559503805901638,False,2.756262874531809,False,1.803240931369829
Synthetic,sac,314,100,4.326474224770908,False,2.8536581639789405,False,1.4728160607919674
Synthetic,sac,314,150,5.237362110124608,False,3.8827035174908864,False,1.3546585926337218
Synthetic,sac,314,200,5.24768363752,False,4.954233808963191,False,0.2934498285568088
Synthetic,sac,314,250,5.863215956952597,False,5.220573963512425,True,0.6426419934401713
Synthetic,sac,314,300,5.752343373693691,False,4.840433462192353,False,0.911909911501338
Synthetic,sac,314,350,6.14956446063511,False,5.0028679709189205,False,1.1466964897161898
Synthetic,sac,314,400,6.088662171764174,False,4.340036405732653,False,1.7486257660315205
Synthetic,sac,314,450,6.151310851625364,False,5.140932790109718,False,1.0103780615156452
Synthetic,sac,42,0,4.026360763703524,False,4.026360763703524,False,0.0
Synthetic,sac,42,50,2.7865698010814377,False,4.690420956189911,False,-1.9038511551084731
Synthetic,sac,42,99,5.920289375538301,False,4.738765403611936,False,1.1815239719263655
Synthetic,sac,42,100,5.8288272930485014,False,3.9787441892041553,False,1.8500831038443462
Synthetic,sac,42,150,5.60434424188562,False,4.290427311541264,False,1.313916930344356
Synthetic,sac,42,200,5.853028388001576,False,5.107590888635531,False,0.7454374993660453
Synthetic,sac,42,250,6.015924224351612,False,5.64352767760537,False,0.37239654674624223
Synthetic,sac,42,300,6.140377188790394,False,5.850531336516989,False,0.2898458522734053
Synthetic,sac,42,350,6.469545114067261,False,5.947117553105338,False,0.5224275609619227
Synthetic,sac,42,400,6.770886739425842,False,5.731562884892941,False,1.0393238545329009
Synthetic,sac,42,450,6.728295415800137,False,6.194625789420934,False,0.5336696263792025
Synthetic,sac,42,500,6.882336386553165,False,6.196341766060872,False,0.6859946204922931
Synthetic,sac,42,550,6.880748363981625,False,6.314493475802806,False,0.5662548881788192
Synthetic,sac,42,600,6.915684273877934,False,6.683546141979436,False,0.2321381318984983
Synthetic,sac,42,650,6.719349071748217,False,6.980674263516363,False,-0.2613251917681456
Synthetic,sac,42,700,7.047466266134288,False,7.026039529669225,False,0.0214267364650631
Synthetic,sac,42,750,7.078589503545015,False,7.140744644953494,True,-0.06215514140847933
Synthetic,sac,42,800,7.235159054873149,True,7.120761027703613,False,0.1143980271695364
Synthetic,sac,577,0,1.2657673229034156,False,1.2657673229034156,False,0.0
Synthetic,sac,577,50,-0.4891888048089057,False,-1.7979512512914635,False,1.3087624464825578
Synthetic,sac,577,99,1.1871471066778323,False,0.1843592246034032,False,1.0027878820744291
Synthetic,sac,577,100,1.1120919477356208,False,0.3752823741964894,False,0.7368095735391313
Synthetic,sac,577,150,2.3527614153255287,False,0.8972993779359588,False,1.45546203738957
Synthetic,sac,577,200,3.2274787538163165,False,0.713952914044761,False,2.5135258397715554
Synthetic,sac,577,250,3.1166837345984137,False,-0.3196491176941302,False,3.436332852292544
Synthetic,sac,577,300,3.404131614197021,False,1.2697353596476078,False,2.1343962545494133
Synthetic,sac,577,350,3.061109085372082,False,1.6782001885082254,False,1.3829088968638565
Synthetic,sac,577,400,3.131840355674808,False,2.398359508114226,False,0.7334808475605819
Synthetic,sac,577,450,3.2456890115381647,False,2.3540163647810277,False,0.891672646757137
Synthetic,sac,577,500,3.610428268174075,False,2.8970169671839052,False,0.7134113009901699
Synthetic,sac,577,550,3.7943622859417383,False,3.020404620727295,False,0.7739576652144433
Synthetic,sac,577,600,4.130055004941573,True,3.2003622953016864,False,0.9296927096398866
Synthetic,sac,577,650,3.8154136748295255,False,3.2814902055062873,False,0.5339234693232382
Synthetic,sac,577,700,3.7680277263348096,False,3.309566464750947,False,0.4584612615838628
Synthetic,sac,577,750,3.795106342544347,False,3.4368160090353257,True,0.3582903335090215
Synthetic,sac,577,800,3.806754839284352,False,3.3330966936503836,False,0.47365814563396835
Synthetic,sac,7,0,2.7876373504203498,False,2.7876373504203498,False,0.0
Synthetic,sac,7,50,1.4296032020372194,False,2.8321303563437144,False,-1.402527154306495
Synthetic,sac,7,99,2.603111841905258,False,3.2747970011144028,False,-0.6716851592091446
Synthetic,sac,7,100,2.121485723448209,False,3.4137093601239195,False,-1.2922236366757103
Synthetic,sac,7,150,3.5216276373669424,False,3.9207483248103614,False,-0.399120687443419
Synthetic,sac,7,200,4.733219965540987,False,4.2137477927005955,False,0.5194721728403913
Synthetic,sac,7,250,4.757325432413905,False,4.575006131069617,False,0.18231930134428875
Synthetic,sac,7,300,4.696413735103576,False,4.357950487776141,False,0.33846324732743494
Synthetic,sac,7,350,5.035435074245855,False,4.9250818274543295,False,0.1103532467915258
Synthetic,sac,7,400,4.804168802883211,False,5.425097982667385,False,-0.6209291797841736
Synthetic,sac,7,450,4.902027484951463,False,6.000246975151407,False,-1.098219490199944
Synthetic,sac,7,500,5.281972045239391,False,6.024281380088423,True,-0.7423093348490326
Synthetic,sac,7,550,5.044445490591552,False,5.257314364829225,False,-0.21286887423767276
Synthetic,sac,7,600,5.206002579275625,False,5.235814107841961,False,-0.029811528566336065
Synthetic,sac,7,650,5.3468288471417535,False,5.129992844426232,False,0.21683600271552184
Synthetic,sac,7,700,5.275829833440223,False,5.413575051396102,False,-0.1377452179558789
Synthetic,sac,811,0,4.479389699307651,False,4.479389699307651,False,0.0
Synthetic,sac,811,50,-1.2230328624237563,False,-25.701778898033275,False,24.478746035609518
Synthetic,sac,811,99,6.8778265228841455,False,-0.479357488423397,False,7.357184011307543
Synthetic,sac,811,100,6.520378980551846,False,1.8558482518394068,False,4.664530728712439
Synthetic,sac,811,150,6.281415688569432,False,3.3657466381658834,False,2.9156690504035483
Synthetic,sac,811,200,6.946039591844819,False,4.196282946232945,False,2.749756645611874
Synthetic,sac,811,250,7.190625643720601,False,4.511442661732636,False,2.6791829819879647
Synthetic,sac,811,300,7.2357961032325795,False,5.082732420479539,False,2.1530636827530403
Synthetic,sac,811,350,7.242664182805307,False,5.129215049912114,False,2.1134491328931935
Synthetic,sac,811,400,7.377371106480616,False,5.34472956480511,False,2.0326415416755053
Synthetic,sac,811,450,7.66151288595036,False,5.836054121885511,False,1.825458764064849
Synthetic,sac,811,500,7.590838198311959,False,5.818966534074031,False,1.7718716642379277
Synthetic,sac,811,550,7.612169413150641,False,6.199975980513205,False,1.4121934326374364
Synthetic,sac,811,600,7.693228672296846,False,6.366034776322962,False,1.3271938959738838
Synthetic,sac,811,650,7.667192769301522,False,6.374453137092004,False,1.2927396322095177
Synthetic,sac,811,700,7.72011827465556,False,6.627714935903116,False,1.0924033387524439
Synthetic,sac,811,750,7.7188092625940286,False,6.659804551744878,False,1.059004710849151
Synthetic,sac,811,800,7.793683518587177,True,6.7905225119557295,True,1.0031610066314478
Synthetic,sac,99,0,-0.4314230550456377,False,-0.4314230550456377,False,0.0
Synthetic,sac,99,50,-1.9657102817936505,False,-14.384471080451284,False,12.418760798657633
Synthetic,sac,99,99,0.0831981081409085,False,-0.2293138238501011,False,0.3125119319910096
Synthetic,sac,99,100,0.2920233761792168,False,-0.5910066294948056,False,0.8830300056740225
Synthetic,sac,99,150,-1.9183862980554347,False,0.3497563748497454,False,-2.26814267290518
Synthetic,sac,99,200,-0.9883430871439478,False,0.611632915413053,False,-1.5999760025570007
Synthetic,sac,99,250,0.0100328977491436,False,0.2844311079306439,False,-0.2743982101815003
Synthetic,sac,99,300,0.7111922505314173,False,-0.0699657961749359,False,0.7811580467063532
Synthetic,sac,99,350,0.7126221766793693,False,-0.131217274687608,False,0.8438394513669774
Synthetic,sac,99,400,1.1971057042880615,False,0.8267435594971511,False,0.37036214479091045
Synthetic,sac,99,450,1.8617833225405267,False,1.4700027611654227,False,0.391780561375104
Synthetic,sac,99,500,1.756596734925326,False,1.6956293450487547,False,0.06096738987657124
Synthetic,sac,99,550,1.4876246597868432,False,1.3740635629051323,False,0.1135610968817109
Synthetic,sac,99,600,1.9096905657962393,False,1.7738425484685612,False,0.13584801732767815
Synthetic,sac,99,650,1.7067154299644485,False,1.222896985631918,False,0.4838184443325304
Synthetic,sac,99,700,2.031067777048704,False,1.7080165736051418,False,0.323051203443562
Synthetic,sac,99,750,2.2191606558292074,False,2.0970221015710666,False,0.1221385542581408
Synthetic,sac,99,800,2.3548529777821825,True,2.5551426864872617,True,-0.20028970870507923
Synthetic,td3,123,0,0.8580769153962724,False,0.8580769153962724,False,0.0
Synthetic,td3,123,50,-7.788593818513196,False,-12.79840561423778,False,5.009811795724583
Synthetic,td3,123,99,2.320157087423401,False,-3.1992077370716583,False,5.519364824495059
Synthetic,td3,123,100,2.3986529891841353,True,-2.8080968107844115,False,5.206749799968547
Synthetic,td3,123,150,1.5342870513585694,False,-2.518266130202753,False,4.052553181561322
Synthetic,td3,123,200,1.848952363036216,False,-1.8600172504933057,False,3.7089696135295216
Synthetic,td3,123,250,2.21108716346616,False,0.6397230616565511,False,1.5713641018096092
Synthetic,td3,123,300,1.9157910758149992,False,0.8566063697474015,False,1.0591847060675978
Synthetic,td3,1618,0,2.4319180378538983,False,2.4319180378538983,False,0.0
Synthetic,td3,1618,50,-4.745195682023518,False,-6.554066700041902,False,1.808871018018384
Synthetic,td3,1618,99,5.495505086318003,True,2.5904931459893503,False,2.9050119403286527
Synthetic,td3,1618,100,5.30557445889719,False,2.8544153237410974,True,2.451159135156092
Synthetic,td3,1618,150,3.1466984448933415,False,1.9451565184252668,False,1.2015419264680747
Synthetic,td3,1618,200,3.0278734220467305,False,2.1353194203705534,False,0.892554001676177
Synthetic,td3,1618,250,3.4431524158721025,False,1.7563482627050884,False,1.6868041531670142
Synthetic,td3,2024,0,4.8175881291664435,False,4.8175881291664435,False,0.0
Synthetic,td3,2024,50,6.204567302795235,False,-10.971875927909332,False,17.176443230704567
Synthetic,td3,2024,99,6.371390524896711,False,5.755201793456269,True,0.6161887314404417
Synthetic,td3,2024,100,6.749958624910644,False,5.662335699449079,False,1.0876229254615648
Synthetic,td3,2024,150,6.313575569756814,False,5.528532510359484,False,0.7850430593973305
Synthetic,td3,2024,200,6.551134469276206,False,4.71158633872823,False,1.8395481305479757
Synthetic,td3,2024,250,6.721746031848776,False,4.441619783167515,False,2.2801262486812606
Synthetic,td3,2718,0,2.920994906675414,False,2.920994906675414,False,0.0
Synthetic,td3,2718,50,-4.6437029434253585,False,1.217720644709677,False,-5.861423588135035
Synthetic,td3,2718,99,-0.0766939718582115,False,2.833474998134079,False,-2.9101689699922906
Synthetic,td3,2718,100,0.1377574817747055,False,3.1822318052938168,True,-3.044474323519111
Synthetic,td3,2718,150,2.8568962427301203,False,2.6658446213446587,False,0.1910516213854616
Synthetic,td3,2718,200,2.844611376180006,False,2.9260625754217715,False,-0.08145119924176569
Synthetic,td3,2718,250,2.850314636748572,False,2.614605307959435,False,0.2357093287891372
Synthetic,td3,2718,300,2.880508922855998,False,2.9551497532468947,False,-0.07464083039089653
Synthetic,td3,314,0,5.278140066858983,False,5.278140066858983,False,0.0
Synthetic,td3,314,50,5.097493860138883,False,-9.509206374478502,False,14.606700234617385
Synthetic,td3,314,99,6.2439984003689935,True,2.6080841850562777,False,3.6359142153127157
Synthetic,td3,314,100,5.384498670452903,False,1.989469880029163,False,3.3950287904237397
Synthetic,td3,314,150,5.332698001411336,False,4.068392324116791,False,1.2643056772945442
Synthetic,td3,314,200,5.095364284006622,False,4.810181426879636,False,0.2851828571269861
Synthetic,td3,314,250,5.030383876304516,False,4.921081181044591,False,0.10930269525992475
Synthetic,td3,42,0,3.5878124411521584,False,3.5878124411521584,False,0.0
Synthetic,td3,42,50,-1.85439093570927,False,3.8779337882274976,False,-5.732324723936768
Synthetic,td3,42,99,7.203343504456521,False,2.4880832044041763,False,4.7152603000523445
Synthetic,td3,42,100,6.98186393828839,False,2.2571081179445716,False,4.724755820343818
Synthetic,td3,42,150,7.290643572090776,False,6.9715248764450575,True,0.3191186956457184
Synthetic,td3,42,200,7.363730594625163,False,6.775125814062339,False,0.5886047805628234
Synthetic,td3,42,250,7.334712634125717,False,6.398231915454513,False,0.9364807186712039
Synthetic,td3,42,300,7.3918264705534495,False,6.28109025534678,False,1.1107362152066695
Synthetic,td3,42,350,7.389372101791275,False,6.338876340288419,False,1.050495761502856
Synthetic,td3,577,0,2.6000828934290916,False,2.6000828934290916,False,0.0
Synthetic,td3,577,50,-2.126030171583518,False,-16.27202519597759,False,14.145995024394072
Synthetic,td3,577,99,1.8772131157133716,False,-8.854941903083922,False,10.732155018797293
Synthetic,td3,577,100,1.1262252131502557,False,-9.373422318958173,False,10.49964753210843
Synthetic,td3,577,150,2.18736028332467,False,-0.838759098638245,False,3.026119381962915
Synthetic,td3,577,200,2.4435492282131612,False,-0.6218725513111225,True,3.065421779524284
Synthetic,td3,577,250,2.911523515455044,False,-1.922395043060482,False,4.833918558515526
Synthetic,td3,577,300,3.258894415697067,True,-3.16290936932466,False,6.421803785021727
Synthetic,td3,577,350,2.731839853427101,False,-1.6510636673932262,False,4.382903520820327
Synthetic,td3,577,400,2.9512627123312623,False,-0.7330640679148112,False,3.6843267802460735
Synthetic,td3,7,0,3.320895216388708,False,3.320895216388708,False,0.0
Synthetic,td3,7,50,-6.769615056180759,False,-17.591378779314663,False,10.821763723133905
Synthetic,td3,7,99,2.5397770439522533,False,-2.3770439778689623,False,4.916821021821216
Synthetic,td3,7,100,2.4219501791127227,False,-2.479881864263563,False,4.901832043376286
Synthetic,td3,7,150,2.8758381664519965,False,1.8289923658640463,False,1.0468458005879502
Synthetic,td3,7,200,2.468088776570618,False,3.7459573942168976,False,-1.2778686176462797
Synthetic,td3,7,250,3.080438601662183,False,4.0863535023804936,False,-1.0059149007183104
Synthetic,td3,7,300,3.7178667191158015,False,4.625423062222806,True,-0.9075563431070046
Synthetic,td3,7,350,4.616286027906752,False,4.51914542602646,False,0.09714060188029183
Synthetic,td3,7,400,4.455339981618952,False,4.397284150681604,False,0.058055830937347785
Synthetic,td3,7,450,4.430270798149432,False,4.175303350859075,False,0.25496744729035736
Synthetic,td3,7,500,4.598038634979631,False,4.001124469031717,False,0.596914165947914
Synthetic,td3,811,0,4.579670454647935,False,4.579670454647935,False,0.0
Synthetic,td3,811,50,-29.978541030388005,False,-16.624848787245657,False,-13.353692243142348
Synthetic,td3,811,99,5.447463015564194,False,-4.059949329367812,False,9.507412344932007
Synthetic,td3,811,100,6.177505352009303,False,-3.467078114908926,False,9.644583466918228
Synthetic,td3,811,150,6.029349011132444,False,3.3186524773457284,False,2.7106965337867157
Synthetic,td3,811,200,6.217390323226387,False,4.451857292268836,True,1.7655330309575508
Synthetic,td3,811,250,5.834223656860078,False,3.469519264232128,False,2.36470439262795
Synthetic,td3,811,300,5.7307088652321,False,3.6763158387366586,False,2.0543930264954415
Synthetic,td3,811,350,5.967975773119992,False,3.8336324309394594,False,2.1343433421805327
Synthetic,td3,811,400,6.448383710564032,False,4.16257884208288,False,2.2858048684811525
Synthetic,td3,99,0,-0.9005913530830575,False,-0.9005913530830575,False,0.0
Synthetic,td3,99,50,-6.0188965429340096,False,-21.43321567533314,False,15.414319132399132
Synthetic,td3,99,99,0.3477425801197904,False,-5.941822052718095,False,6.289564632837886
Synthetic,td3,99,100,-0.1244670856210057,False,-4.589530550877605,False,4.465063465256599
Synthetic,td3,99,150,0.3161725220549074,False,-5.68900168376064,False,6.005174205815548
Synthetic,td3,99,200,0.777267567780252,False,-4.6317331225115685,False,5.409000690291821
Synthetic,td3,99,250,0.6489963885533665,False,-0.8337107823801323,False,1.482707170933499
Synthetic,td3,99,300,0.865791041383648,False,-0.683338820733326,False,1.549129862116974
Synthetic,td3,99,350,0.6474995213284148,False,-0.9151269311483228,False,1.5626264524767377
Synthetic,td3,99,400,1.0978205422621663,False,-0.7602234360321427,False,1.858043978294309
Synthetic,td3,99,450,1.48207032956254,True,-0.6123563293264219,False,2.094426658888962
Synthetic,td3,99,500,1.2373803531972922,False,-0.8914764823289576,False,2.12885683552625
Synthetic,td3,99,550,1.286376827266587,False,-1.2697214074275998,False,2.5560982346941867
Synthetic,td3,99,600,1.4683731044965391,False,-0.7880162304792326,False,2.256389334975772
Synthetic,td3,99,650,1.4677028677959214,False,-0.5451724048511783,False,2.0128752726470998
