contrast_key,contrast,positive_treatment,negative_treatment,algorithm,master_seed,n_episodes,metric,mean_difference,evaluation_seed_sha256,positive_run_dir,negative_run_dir
auction_credit,Dense auction credit (on - off),mechanism_economic_dense,mechanism_economic_sparse,dqn,7,100,risk_adjusted_pnl_bps,1.1519917477880373,f5b36deed641a1a06cf1218d937cee059aad24a0bbdb87ff1ff0b8533a4c4c5d,results/revision_v20/synthetic_rough_heston__mechanism_economic_dense/dqn__mechanism_economic_dense_seed7,results/revision_v20/synthetic_rough_heston__mechanism_economic_sparse/dqn__mechanism_economic_sparse_seed7
auction_credit,Dense auction credit (on - off),mechanism_economic_dense,mechanism_economic_sparse,dqn,42,100,risk_adjusted_pnl_bps,1.5529911419060698,20aaf53fa96e0599c7bbfade342f6bc5d529e917bab746591045965eb382cd69,results/revision_v20/synthetic_rough_heston__mechanism_economic_dense/dqn__mechanism_economic_dense_seed42,results/revision_v20/synthetic_rough_heston__mechanism_economic_sparse/dqn__mechanism_economic_sparse_seed42
auction_credit,Dense auction credit (on - off),mechanism_economic_dense,mechanism_economic_sparse,dqn,99,100,risk_adjusted_pnl_bps,1.6956178865167175,b5f0747d5ea8828c7074e56cea6f14cfe768b7e3dd5fa2100ad1fd33f502e862,results/revision_v20/synthetic_rough_heston__mechanism_economic_dense/dqn__mechanism_economic_dense_seed99,results/revision_v20/synthetic_rough_heston__mechanism_economic_sparse/dqn__mechanism_economic_sparse_seed99
auction_credit,Dense auction credit (on - off),mechanism_economic_dense,mechanism_economic_sparse,dqn,123,100,risk_adjusted_pnl_bps,1.0070798368981135,e411fea4de109f7272b405dde2bf26ae9ebc577940d1e9431474993e5917583c,results/revision_v20/synthetic_rough_heston__mechanism_economic_dense/dqn__mechanism_economic_dense_seed123,results/revision_v20/synthetic_rough_heston__mechanism_economic_sparse/dqn__mechanism_economic_sparse_seed123
auction_credit,Dense auction credit (on - off),mechanism_economic_dense,mechanism_economic_sparse,dqn,314,100,risk_adjusted_pnl_bps,-1.1951114929282143,c832adfa59df1c4aa8c230bbea1f0e3b22788aaf37de7d6f989673264f7d825d,results/revision_v20/synthetic_rough_heston__mechanism_economic_dense/dqn__mechanism_economic_dense_seed314,results/revision_v20/synthetic_rough_heston__mechanism_economic_sparse/dqn__mechanism_economic_sparse_seed314
auction_credit,Dense auction credit (on - off),mechanism_economic_dense,mechanism_economic_sparse,dqn,577,100,risk_adjusted_pnl_bps,1.4576426570564451,321691624ae312fb85ebc6dcf0da414d04504b44c8960235b91ff4e61361509d,results/revision_v20/synthetic_rough_heston__mechanism_economic_dense/dqn__mechanism_economic_dense_seed577,results/revision_v20/synthetic_rough_heston__mechanism_economic_sparse/dqn__mechanism_economic_sparse_seed577
auction_credit,Dense auction credit (on - off),mechanism_economic_dense,mechanism_economic_sparse,dqn,811,100,risk_adjusted_pnl_bps,0.246592345945704,788b35268f2325c4610b267dc970084e524e7109ccaef27ace9181d28c177009,results/revision_v20/synthetic_rough_heston__mechanism_economic_dense/dqn__mechanism_economic_dense_seed811,results/revision_v20/synthetic_rough_heston__mechanism_economic_sparse/dqn__mechanism_economic_sparse_seed811
auction_credit,Dense auction credit (on - off),mechanism_economic_dense,mechanism_economic_sparse,dqn,1618,100,risk_adjusted_pnl_bps,0.20499312329189473,52ffd11a409dd2eeb06706f865c6ee10a1a91941dc271d3e4553f22083b78fe4,results/revision_v20/synthetic_rough_heston__mechanism_economic_dense/dqn__mechanism_economic_dense_seed1618,results/revision_v20/synthetic_rough_heston__mechanism_economic_sparse/dqn__mechanism_economic_sparse_seed1618
auction_credit,Dense auction credit (on - off),mechanism_economic_dense,mechanism_economic_sparse,dqn,2024,100,risk_adjusted_pnl_bps,0.5075618990644278,cc40f6c72dded5043de4784f91f7b16a1d6dece7145b5f972816dafa90412b26,results/revision_v20/synthetic_rough_heston__mechanism_economic_dense/dqn__mechanism_economic_dense_seed2024,results/revision_v20/synthetic_rough_heston__mechanism_economic_sparse/dqn__mechanism_economic_sparse_seed2024
auction_credit,Dense auction credit (on - off),mechanism_economic_dense,mechanism_economic_sparse,dqn,2718,100,risk_adjusted_pnl_bps,0.6269748750979177,1637bb53ccdb501deab14bd5d207917df93900e657c0d410af049b7347793fc4,results/revision_v20/synthetic_rough_heston__mechanism_economic_dense/dqn__mechanism_economic_dense_seed2718,results/revision_v20/synthetic_rough_heston__mechanism_economic_sparse/dqn__mechanism_economic_sparse_seed2718
auction_credit,Dense auction credit (on - off),mechanism_economic_dense,mechanism_economic_sparse,ddpg,7,100,risk_adjusted_pnl_bps,4.598303325067459,f5b36deed641a1a06cf1218d937cee059aad24a0bbdb87ff1ff0b8533a4c4c5d,results/revision_v20/synthetic_rough_heston__mechanism_economic_dense/ddpg__mechanism_economic_dense_seed7,results/revision_v20/synthetic_rough_heston__mechanism_economic_sparse/ddpg__mechanism_economic_sparse_seed7
auction_credit,Dense auction credit (on - off),mechanism_economic_dense,mechanism_economic_sparse,ddpg,42,100,risk_adjusted_pnl_bps,3.4947645588143414,20aaf53fa96e0599c7bbfade342f6bc5d529e917bab746591045965eb382cd69,results/revision_v20/synthetic_rough_heston__mechanism_economic_dense/ddpg__mechanism_economic_dense_seed42,results/revision_v20/synthetic_rough_heston__mechanism_economic_sparse/ddpg__mechanism_economic_sparse_seed42
auction_credit,Dense auction credit (on - off),mechanism_economic_dense,mechanism_economic_sparse,ddpg,99,100,risk_adjusted_pnl_bps,1.725023621889946,b5f0747d5ea8828c7074e56cea6f14cfe768b7e3dd5fa2100ad1fd33f502e862,results/revision_v20/synthetic_rough_heston__mechanism_economic_dense/ddpg__mechanism_economic_dense_seed99,results/revision_v20/synthetic_rough_heston__mechanism_economic_sparse/ddpg__mechanism_economic_sparse_seed99
auction_credit,Dense auction credit (on - off),mechanism_economic_dense,mechanism_economic_sparse,ddpg,123,100,risk_adjusted_pnl_bps,-0.17477233145696758,e411fea4de109f7272b405dde2bf26ae9ebc577940d1e9431474993e5917583c,results/revision_v20/synthetic_rough_heston__mechanism_economic_dense/ddpg__mechanism_economic_dense_seed123,results/revision_v20/synthetic_rough_heston__mechanism_economic_sparse/ddpg__mechanism_economic_sparse_seed123
auction_credit,Dense auction credit (on - off),mechanism_economic_dense,mechanism_economic_sparse,ddpg,314,100,risk_adjusted_pnl_bps,2.4621144674791045,c832adfa59df1c4aa8c230bbea1f0e3b22788aaf37de7d6f989673264f7d825d,results/revision_v20/synthetic_rough_heston__mechanism_economic_dense/ddpg__mechanism_economic_dense_seed314,results/revision_v20/synthetic_rough_heston__mechanism_economic_sparse/ddpg__mechanism_economic_sparse_seed314
auction_credit,Dense auction credit (on - off),mechanism_economic_dense,mechanism_economic_sparse,ddpg,577,100,risk_adjusted_pnl_bps,4.8275222347105,321691624ae312fb85ebc6dcf0da414d04504b44c8960235b91ff4e61361509d,results/revision_v20/synthetic_rough_heston__mechanism_economic_dense/ddpg__mechanism_economic_dense_seed577,results/revision_v20/synthetic_rough_heston__mechanism_economic_sparse/ddpg__mechanism_economic_sparse_seed577
auction_credit,Dense auction credit (on - off),mechanism_economic_dense,mechanism_economic_sparse,ddpg,811,100,risk_adjusted_pnl_bps,0.7601897208949395,788b35268f2325c4610b267dc970084e524e7109ccaef27ace9181d28c177009,results/revision_v20/synthetic_rough_heston__mechanism_economic_dense/ddpg__mechanism_economic_dense_seed811,results/revision_v20/synthetic_rough_heston__mechanism_economic_sparse/ddpg__mechanism_economic_sparse_seed811
auction_credit,Dense auction credit (on - off),mechanism_economic_dense,mechanism_economic_sparse,ddpg,1618,100,risk_adjusted_pnl_bps,3.3305571887408405,52ffd11a409dd2eeb06706f865c6ee10a1a91941dc271d3e4553f22083b78fe4,results/revision_v20/synthetic_rough_heston__mechanism_economic_dense/ddpg__mechanism_economic_dense_seed1618,results/revision_v20/synthetic_rough_heston__mechanism_economic_sparse/ddpg__mechanism_economic_sparse_seed1618
auction_credit,Dense auction credit (on - off),mechanism_economic_dense,mechanism_economic_sparse,ddpg,2024,100,risk_adjusted_pnl_bps,0.10459337781137684,cc40f6c72dded5043de4784f91f7b16a1d6dece7145b5f972816dafa90412b26,results/revision_v20/synthetic_rough_heston__mechanism_economic_dense/ddpg__mechanism_economic_dense_seed2024,results/revision_v20/synthetic_rough_heston__mechanism_economic_sparse/ddpg__mechanism_economic_sparse_seed2024
auction_credit,Dense auction credit (on - off),mechanism_economic_dense,mechanism_economic_sparse,ddpg,2718,100,risk_adjusted_pnl_bps,-0.30798004850527333,1637bb53ccdb501deab14bd5d207917df93900e657c0d410af049b7347793fc4,results/revision_v20/synthetic_rough_heston__mechanism_economic_dense/ddpg__mechanism_economic_dense_seed2718,results/revision_v20/synthetic_rough_heston__mechanism_economic_sparse/ddpg__mechanism_economic_sparse_seed2718
auction_credit,Dense auction credit (on - off),mechanism_economic_dense,mechanism_economic_sparse,td3,7,100,risk_adjusted_pnl_bps,0.7300236620135417,f5b36deed641a1a06cf1218d937cee059aad24a0bbdb87ff1ff0b8533a4c4c5d,results/revision_v20/synthetic_rough_heston__mechanism_economic_dense/td3__mechanism_economic_dense_seed7,results/revision_v20/synthetic_rough_heston__mechanism_economic_sparse/td3__mechanism_economic_sparse_seed7
auction_credit,Dense auction credit (on - off),mechanism_economic_dense,mechanism_economic_sparse,td3,42,100,risk_adjusted_pnl_bps,0.4221283527820785,20aaf53fa96e0599c7bbfade342f6bc5d529e917bab746591045965eb382cd69,results/revision_v20/synthetic_rough_heston__mechanism_economic_dense/td3__mechanism_economic_dense_seed42,results/revision_v20/synthetic_rough_heston__mechanism_economic_sparse/td3__mechanism_economic_sparse_seed42
auction_credit,Dense auction credit (on - off),mechanism_economic_dense,mechanism_economic_sparse,td3,99,100,risk_adjusted_pnl_bps,1.9128524774526416,b5f0747d5ea8828c7074e56cea6f14cfe768b7e3dd5fa2100ad1fd33f502e862,results/revision_v20/synthetic_rough_heston__mechanism_economic_dense/td3__mechanism_economic_dense_seed99,results/revision_v20/synthetic_rough_heston__mechanism_economic_sparse/td3__mechanism_economic_sparse_seed99
auction_credit,Dense auction credit (on - off),mechanism_economic_dense,mechanism_economic_sparse,td3,123,100,risk_adjusted_pnl_bps,1.3483965837965277,e411fea4de109f7272b405dde2bf26ae9ebc577940d1e9431474993e5917583c,results/revision_v20/synthetic_rough_heston__mechanism_economic_dense/td3__mechanism_economic_dense_seed123,results/revision_v20/synthetic_rough_heston__mechanism_economic_sparse/td3__mechanism_economic_sparse_seed123
auction_credit,Dense auction credit (on - off),mechanism_economic_dense,mechanism_economic_sparse,td3,314,100,risk_adjusted_pnl_bps,-1.053582537061812,c832adfa59df1c4aa8c230bbea1f0e3b22788aaf37de7d6f989673264f7d825d,results/revision_v20/synthetic_rough_heston__mechanism_economic_dense/td3__mechanism_economic_dense_seed314,results/revision_v20/synthetic_rough_heston__mechanism_economic_sparse/td3__mechanism_economic_sparse_seed314
auction_credit,Dense auction credit (on - off),mechanism_economic_dense,mechanism_economic_sparse,td3,577,100,risk_adjusted_pnl_bps,4.180307869405515,321691624ae312fb85ebc6dcf0da414d04504b44c8960235b91ff4e61361509d,results/revision_v20/synthetic_rough_heston__mechanism_economic_dense/td3__mechanism_economic_dense_seed577,results/revision_v20/synthetic_rough_heston__mechanism_economic_sparse/td3__mechanism_economic_sparse_seed577
auction_credit,Dense auction credit (on - off),mechanism_economic_dense,mechanism_economic_sparse,td3,811,100,risk_adjusted_pnl_bps,2.789811011320187,788b35268f2325c4610b267dc970084e524e7109ccaef27ace9181d28c177009,results/revision_v20/synthetic_rough_heston__mechanism_economic_dense/td3__mechanism_economic_dense_seed811,results/revision_v20/synthetic_rough_heston__mechanism_economic_sparse/td3__mechanism_economic_sparse_seed811
auction_credit,Dense auction credit (on - off),mechanism_economic_dense,mechanism_economic_sparse,td3,1618,100,risk_adjusted_pnl_bps,3.572247811000995,52ffd11a409dd2eeb06706f865c6ee10a1a91941dc271d3e4553f22083b78fe4,results/revision_v20/synthetic_rough_heston__mechanism_economic_dense/td3__mechanism_economic_dense_seed1618,results/revision_v20/synthetic_rough_heston__mechanism_economic_sparse/td3__mechanism_economic_sparse_seed1618
auction_credit,Dense auction credit (on - off),mechanism_economic_dense,mechanism_economic_sparse,td3,2024,100,risk_adjusted_pnl_bps,2.793246062234997,cc40f6c72dded5043de4784f91f7b16a1d6dece7145b5f972816dafa90412b26,results/revision_v20/synthetic_rough_heston__mechanism_economic_dense/td3__mechanism_economic_dense_seed2024,results/revision_v20/synthetic_rough_heston__mechanism_economic_sparse/td3__mechanism_economic_sparse_seed2024
auction_credit,Dense auction credit (on - off),mechanism_economic_dense,mechanism_economic_sparse,td3,2718,100,risk_adjusted_pnl_bps,1.0549474043394411,1637bb53ccdb501deab14bd5d207917df93900e657c0d410af049b7347793fc4,results/revision_v20/synthetic_rough_heston__mechanism_economic_dense/td3__mechanism_economic_dense_seed2718,results/revision_v20/synthetic_rough_heston__mechanism_economic_sparse/td3__mechanism_economic_sparse_seed2718
auction_credit,Dense auction credit (on - off),mechanism_economic_dense,mechanism_economic_sparse,sac,7,100,risk_adjusted_pnl_bps,-0.658189190283966,f5b36deed641a1a06cf1218d937cee059aad24a0bbdb87ff1ff0b8533a4c4c5d,results/revision_v20/synthetic_rough_heston__mechanism_economic_dense/sac__mechanism_economic_dense_seed7,results/revision_v20/synthetic_rough_heston__mechanism_economic_sparse/sac__mechanism_economic_sparse_seed7
auction_credit,Dense auction credit (on - off),mechanism_economic_dense,mechanism_economic_sparse,sac,42,100,risk_adjusted_pnl_bps,0.02175542404233445,20aaf53fa96e0599c7bbfade342f6bc5d529e917bab746591045965eb382cd69,results/revision_v20/synthetic_rough_heston__mechanism_economic_dense/sac__mechanism_economic_dense_seed42,results/revision_v20/synthetic_rough_heston__mechanism_economic_sparse/sac__mechanism_economic_sparse_seed42
auction_credit,Dense auction credit (on - off),mechanism_economic_dense,mechanism_economic_sparse,sac,99,100,risk_adjusted_pnl_bps,0.483783766611107,b5f0747d5ea8828c7074e56cea6f14cfe768b7e3dd5fa2100ad1fd33f502e862,results/revision_v20/synthetic_rough_heston__mechanism_economic_dense/sac__mechanism_economic_dense_seed99,results/revision_v20/synthetic_rough_heston__mechanism_economic_sparse/sac__mechanism_economic_sparse_seed99
auction_credit,Dense auction credit (on - off),mechanism_economic_dense,mechanism_economic_sparse,sac,123,100,risk_adjusted_pnl_bps,2.1031025307871904,e411fea4de109f7272b405dde2bf26ae9ebc577940d1e9431474993e5917583c,results/revision_v20/synthetic_rough_heston__mechanism_economic_dense/sac__mechanism_economic_dense_seed123,results/revision_v20/synthetic_rough_heston__mechanism_economic_sparse/sac__mechanism_economic_sparse_seed123
auction_credit,Dense auction credit (on - off),mechanism_economic_dense,mechanism_economic_sparse,sac,314,100,risk_adjusted_pnl_bps,2.0764346819119885,c832adfa59df1c4aa8c230bbea1f0e3b22788aaf37de7d6f989673264f7d825d,results/revision_v20/synthetic_rough_heston__mechanism_economic_dense/sac__mechanism_economic_dense_seed314,results/revision_v20/synthetic_rough_heston__mechanism_economic_sparse/sac__mechanism_economic_sparse_seed314
auction_credit,Dense auction credit (on - off),mechanism_economic_dense,mechanism_economic_sparse,sac,577,100,risk_adjusted_pnl_bps,0.7065052549924947,321691624ae312fb85ebc6dcf0da414d04504b44c8960235b91ff4e61361509d,results/revision_v20/synthetic_rough_heston__mechanism_economic_dense/sac__mechanism_economic_dense_seed577,results/revision_v20/synthetic_rough_heston__mechanism_economic_sparse/sac__mechanism_economic_sparse_seed577
auction_credit,Dense auction credit (on - off),mechanism_economic_dense,mechanism_economic_sparse,sac,811,100,risk_adjusted_pnl_bps,1.284892245269897,788b35268f2325c4610b267dc970084e524e7109ccaef27ace9181d28c177009,results/revision_v20/synthetic_rough_heston__mechanism_economic_dense/sac__mechanism_economic_dense_seed811,results/revision_v20/synthetic_rough_heston__mechanism_economic_sparse/sac__mechanism_economic_sparse_seed811
auction_credit,Dense auction credit (on - off),mechanism_economic_dense,mechanism_economic_sparse,sac,1618,100,risk_adjusted_pnl_bps,0.7358391887464043,52ffd11a409dd2eeb06706f865c6ee10a1a91941dc271d3e4553f22083b78fe4,results/revision_v20/synthetic_rough_heston__mechanism_economic_dense/sac__mechanism_economic_dense_seed1618,results/revision_v20/synthetic_rough_heston__mechanism_economic_sparse/sac__mechanism_economic_sparse_seed1618
auction_credit,Dense auction credit (on - off),mechanism_economic_dense,mechanism_economic_sparse,sac,2024,100,risk_adjusted_pnl_bps,0.17163094935906997,cc40f6c72dded5043de4784f91f7b16a1d6dece7145b5f972816dafa90412b26,results/revision_v20/synthetic_rough_heston__mechanism_economic_dense/sac__mechanism_economic_dense_seed2024,results/revision_v20/synthetic_rough_heston__mechanism_economic_sparse/sac__mechanism_economic_sparse_seed2024
auction_credit,Dense auction credit (on - off),mechanism_economic_dense,mechanism_economic_sparse,sac,2718,100,risk_adjusted_pnl_bps,0.5054528321405253,1637bb53ccdb501deab14bd5d207917df93900e657c0d410af049b7347793fc4,results/revision_v20/synthetic_rough_heston__mechanism_economic_dense/sac__mechanism_economic_dense_seed2718,results/revision_v20/synthetic_rough_heston__mechanism_economic_sparse/sac__mechanism_economic_sparse_seed2718
h_feature,"H observation, fixed anchor and economic training (on - off)",mechanism_economic_dense,mechanism_h_feature_off,dqn,7,100,risk_adjusted_pnl_bps,-0.11317572276442003,f5b36deed641a1a06cf1218d937cee059aad24a0bbdb87ff1ff0b8533a4c4c5d,results/revision_v20/synthetic_rough_heston__mechanism_economic_dense/dqn__mechanism_economic_dense_seed7,results/revision_v20/synthetic_rough_heston__mechanism_h_feature_off/dqn__mechanism_h_feature_off_seed7
h_feature,"H observation, fixed anchor and economic training (on - off)",mechanism_economic_dense,mechanism_h_feature_off,dqn,42,100,risk_adjusted_pnl_bps,0.11161238550792102,20aaf53fa96e0599c7bbfade342f6bc5d529e917bab746591045965eb382cd69,results/revision_v20/synthetic_rough_heston__mechanism_economic_dense/dqn__mechanism_economic_dense_seed42,results/revision_v20/synthetic_rough_heston__mechanism_h_feature_off/dqn__mechanism_h_feature_off_seed42
h_feature,"H observation, fixed anchor and economic training (on - off)",mechanism_economic_dense,mechanism_h_feature_off,dqn,99,100,risk_adjusted_pnl_bps,-0.7750853526174663,b5f0747d5ea8828c7074e56cea6f14cfe768b7e3dd5fa2100ad1fd33f502e862,results/revision_v20/synthetic_rough_heston__mechanism_economic_dense/dqn__mechanism_economic_dense_seed99,results/revision_v20/synthetic_rough_heston__mechanism_h_feature_off/dqn__mechanism_h_feature_off_seed99
h_feature,"H observation, fixed anchor and economic training (on - off)",mechanism_economic_dense,mechanism_h_feature_off,dqn,123,100,risk_adjusted_pnl_bps,-0.6749044313057624,e411fea4de109f7272b405dde2bf26ae9ebc577940d1e9431474993e5917583c,results/revision_v20/synthetic_rough_heston__mechanism_economic_dense/dqn__mechanism_economic_dense_seed123,results/revision_v20/synthetic_rough_heston__mechanism_h_feature_off/dqn__mechanism_h_feature_off_seed123
h_feature,"H observation, fixed anchor and economic training (on - off)",mechanism_economic_dense,mechanism_h_feature_off,dqn,314,100,risk_adjusted_pnl_bps,-0.8827179138092728,c832adfa59df1c4aa8c230bbea1f0e3b22788aaf37de7d6f989673264f7d825d,results/revision_v20/synthetic_rough_heston__mechanism_economic_dense/dqn__mechanism_economic_dense_seed314,results/revision_v20/synthetic_rough_heston__mechanism_h_feature_off/dqn__mechanism_h_feature_off_seed314
h_feature,"H observation, fixed anchor and economic training (on - off)",mechanism_economic_dense,mechanism_h_feature_off,dqn,577,100,risk_adjusted_pnl_bps,-0.42154826848275845,321691624ae312fb85ebc6dcf0da414d04504b44c8960235b91ff4e61361509d,results/revision_v20/synthetic_rough_heston__mechanism_economic_dense/dqn__mechanism_economic_dense_seed577,results/revision_v20/synthetic_rough_heston__mechanism_h_feature_off/dqn__mechanism_h_feature_off_seed577
h_feature,"H observation, fixed anchor and economic training (on - off)",mechanism_economic_dense,mechanism_h_feature_off,dqn,811,100,risk_adjusted_pnl_bps,0.12397408234784665,788b35268f2325c4610b267dc970084e524e7109ccaef27ace9181d28c177009,results/revision_v20/synthetic_rough_heston__mechanism_economic_dense/dqn__mechanism_economic_dense_seed811,results/revision_v20/synthetic_rough_heston__mechanism_h_feature_off/dqn__mechanism_h_feature_off_seed811
h_feature,"H observation, fixed anchor and economic training (on - off)",mechanism_economic_dense,mechanism_h_feature_off,dqn,1618,100,risk_adjusted_pnl_bps,-1.2509864993624442,52ffd11a409dd2eeb06706f865c6ee10a1a91941dc271d3e4553f22083b78fe4,results/revision_v20/synthetic_rough_heston__mechanism_economic_dense/dqn__mechanism_economic_dense_seed1618,results/revision_v20/synthetic_rough_heston__mechanism_h_feature_off/dqn__mechanism_h_feature_off_seed1618
h_feature,"H observation, fixed anchor and economic training (on - off)",mechanism_economic_dense,mechanism_h_feature_off,dqn,2024,100,risk_adjusted_pnl_bps,-1.0641296491792331,cc40f6c72dded5043de4784f91f7b16a1d6dece7145b5f972816dafa90412b26,results/revision_v20/synthetic_rough_heston__mechanism_economic_dense/dqn__mechanism_economic_dense_seed2024,results/revision_v20/synthetic_rough_heston__mechanism_h_feature_off/dqn__mechanism_h_feature_off_seed2024
h_feature,"H observation, fixed anchor and economic training (on - off)",mechanism_economic_dense,mechanism_h_feature_off,dqn,2718,100,risk_adjusted_pnl_bps,0.5313398030684229,1637bb53ccdb501deab14bd5d207917df93900e657c0d410af049b7347793fc4,results/revision_v20/synthetic_rough_heston__mechanism_economic_dense/dqn__mechanism_economic_dense_seed2718,results/revision_v20/synthetic_rough_heston__mechanism_h_feature_off/dqn__mechanism_h_feature_off_seed2718
h_feature,"H observation, fixed anchor and economic training (on - off)",mechanism_economic_dense,mechanism_h_feature_off,ddpg,7,100,risk_adjusted_pnl_bps,-0.007975451653859196,f5b36deed641a1a06cf1218d937cee059aad24a0bbdb87ff1ff0b8533a4c4c5d,results/revision_v20/synthetic_rough_heston__mechanism_economic_dense/ddpg__mechanism_economic_dense_seed7,results/revision_v20/synthetic_rough_heston__mechanism_h_feature_off/ddpg__mechanism_h_feature_off_seed7
h_feature,"H observation, fixed anchor and economic training (on - off)",mechanism_economic_dense,mechanism_h_feature_off,ddpg,42,100,risk_adjusted_pnl_bps,0.6988470880968817,20aaf53fa96e0599c7bbfade342f6bc5d529e917bab746591045965eb382cd69,results/revision_v20/synthetic_rough_heston__mechanism_economic_dense/ddpg__mechanism_economic_dense_seed42,results/revision_v20/synthetic_rough_heston__mechanism_h_feature_off/ddpg__mechanism_h_feature_off_seed42
h_feature,"H observation, fixed anchor and economic training (on - off)",mechanism_economic_dense,mechanism_h_feature_off,ddpg,99,100,risk_adjusted_pnl_bps,-0.4046662480866578,b5f0747d5ea8828c7074e56cea6f14cfe768b7e3dd5fa2100ad1fd33f502e862,results/revision_v20/synthetic_rough_heston__mechanism_economic_dense/ddpg__mechanism_economic_dense_seed99,results/revision_v20/synthetic_rough_heston__mechanism_h_feature_off/ddpg__mechanism_h_feature_off_seed99
h_feature,"H observation, fixed anchor and economic training (on - off)",mechanism_economic_dense,mechanism_h_feature_off,ddpg,123,100,risk_adjusted_pnl_bps,-2.7540796986170597,e411fea4de109f7272b405dde2bf26ae9ebc577940d1e9431474993e5917583c,results/revision_v20/synthetic_rough_heston__mechanism_economic_dense/ddpg__mechanism_economic_dense_seed123,results/revision_v20/synthetic_rough_heston__mechanism_h_feature_off/ddpg__mechanism_h_feature_off_seed123
h_feature,"H observation, fixed anchor and economic training (on - off)",mechanism_economic_dense,mechanism_h_feature_off,ddpg,314,100,risk_adjusted_pnl_bps,0.14933130812125467,c832adfa59df1c4aa8c230bbea1f0e3b22788aaf37de7d6f989673264f7d825d,results/revision_v20/synthetic_rough_heston__mechanism_economic_dense/ddpg__mechanism_economic_dense_seed314,results/revision_v20/synthetic_rough_heston__mechanism_h_feature_off/ddpg__mechanism_h_feature_off_seed314
h_feature,"H observation, fixed anchor and economic training (on - off)",mechanism_economic_dense,mechanism_h_feature_off,ddpg,577,100,risk_adjusted_pnl_bps,-0.060527958212029206,321691624ae312fb85ebc6dcf0da414d04504b44c8960235b91ff4e61361509d,results/revision_v20/synthetic_rough_heston__mechanism_economic_dense/ddpg__mechanism_economic_dense_seed577,results/revision_v20/synthetic_rough_heston__mechanism_h_feature_off/ddpg__mechanism_h_feature_off_seed577
h_feature,"H observation, fixed anchor and economic training (on - off)",mechanism_economic_dense,mechanism_h_feature_off,ddpg,811,100,risk_adjusted_pnl_bps,-0.45869123040896426,788b35268f2325c4610b267dc970084e524e7109ccaef27ace9181d28c177009,results/revision_v20/synthetic_rough_heston__mechanism_economic_dense/ddpg__mechanism_economic_dense_seed811,results/revision_v20/synthetic_rough_heston__mechanism_h_feature_off/ddpg__mechanism_h_feature_off_seed811
h_feature,"H observation, fixed anchor and economic training (on - off)",mechanism_economic_dense,mechanism_h_feature_off,ddpg,1618,100,risk_adjusted_pnl_bps,0.1748340641694829,52ffd11a409dd2eeb06706f865c6ee10a1a91941dc271d3e4553f22083b78fe4,results/revision_v20/synthetic_rough_heston__mechanism_economic_dense/ddpg__mechanism_economic_dense_seed1618,results/revision_v20/synthetic_rough_heston__mechanism_h_feature_off/ddpg__mechanism_h_feature_off_seed1618
h_feature,"H observation, fixed anchor and economic training (on - off)",mechanism_economic_dense,mechanism_h_feature_off,ddpg,2024,100,risk_adjusted_pnl_bps,-0.23571104364738535,cc40f6c72dded5043de4784f91f7b16a1d6dece7145b5f972816dafa90412b26,results/revision_v20/synthetic_rough_heston__mechanism_economic_dense/ddpg__mechanism_economic_dense_seed2024,results/revision_v20/synthetic_rough_heston__mechanism_h_feature_off/ddpg__mechanism_h_feature_off_seed2024
h_feature,"H observation, fixed anchor and economic training (on - off)",mechanism_economic_dense,mechanism_h_feature_off,ddpg,2718,100,risk_adjusted_pnl_bps,-0.28542110535873993,1637bb53ccdb501deab14bd5d207917df93900e657c0d410af049b7347793fc4,results/revision_v20/synthetic_rough_heston__mechanism_economic_dense/ddpg__mechanism_economic_dense_seed2718,results/revision_v20/synthetic_rough_heston__mechanism_h_feature_off/ddpg__mechanism_h_feature_off_seed2718
h_feature,"H observation, fixed anchor and economic training (on - off)",mechanism_economic_dense,mechanism_h_feature_off,td3,7,100,risk_adjusted_pnl_bps,0.45884759762736926,f5b36deed641a1a06cf1218d937cee059aad24a0bbdb87ff1ff0b8533a4c4c5d,results/revision_v20/synthetic_rough_heston__mechanism_economic_dense/td3__mechanism_economic_dense_seed7,results/revision_v20/synthetic_rough_heston__mechanism_h_feature_off/td3__mechanism_h_feature_off_seed7
h_feature,"H observation, fixed anchor and economic training (on - off)",mechanism_economic_dense,mechanism_h_feature_off,td3,42,100,risk_adjusted_pnl_bps,0.9683820694300721,20aaf53fa96e0599c7bbfade342f6bc5d529e917bab746591045965eb382cd69,results/revision_v20/synthetic_rough_heston__mechanism_economic_dense/td3__mechanism_economic_dense_seed42,results/revision_v20/synthetic_rough_heston__mechanism_h_feature_off/td3__mechanism_h_feature_off_seed42
h_feature,"H observation, fixed anchor and economic training (on - off)",mechanism_economic_dense,mechanism_h_feature_off,td3,99,100,risk_adjusted_pnl_bps,1.3091094631349676,b5f0747d5ea8828c7074e56cea6f14cfe768b7e3dd5fa2100ad1fd33f502e862,results/revision_v20/synthetic_rough_heston__mechanism_economic_dense/td3__mechanism_economic_dense_seed99,results/revision_v20/synthetic_rough_heston__mechanism_h_feature_off/td3__mechanism_h_feature_off_seed99
h_feature,"H observation, fixed anchor and economic training (on - off)",mechanism_economic_dense,mechanism_h_feature_off,td3,123,100,risk_adjusted_pnl_bps,1.0431424984908344,e411fea4de109f7272b405dde2bf26ae9ebc577940d1e9431474993e5917583c,results/revision_v20/synthetic_rough_heston__mechanism_economic_dense/td3__mechanism_economic_dense_seed123,results/revision_v20/synthetic_rough_heston__mechanism_h_feature_off/td3__mechanism_h_feature_off_seed123
h_feature,"H observation, fixed anchor and economic training (on - off)",mechanism_economic_dense,mechanism_h_feature_off,td3,314,100,risk_adjusted_pnl_bps,-1.246203625599109,c832adfa59df1c4aa8c230bbea1f0e3b22788aaf37de7d6f989673264f7d825d,results/revision_v20/synthetic_rough_heston__mechanism_economic_dense/td3__mechanism_economic_dense_seed314,results/revision_v20/synthetic_rough_heston__mechanism_h_feature_off/td3__mechanism_h_feature_off_seed314
h_feature,"H observation, fixed anchor and economic training (on - off)",mechanism_economic_dense,mechanism_h_feature_off,td3,577,100,risk_adjusted_pnl_bps,-0.1488890248055142,321691624ae312fb85ebc6dcf0da414d04504b44c8960235b91ff4e61361509d,results/revision_v20/synthetic_rough_heston__mechanism_economic_dense/td3__mechanism_economic_dense_seed577,results/revision_v20/synthetic_rough_heston__mechanism_h_feature_off/td3__mechanism_h_feature_off_seed577
h_feature,"H observation, fixed anchor and economic training (on - off)",mechanism_economic_dense,mechanism_h_feature_off,td3,811,100,risk_adjusted_pnl_bps,-0.6340993562662669,788b35268f2325c4610b267dc970084e524e7109ccaef27ace9181d28c177009,results/revision_v20/synthetic_rough_heston__mechanism_economic_dense/td3__mechanism_economic_dense_seed811,results/revision_v20/synthetic_rough_heston__mechanism_h_feature_off/td3__mechanism_h_feature_off_seed811
h_feature,"H observation, fixed anchor and economic training (on - off)",mechanism_economic_dense,mechanism_h_feature_off,td3,1618,100,risk_adjusted_pnl_bps,-1.3487385370691731,52ffd11a409dd2eeb06706f865c6ee10a1a91941dc271d3e4553f22083b78fe4,results/revision_v20/synthetic_rough_heston__mechanism_economic_dense/td3__mechanism_economic_dense_seed1618,results/revision_v20/synthetic_rough_heston__mechanism_h_feature_off/td3__mechanism_h_feature_off_seed1618
h_feature,"H observation, fixed anchor and economic training (on - off)",mechanism_economic_dense,mechanism_h_feature_off,td3,2024,100,risk_adjusted_pnl_bps,0.21556141953324673,cc40f6c72dded5043de4784f91f7b16a1d6dece7145b5f972816dafa90412b26,results/revision_v20/synthetic_rough_heston__mechanism_economic_dense/td3__mechanism_economic_dense_seed2024,results/revision_v20/synthetic_rough_heston__mechanism_h_feature_off/td3__mechanism_h_feature_off_seed2024
h_feature,"H observation, fixed anchor and economic training (on - off)",mechanism_economic_dense,mechanism_h_feature_off,td3,2718,100,risk_adjusted_pnl_bps,-0.27887430316382206,1637bb53ccdb501deab14bd5d207917df93900e657c0d410af049b7347793fc4,results/revision_v20/synthetic_rough_heston__mechanism_economic_dense/td3__mechanism_economic_dense_seed2718,results/revision_v20/synthetic_rough_heston__mechanism_h_feature_off/td3__mechanism_h_feature_off_seed2718
h_feature,"H observation, fixed anchor and economic training (on - off)",mechanism_economic_dense,mechanism_h_feature_off,sac,7,100,risk_adjusted_pnl_bps,1.264116032425832,f5b36deed641a1a06cf1218d937cee059aad24a0bbdb87ff1ff0b8533a4c4c5d,results/revision_v20/synthetic_rough_heston__mechanism_economic_dense/sac__mechanism_economic_dense_seed7,results/revision_v20/synthetic_rough_heston__mechanism_h_feature_off/sac__mechanism_h_feature_off_seed7
h_feature,"H observation, fixed anchor and economic training (on - off)",mechanism_economic_dense,mechanism_h_feature_off,sac,42,100,risk_adjusted_pnl_bps,-0.09120015165213033,20aaf53fa96e0599c7bbfade342f6bc5d529e917bab746591045965eb382cd69,results/revision_v20/synthetic_rough_heston__mechanism_economic_dense/sac__mechanism_economic_dense_seed42,results/revision_v20/synthetic_rough_heston__mechanism_h_feature_off/sac__mechanism_h_feature_off_seed42
h_feature,"H observation, fixed anchor and economic training (on - off)",mechanism_economic_dense,mechanism_h_feature_off,sac,99,100,risk_adjusted_pnl_bps,0.20800748343495645,b5f0747d5ea8828c7074e56cea6f14cfe768b7e3dd5fa2100ad1fd33f502e862,results/revision_v20/synthetic_rough_heston__mechanism_economic_dense/sac__mechanism_economic_dense_seed99,results/revision_v20/synthetic_rough_heston__mechanism_h_feature_off/sac__mechanism_h_feature_off_seed99
h_feature,"H observation, fixed anchor and economic training (on - off)",mechanism_economic_dense,mechanism_h_feature_off,sac,123,100,risk_adjusted_pnl_bps,2.2418544257030106,e411fea4de109f7272b405dde2bf26ae9ebc577940d1e9431474993e5917583c,results/revision_v20/synthetic_rough_heston__mechanism_economic_dense/sac__mechanism_economic_dense_seed123,results/revision_v20/synthetic_rough_heston__mechanism_h_feature_off/sac__mechanism_h_feature_off_seed123
h_feature,"H observation, fixed anchor and economic training (on - off)",mechanism_economic_dense,mechanism_h_feature_off,sac,314,100,risk_adjusted_pnl_bps,0.2266150615103132,c832adfa59df1c4aa8c230bbea1f0e3b22788aaf37de7d6f989673264f7d825d,results/revision_v20/synthetic_rough_heston__mechanism_economic_dense/sac__mechanism_economic_dense_seed314,results/revision_v20/synthetic_rough_heston__mechanism_h_feature_off/sac__mechanism_h_feature_off_seed314
h_feature,"H observation, fixed anchor and economic training (on - off)",mechanism_economic_dense,mechanism_h_feature_off,sac,577,100,risk_adjusted_pnl_bps,0.9364775894695618,321691624ae312fb85ebc6dcf0da414d04504b44c8960235b91ff4e61361509d,results/revision_v20/synthetic_rough_heston__mechanism_economic_dense/sac__mechanism_economic_dense_seed577,results/revision_v20/synthetic_rough_heston__mechanism_h_feature_off/sac__mechanism_h_feature_off_seed577
h_feature,"H observation, fixed anchor and economic training (on - off)",mechanism_economic_dense,mechanism_h_feature_off,sac,811,100,risk_adjusted_pnl_bps,-0.043893461058650655,788b35268f2325c4610b267dc970084e524e7109ccaef27ace9181d28c177009,results/revision_v20/synthetic_rough_heston__mechanism_economic_dense/sac__mechanism_economic_dense_seed811,results/revision_v20/synthetic_rough_heston__mechanism_h_feature_off/sac__mechanism_h_feature_off_seed811
h_feature,"H observation, fixed anchor and economic training (on - off)",mechanism_economic_dense,mechanism_h_feature_off,sac,1618,100,risk_adjusted_pnl_bps,0.30624134150788923,52ffd11a409dd2eeb06706f865c6ee10a1a91941dc271d3e4553f22083b78fe4,results/revision_v20/synthetic_rough_heston__mechanism_economic_dense/sac__mechanism_economic_dense_seed1618,results/revision_v20/synthetic_rough_heston__mechanism_h_feature_off/sac__mechanism_h_feature_off_seed1618
h_feature,"H observation, fixed anchor and economic training (on - off)",mechanism_economic_dense,mechanism_h_feature_off,sac,2024,100,risk_adjusted_pnl_bps,-0.1020570453531541,cc40f6c72dded5043de4784f91f7b16a1d6dece7145b5f972816dafa90412b26,results/revision_v20/synthetic_rough_heston__mechanism_economic_dense/sac__mechanism_economic_dense_seed2024,results/revision_v20/synthetic_rough_heston__mechanism_h_feature_off/sac__mechanism_h_feature_off_seed2024
h_feature,"H observation, fixed anchor and economic training (on - off)",mechanism_economic_dense,mechanism_h_feature_off,sac,2718,100,risk_adjusted_pnl_bps,-0.5697754065521897,1637bb53ccdb501deab14bd5d207917df93900e657c0d410af049b7347793fc4,results/revision_v20/synthetic_rough_heston__mechanism_economic_dense/sac__mechanism_economic_dense_seed2718,results/revision_v20/synthetic_rough_heston__mechanism_h_feature_off/sac__mechanism_h_feature_off_seed2718
h_anchor,Auction anchor (indicative - frozen mid),headline,mechanism_fixed_anchor,dqn,7,100,risk_adjusted_pnl_bps,-0.8440471239387608,f5b36deed641a1a06cf1218d937cee059aad24a0bbdb87ff1ff0b8533a4c4c5d,results/revision_v20/synthetic_rough_heston/dqn_seed7,results/revision_v20/synthetic_rough_heston__mechanism_fixed_anchor/dqn__mechanism_fixed_anchor_seed7
h_anchor,Auction anchor (indicative - frozen mid),headline,mechanism_fixed_anchor,dqn,42,100,risk_adjusted_pnl_bps,-0.6879053017300555,20aaf53fa96e0599c7bbfade342f6bc5d529e917bab746591045965eb382cd69,results/revision_v20/synthetic_rough_heston/dqn_seed42,results/revision_v20/synthetic_rough_heston__mechanism_fixed_anchor/dqn__mechanism_fixed_anchor_seed42
h_anchor,Auction anchor (indicative - frozen mid),headline,mechanism_fixed_anchor,dqn,99,100,risk_adjusted_pnl_bps,-0.5799734386136293,b5f0747d5ea8828c7074e56cea6f14cfe768b7e3dd5fa2100ad1fd33f502e862,results/revision_v20/synthetic_rough_heston/dqn_seed99,results/revision_v20/synthetic_rough_heston__mechanism_fixed_anchor/dqn__mechanism_fixed_anchor_seed99
h_anchor,Auction anchor (indicative - frozen mid),headline,mechanism_fixed_anchor,dqn,123,100,risk_adjusted_pnl_bps,-1.2160824777219355,e411fea4de109f7272b405dde2bf26ae9ebc577940d1e9431474993e5917583c,results/revision_v20/synthetic_rough_heston/dqn_seed123,results/revision_v20/synthetic_rough_heston__mechanism_fixed_anchor/dqn__mechanism_fixed_anchor_seed123
h_anchor,Auction anchor (indicative - frozen mid),headline,mechanism_fixed_anchor,dqn,314,100,risk_adjusted_pnl_bps,-0.9743172286396456,c832adfa59df1c4aa8c230bbea1f0e3b22788aaf37de7d6f989673264f7d825d,results/revision_v20/synthetic_rough_heston/dqn_seed314,results/revision_v20/synthetic_rough_heston__mechanism_fixed_anchor/dqn__mechanism_fixed_anchor_seed314
h_anchor,Auction anchor (indicative - frozen mid),headline,mechanism_fixed_anchor,dqn,577,100,risk_adjusted_pnl_bps,1.0346813127788659,321691624ae312fb85ebc6dcf0da414d04504b44c8960235b91ff4e61361509d,results/revision_v20/synthetic_rough_heston/dqn_seed577,results/revision_v20/synthetic_rough_heston__mechanism_fixed_anchor/dqn__mechanism_fixed_anchor_seed577
h_anchor,Auction anchor (indicative - frozen mid),headline,mechanism_fixed_anchor,dqn,811,100,risk_adjusted_pnl_bps,-0.9247531648708359,788b35268f2325c4610b267dc970084e524e7109ccaef27ace9181d28c177009,results/revision_v20/synthetic_rough_heston/dqn_seed811,results/revision_v20/synthetic_rough_heston__mechanism_fixed_anchor/dqn__mechanism_fixed_anchor_seed811
h_anchor,Auction anchor (indicative - frozen mid),headline,mechanism_fixed_anchor,dqn,1618,100,risk_adjusted_pnl_bps,0.16591010804003445,52ffd11a409dd2eeb06706f865c6ee10a1a91941dc271d3e4553f22083b78fe4,results/revision_v20/synthetic_rough_heston/dqn_seed1618,results/revision_v20/synthetic_rough_heston__mechanism_fixed_anchor/dqn__mechanism_fixed_anchor_seed1618
h_anchor,Auction anchor (indicative - frozen mid),headline,mechanism_fixed_anchor,dqn,2024,100,risk_adjusted_pnl_bps,0.839083443466321,cc40f6c72dded5043de4784f91f7b16a1d6dece7145b5f972816dafa90412b26,results/revision_v20/synthetic_rough_heston/dqn_seed2024,results/revision_v20/synthetic_rough_heston__mechanism_fixed_anchor/dqn__mechanism_fixed_anchor_seed2024
h_anchor,Auction anchor (indicative - frozen mid),headline,mechanism_fixed_anchor,dqn,2718,100,risk_adjusted_pnl_bps,-1.2592671366844916,1637bb53ccdb501deab14bd5d207917df93900e657c0d410af049b7347793fc4,results/revision_v20/synthetic_rough_heston/dqn_seed2718,results/revision_v20/synthetic_rough_heston__mechanism_fixed_anchor/dqn__mechanism_fixed_anchor_seed2718
h_anchor,Auction anchor (indicative - frozen mid),headline,mechanism_fixed_anchor,ddpg,7,100,risk_adjusted_pnl_bps,-1.5449814324331859,f5b36deed641a1a06cf1218d937cee059aad24a0bbdb87ff1ff0b8533a4c4c5d,results/revision_v20/synthetic_rough_heston/ddpg_seed7,results/revision_v20/synthetic_rough_heston__mechanism_fixed_anchor/ddpg__mechanism_fixed_anchor_seed7
h_anchor,Auction anchor (indicative - frozen mid),headline,mechanism_fixed_anchor,ddpg,42,100,risk_adjusted_pnl_bps,-0.18192498199835438,20aaf53fa96e0599c7bbfade342f6bc5d529e917bab746591045965eb382cd69,results/revision_v20/synthetic_rough_heston/ddpg_seed42,results/revision_v20/synthetic_rough_heston__mechanism_fixed_anchor/ddpg__mechanism_fixed_anchor_seed42
h_anchor,Auction anchor (indicative - frozen mid),headline,mechanism_fixed_anchor,ddpg,99,100,risk_adjusted_pnl_bps,0.2719153980424888,b5f0747d5ea8828c7074e56cea6f14cfe768b7e3dd5fa2100ad1fd33f502e862,results/revision_v20/synthetic_rough_heston/ddpg_seed99,results/revision_v20/synthetic_rough_heston__mechanism_fixed_anchor/ddpg__mechanism_fixed_anchor_seed99
h_anchor,Auction anchor (indicative - frozen mid),headline,mechanism_fixed_anchor,ddpg,123,100,risk_adjusted_pnl_bps,-0.8278093271138925,e411fea4de109f7272b405dde2bf26ae9ebc577940d1e9431474993e5917583c,results/revision_v20/synthetic_rough_heston/ddpg_seed123,results/revision_v20/synthetic_rough_heston__mechanism_fixed_anchor/ddpg__mechanism_fixed_anchor_seed123
h_anchor,Auction anchor (indicative - frozen mid),headline,mechanism_fixed_anchor,ddpg,314,100,risk_adjusted_pnl_bps,-0.19775844153704827,c832adfa59df1c4aa8c230bbea1f0e3b22788aaf37de7d6f989673264f7d825d,results/revision_v20/synthetic_rough_heston/ddpg_seed314,results/revision_v20/synthetic_rough_heston__mechanism_fixed_anchor/ddpg__mechanism_fixed_anchor_seed314
h_anchor,Auction anchor (indicative - frozen mid),headline,mechanism_fixed_anchor,ddpg,577,100,risk_adjusted_pnl_bps,0.4447079914000285,321691624ae312fb85ebc6dcf0da414d04504b44c8960235b91ff4e61361509d,results/revision_v20/synthetic_rough_heston/ddpg_seed577,results/revision_v20/synthetic_rough_heston__mechanism_fixed_anchor/ddpg__mechanism_fixed_anchor_seed577
h_anchor,Auction anchor (indicative - frozen mid),headline,mechanism_fixed_anchor,ddpg,811,100,risk_adjusted_pnl_bps,-0.5654376867172676,788b35268f2325c4610b267dc970084e524e7109ccaef27ace9181d28c177009,results/revision_v20/synthetic_rough_heston/ddpg_seed811,results/revision_v20/synthetic_rough_heston__mechanism_fixed_anchor/ddpg__mechanism_fixed_anchor_seed811
h_anchor,Auction anchor (indicative - frozen mid),headline,mechanism_fixed_anchor,ddpg,1618,100,risk_adjusted_pnl_bps,-0.4465766533062359,52ffd11a409dd2eeb06706f865c6ee10a1a91941dc271d3e4553f22083b78fe4,results/revision_v20/synthetic_rough_heston/ddpg_seed1618,results/revision_v20/synthetic_rough_heston__mechanism_fixed_anchor/ddpg__mechanism_fixed_anchor_seed1618
h_anchor,Auction anchor (indicative - frozen mid),headline,mechanism_fixed_anchor,ddpg,2024,100,risk_adjusted_pnl_bps,-0.2683838856313116,cc40f6c72dded5043de4784f91f7b16a1d6dece7145b5f972816dafa90412b26,results/revision_v20/synthetic_rough_heston/ddpg_seed2024,results/revision_v20/synthetic_rough_heston__mechanism_fixed_anchor/ddpg__mechanism_fixed_anchor_seed2024
h_anchor,Auction anchor (indicative - frozen mid),headline,mechanism_fixed_anchor,ddpg,2718,100,risk_adjusted_pnl_bps,-0.39300819830613776,1637bb53ccdb501deab14bd5d207917df93900e657c0d410af049b7347793fc4,results/revision_v20/synthetic_rough_heston/ddpg_seed2718,results/revision_v20/synthetic_rough_heston__mechanism_fixed_anchor/ddpg__mechanism_fixed_anchor_seed2718
h_anchor,Auction anchor (indicative - frozen mid),headline,mechanism_fixed_anchor,td3,7,100,risk_adjusted_pnl_bps,-0.6241667367890519,f5b36deed641a1a06cf1218d937cee059aad24a0bbdb87ff1ff0b8533a4c4c5d,results/revision_v20/synthetic_rough_heston/td3_seed7,results/revision_v20/synthetic_rough_heston__mechanism_fixed_anchor/td3__mechanism_fixed_anchor_seed7
h_anchor,Auction anchor (indicative - frozen mid),headline,mechanism_fixed_anchor,td3,42,100,risk_adjusted_pnl_bps,-0.7857769874529675,20aaf53fa96e0599c7bbfade342f6bc5d529e917bab746591045965eb382cd69,results/revision_v20/synthetic_rough_heston/td3_seed42,results/revision_v20/synthetic_rough_heston__mechanism_fixed_anchor/td3__mechanism_fixed_anchor_seed42
h_anchor,Auction anchor (indicative - frozen mid),headline,mechanism_fixed_anchor,td3,99,100,risk_adjusted_pnl_bps,-0.39909354542943376,b5f0747d5ea8828c7074e56cea6f14cfe768b7e3dd5fa2100ad1fd33f502e862,results/revision_v20/synthetic_rough_heston/td3_seed99,results/revision_v20/synthetic_rough_heston__mechanism_fixed_anchor/td3__mechanism_fixed_anchor_seed99
h_anchor,Auction anchor (indicative - frozen mid),headline,mechanism_fixed_anchor,td3,123,100,risk_adjusted_pnl_bps,-0.21484575421318702,e411fea4de109f7272b405dde2bf26ae9ebc577940d1e9431474993e5917583c,results/revision_v20/synthetic_rough_heston/td3_seed123,results/revision_v20/synthetic_rough_heston__mechanism_fixed_anchor/td3__mechanism_fixed_anchor_seed123
h_anchor,Auction anchor (indicative - frozen mid),headline,mechanism_fixed_anchor,td3,314,100,risk_adjusted_pnl_bps,-0.5311581137112512,c832adfa59df1c4aa8c230bbea1f0e3b22788aaf37de7d6f989673264f7d825d,results/revision_v20/synthetic_rough_heston/td3_seed314,results/revision_v20/synthetic_rough_heston__mechanism_fixed_anchor/td3__mechanism_fixed_anchor_seed314
h_anchor,Auction anchor (indicative - frozen mid),headline,mechanism_fixed_anchor,td3,577,100,risk_adjusted_pnl_bps,-1.0307100594400163,321691624ae312fb85ebc6dcf0da414d04504b44c8960235b91ff4e61361509d,results/revision_v20/synthetic_rough_heston/td3_seed577,results/revision_v20/synthetic_rough_heston__mechanism_fixed_anchor/td3__mechanism_fixed_anchor_seed577
h_anchor,Auction anchor (indicative - frozen mid),headline,mechanism_fixed_anchor,td3,811,100,risk_adjusted_pnl_bps,-0.5314121456898757,788b35268f2325c4610b267dc970084e524e7109ccaef27ace9181d28c177009,results/revision_v20/synthetic_rough_heston/td3_seed811,results/revision_v20/synthetic_rough_heston__mechanism_fixed_anchor/td3__mechanism_fixed_anchor_seed811
h_anchor,Auction anchor (indicative - frozen mid),headline,mechanism_fixed_anchor,td3,1618,100,risk_adjusted_pnl_bps,0.9279866619231453,52ffd11a409dd2eeb06706f865c6ee10a1a91941dc271d3e4553f22083b78fe4,results/revision_v20/synthetic_rough_heston/td3_seed1618,results/revision_v20/synthetic_rough_heston__mechanism_fixed_anchor/td3__mechanism_fixed_anchor_seed1618
h_anchor,Auction anchor (indicative - frozen mid),headline,mechanism_fixed_anchor,td3,2024,100,risk_adjusted_pnl_bps,-0.5203707141027422,cc40f6c72dded5043de4784f91f7b16a1d6dece7145b5f972816dafa90412b26,results/revision_v20/synthetic_rough_heston/td3_seed2024,results/revision_v20/synthetic_rough_heston__mechanism_fixed_anchor/td3__mechanism_fixed_anchor_seed2024
h_anchor,Auction anchor (indicative - frozen mid),headline,mechanism_fixed_anchor,td3,2718,100,risk_adjusted_pnl_bps,-0.4987763377416272,1637bb53ccdb501deab14bd5d207917df93900e657c0d410af049b7347793fc4,results/revision_v20/synthetic_rough_heston/td3_seed2718,results/revision_v20/synthetic_rough_heston__mechanism_fixed_anchor/td3__mechanism_fixed_anchor_seed2718
h_anchor,Auction anchor (indicative - frozen mid),headline,mechanism_fixed_anchor,sac,7,100,risk_adjusted_pnl_bps,-0.631658385812688,f5b36deed641a1a06cf1218d937cee059aad24a0bbdb87ff1ff0b8533a4c4c5d,results/revision_v20/synthetic_rough_heston/sac_seed7,results/revision_v20/synthetic_rough_heston__mechanism_fixed_anchor/sac__mechanism_fixed_anchor_seed7
h_anchor,Auction anchor (indicative - frozen mid),headline,mechanism_fixed_anchor,sac,42,100,risk_adjusted_pnl_bps,-2.398841142731716,20aaf53fa96e0599c7bbfade342f6bc5d529e917bab746591045965eb382cd69,results/revision_v20/synthetic_rough_heston/sac_seed42,results/revision_v20/synthetic_rough_heston__mechanism_fixed_anchor/sac__mechanism_fixed_anchor_seed42
h_anchor,Auction anchor (indicative - frozen mid),headline,mechanism_fixed_anchor,sac,99,100,risk_adjusted_pnl_bps,-1.2610184844877466,b5f0747d5ea8828c7074e56cea6f14cfe768b7e3dd5fa2100ad1fd33f502e862,results/revision_v20/synthetic_rough_heston/sac_seed99,results/revision_v20/synthetic_rough_heston__mechanism_fixed_anchor/sac__mechanism_fixed_anchor_seed99
h_anchor,Auction anchor (indicative - frozen mid),headline,mechanism_fixed_anchor,sac,123,100,risk_adjusted_pnl_bps,0.07240238096366533,e411fea4de109f7272b405dde2bf26ae9ebc577940d1e9431474993e5917583c,results/revision_v20/synthetic_rough_heston/sac_seed123,results/revision_v20/synthetic_rough_heston__mechanism_fixed_anchor/sac__mechanism_fixed_anchor_seed123
h_anchor,Auction anchor (indicative - frozen mid),headline,mechanism_fixed_anchor,sac,314,100,risk_adjusted_pnl_bps,-0.4979168637241316,c832adfa59df1c4aa8c230bbea1f0e3b22788aaf37de7d6f989673264f7d825d,results/revision_v20/synthetic_rough_heston/sac_seed314,results/revision_v20/synthetic_rough_heston__mechanism_fixed_anchor/sac__mechanism_fixed_anchor_seed314
h_anchor,Auction anchor (indicative - frozen mid),headline,mechanism_fixed_anchor,sac,577,100,risk_adjusted_pnl_bps,-0.3560261683310605,321691624ae312fb85ebc6dcf0da414d04504b44c8960235b91ff4e61361509d,results/revision_v20/synthetic_rough_heston/sac_seed577,results/revision_v20/synthetic_rough_heston__mechanism_fixed_anchor/sac__mechanism_fixed_anchor_seed577
h_anchor,Auction anchor (indicative - frozen mid),headline,mechanism_fixed_anchor,sac,811,100,risk_adjusted_pnl_bps,-0.37265622198460874,788b35268f2325c4610b267dc970084e524e7109ccaef27ace9181d28c177009,results/revision_v20/synthetic_rough_heston/sac_seed811,results/revision_v20/synthetic_rough_heston__mechanism_fixed_anchor/sac__mechanism_fixed_anchor_seed811
h_anchor,Auction anchor (indicative - frozen mid),headline,mechanism_fixed_anchor,sac,1618,100,risk_adjusted_pnl_bps,-1.8346337896892475,52ffd11a409dd2eeb06706f865c6ee10a1a91941dc271d3e4553f22083b78fe4,results/revision_v20/synthetic_rough_heston/sac_seed1618,results/revision_v20/synthetic_rough_heston__mechanism_fixed_anchor/sac__mechanism_fixed_anchor_seed1618
h_anchor,Auction anchor (indicative - frozen mid),headline,mechanism_fixed_anchor,sac,2024,100,risk_adjusted_pnl_bps,-1.4662692722915296,cc40f6c72dded5043de4784f91f7b16a1d6dece7145b5f972816dafa90412b26,results/revision_v20/synthetic_rough_heston/sac_seed2024,results/revision_v20/synthetic_rough_heston__mechanism_fixed_anchor/sac__mechanism_fixed_anchor_seed2024
h_anchor,Auction anchor (indicative - frozen mid),headline,mechanism_fixed_anchor,sac,2718,100,risk_adjusted_pnl_bps,-0.41514817769230034,1637bb53ccdb501deab14bd5d207917df93900e657c0d410af049b7347793fc4,results/revision_v20/synthetic_rough_heston/sac_seed2718,results/revision_v20/synthetic_rough_heston__mechanism_fixed_anchor/sac__mechanism_fixed_anchor_seed2718
combined_preferences,Combined manuscript preferences (on - off),mechanism_fixed_anchor,mechanism_economic_dense,dqn,7,100,risk_adjusted_pnl_bps,0.09545239073803796,f5b36deed641a1a06cf1218d937cee059aad24a0bbdb87ff1ff0b8533a4c4c5d,results/revision_v20/synthetic_rough_heston__mechanism_fixed_anchor/dqn__mechanism_fixed_anchor_seed7,results/revision_v20/synthetic_rough_heston__mechanism_economic_dense/dqn__mechanism_economic_dense_seed7
combined_preferences,Combined manuscript preferences (on - off),mechanism_fixed_anchor,mechanism_economic_dense,dqn,42,100,risk_adjusted_pnl_bps,-0.2463311882536675,20aaf53fa96e0599c7bbfade342f6bc5d529e917bab746591045965eb382cd69,results/revision_v20/synthetic_rough_heston__mechanism_fixed_anchor/dqn__mechanism_fixed_anchor_seed42,results/revision_v20/synthetic_rough_heston__mechanism_economic_dense/dqn__mechanism_economic_dense_seed42
combined_preferences,Combined manuscript preferences (on - off),mechanism_fixed_anchor,mechanism_economic_dense,dqn,99,100,risk_adjusted_pnl_bps,0.24369113895234165,b5f0747d5ea8828c7074e56cea6f14cfe768b7e3dd5fa2100ad1fd33f502e862,results/revision_v20/synthetic_rough_heston__mechanism_fixed_anchor/dqn__mechanism_fixed_anchor_seed99,results/revision_v20/synthetic_rough_heston__mechanism_economic_dense/dqn__mechanism_economic_dense_seed99
combined_preferences,Combined manuscript preferences (on - off),mechanism_fixed_anchor,mechanism_economic_dense,dqn,123,100,risk_adjusted_pnl_bps,0.4911388659551488,e411fea4de109f7272b405dde2bf26ae9ebc577940d1e9431474993e5917583c,results/revision_v20/synthetic_rough_heston__mechanism_fixed_anchor/dqn__mechanism_fixed_anchor_seed123,results/revision_v20/synthetic_rough_heston__mechanism_economic_dense/dqn__mechanism_economic_dense_seed123
combined_preferences,Combined manuscript preferences (on - off),mechanism_fixed_anchor,mechanism_economic_dense,dqn,314,100,risk_adjusted_pnl_bps,0.9006407170069501,c832adfa59df1c4aa8c230bbea1f0e3b22788aaf37de7d6f989673264f7d825d,results/revision_v20/synthetic_rough_heston__mechanism_fixed_anchor/dqn__mechanism_fixed_anchor_seed314,results/revision_v20/synthetic_rough_heston__mechanism_economic_dense/dqn__mechanism_economic_dense_seed314
combined_preferences,Combined manuscript preferences (on - off),mechanism_fixed_anchor,mechanism_economic_dense,dqn,577,100,risk_adjusted_pnl_bps,-0.8389169904611166,321691624ae312fb85ebc6dcf0da414d04504b44c8960235b91ff4e61361509d,results/revision_v20/synthetic_rough_heston__mechanism_fixed_anchor/dqn__mechanism_fixed_anchor_seed577,results/revision_v20/synthetic_rough_heston__mechanism_economic_dense/dqn__mechanism_economic_dense_seed577
combined_preferences,Combined manuscript preferences (on - off),mechanism_fixed_anchor,mechanism_economic_dense,dqn,811,100,risk_adjusted_pnl_bps,-0.297392644767634,788b35268f2325c4610b267dc970084e524e7109ccaef27ace9181d28c177009,results/revision_v20/synthetic_rough_heston__mechanism_fixed_anchor/dqn__mechanism_fixed_anchor_seed811,results/revision_v20/synthetic_rough_heston__mechanism_economic_dense/dqn__mechanism_economic_dense_seed811
combined_preferences,Combined manuscript preferences (on - off),mechanism_fixed_anchor,mechanism_economic_dense,dqn,1618,100,risk_adjusted_pnl_bps,0.33931658442162915,52ffd11a409dd2eeb06706f865c6ee10a1a91941dc271d3e4553f22083b78fe4,results/revision_v20/synthetic_rough_heston__mechanism_fixed_anchor/dqn__mechanism_fixed_anchor_seed1618,results/revision_v20/synthetic_rough_heston__mechanism_economic_dense/dqn__mechanism_economic_dense_seed1618
combined_preferences,Combined manuscript preferences (on - off),mechanism_fixed_anchor,mechanism_economic_dense,dqn,2024,100,risk_adjusted_pnl_bps,-0.8673486962190534,cc40f6c72dded5043de4784f91f7b16a1d6dece7145b5f972816dafa90412b26,results/revision_v20/synthetic_rough_heston__mechanism_fixed_anchor/dqn__mechanism_fixed_anchor_seed2024,results/revision_v20/synthetic_rough_heston__mechanism_economic_dense/dqn__mechanism_economic_dense_seed2024
combined_preferences,Combined manuscript preferences (on - off),mechanism_fixed_anchor,mechanism_economic_dense,dqn,2718,100,risk_adjusted_pnl_bps,0.4143578429160567,1637bb53ccdb501deab14bd5d207917df93900e657c0d410af049b7347793fc4,results/revision_v20/synthetic_rough_heston__mechanism_fixed_anchor/dqn__mechanism_fixed_anchor_seed2718,results/revision_v20/synthetic_rough_heston__mechanism_economic_dense/dqn__mechanism_economic_dense_seed2718
combined_preferences,Combined manuscript preferences (on - off),mechanism_fixed_anchor,mechanism_economic_dense,ddpg,7,100,risk_adjusted_pnl_bps,0.06601069574044502,f5b36deed641a1a06cf1218d937cee059aad24a0bbdb87ff1ff0b8533a4c4c5d,results/revision_v20/synthetic_rough_heston__mechanism_fixed_anchor/ddpg__mechanism_fixed_anchor_seed7,results/revision_v20/synthetic_rough_heston__mechanism_economic_dense/ddpg__mechanism_economic_dense_seed7
combined_preferences,Combined manuscript preferences (on - off),mechanism_fixed_anchor,mechanism_economic_dense,ddpg,42,100,risk_adjusted_pnl_bps,-0.9085455827060633,20aaf53fa96e0599c7bbfade342f6bc5d529e917bab746591045965eb382cd69,results/revision_v20/synthetic_rough_heston__mechanism_fixed_anchor/ddpg__mechanism_fixed_anchor_seed42,results/revision_v20/synthetic_rough_heston__mechanism_economic_dense/ddpg__mechanism_economic_dense_seed42
combined_preferences,Combined manuscript preferences (on - off),mechanism_fixed_anchor,mechanism_economic_dense,ddpg,99,100,risk_adjusted_pnl_bps,-0.01595081025499677,b5f0747d5ea8828c7074e56cea6f14cfe768b7e3dd5fa2100ad1fd33f502e862,results/revision_v20/synthetic_rough_heston__mechanism_fixed_anchor/ddpg__mechanism_fixed_anchor_seed99,results/revision_v20/synthetic_rough_heston__mechanism_economic_dense/ddpg__mechanism_economic_dense_seed99
combined_preferences,Combined manuscript preferences (on - off),mechanism_fixed_anchor,mechanism_economic_dense,ddpg,123,100,risk_adjusted_pnl_bps,0.7807776113952479,e411fea4de109f7272b405dde2bf26ae9ebc577940d1e9431474993e5917583c,results/revision_v20/synthetic_rough_heston__mechanism_fixed_anchor/ddpg__mechanism_fixed_anchor_seed123,results/revision_v20/synthetic_rough_heston__mechanism_economic_dense/ddpg__mechanism_economic_dense_seed123
combined_preferences,Combined manuscript preferences (on - off),mechanism_fixed_anchor,mechanism_economic_dense,ddpg,314,100,risk_adjusted_pnl_bps,-0.2466826064111774,c832adfa59df1c4aa8c230bbea1f0e3b22788aaf37de7d6f989673264f7d825d,results/revision_v20/synthetic_rough_heston__mechanism_fixed_anchor/ddpg__mechanism_fixed_anchor_seed314,results/revision_v20/synthetic_rough_heston__mechanism_economic_dense/ddpg__mechanism_economic_dense_seed314
combined_preferences,Combined manuscript preferences (on - off),mechanism_fixed_anchor,mechanism_economic_dense,ddpg,577,100,risk_adjusted_pnl_bps,-0.037308822679805814,321691624ae312fb85ebc6dcf0da414d04504b44c8960235b91ff4e61361509d,results/revision_v20/synthetic_rough_heston__mechanism_fixed_anchor/ddpg__mechanism_fixed_anchor_seed577,results/revision_v20/synthetic_rough_heston__mechanism_economic_dense/ddpg__mechanism_economic_dense_seed577
combined_preferences,Combined manuscript preferences (on - off),mechanism_fixed_anchor,mechanism_economic_dense,ddpg,811,100,risk_adjusted_pnl_bps,-0.17782383274944025,788b35268f2325c4610b267dc970084e524e7109ccaef27ace9181d28c177009,results/revision_v20/synthetic_rough_heston__mechanism_fixed_anchor/ddpg__mechanism_fixed_anchor_seed811,results/revision_v20/synthetic_rough_heston__mechanism_economic_dense/ddpg__mechanism_economic_dense_seed811
combined_preferences,Combined manuscript preferences (on - off),mechanism_fixed_anchor,mechanism_economic_dense,ddpg,1618,100,risk_adjusted_pnl_bps,-0.23095595668906022,52ffd11a409dd2eeb06706f865c6ee10a1a91941dc271d3e4553f22083b78fe4,results/revision_v20/synthetic_rough_heston__mechanism_fixed_anchor/ddpg__mechanism_fixed_anchor_seed1618,results/revision_v20/synthetic_rough_heston__mechanism_economic_dense/ddpg__mechanism_economic_dense_seed1618
combined_preferences,Combined manuscript preferences (on - off),mechanism_fixed_anchor,mechanism_economic_dense,ddpg,2024,100,risk_adjusted_pnl_bps,-0.762822210286135,cc40f6c72dded5043de4784f91f7b16a1d6dece7145b5f972816dafa90412b26,results/revision_v20/synthetic_rough_heston__mechanism_fixed_anchor/ddpg__mechanism_fixed_anchor_seed2024,results/revision_v20/synthetic_rough_heston__mechanism_economic_dense/ddpg__mechanism_economic_dense_seed2024
combined_preferences,Combined manuscript preferences (on - off),mechanism_fixed_anchor,mechanism_economic_dense,ddpg,2718,100,risk_adjusted_pnl_bps,-0.4200216825547393,1637bb53ccdb501deab14bd5d207917df93900e657c0d410af049b7347793fc4,results/revision_v20/synthetic_rough_heston__mechanism_fixed_anchor/ddpg__mechanism_fixed_anchor_seed2718,results/revision_v20/synthetic_rough_heston__mechanism_economic_dense/ddpg__mechanism_economic_dense_seed2718
combined_preferences,Combined manuscript preferences (on - off),mechanism_fixed_anchor,mechanism_economic_dense,td3,7,100,risk_adjusted_pnl_bps,-0.8165936857685818,f5b36deed641a1a06cf1218d937cee059aad24a0bbdb87ff1ff0b8533a4c4c5d,results/revision_v20/synthetic_rough_heston__mechanism_fixed_anchor/td3__mechanism_fixed_anchor_seed7,results/revision_v20/synthetic_rough_heston__mechanism_economic_dense/td3__mechanism_economic_dense_seed7
combined_preferences,Combined manuscript preferences (on - off),mechanism_fixed_anchor,mechanism_economic_dense,td3,42,100,risk_adjusted_pnl_bps,-0.2600832745588727,20aaf53fa96e0599c7bbfade342f6bc5d529e917bab746591045965eb382cd69,results/revision_v20/synthetic_rough_heston__mechanism_fixed_anchor/td3__mechanism_fixed_anchor_seed42,results/revision_v20/synthetic_rough_heston__mechanism_economic_dense/td3__mechanism_economic_dense_seed42
combined_preferences,Combined manuscript preferences (on - off),mechanism_fixed_anchor,mechanism_economic_dense,td3,99,100,risk_adjusted_pnl_bps,0.31800299301061885,b5f0747d5ea8828c7074e56cea6f14cfe768b7e3dd5fa2100ad1fd33f502e862,results/revision_v20/synthetic_rough_heston__mechanism_fixed_anchor/td3__mechanism_fixed_anchor_seed99,results/revision_v20/synthetic_rough_heston__mechanism_economic_dense/td3__mechanism_economic_dense_seed99
combined_preferences,Combined manuscript preferences (on - off),mechanism_fixed_anchor,mechanism_economic_dense,td3,123,100,risk_adjusted_pnl_bps,-0.45985459735673045,e411fea4de109f7272b405dde2bf26ae9ebc577940d1e9431474993e5917583c,results/revision_v20/synthetic_rough_heston__mechanism_fixed_anchor/td3__mechanism_fixed_anchor_seed123,results/revision_v20/synthetic_rough_heston__mechanism_economic_dense/td3__mechanism_economic_dense_seed123
combined_preferences,Combined manuscript preferences (on - off),mechanism_fixed_anchor,mechanism_economic_dense,td3,314,100,risk_adjusted_pnl_bps,0.21082045123941748,c832adfa59df1c4aa8c230bbea1f0e3b22788aaf37de7d6f989673264f7d825d,results/revision_v20/synthetic_rough_heston__mechanism_fixed_anchor/td3__mechanism_fixed_anchor_seed314,results/revision_v20/synthetic_rough_heston__mechanism_economic_dense/td3__mechanism_economic_dense_seed314
combined_preferences,Combined manuscript preferences (on - off),mechanism_fixed_anchor,mechanism_economic_dense,td3,577,100,risk_adjusted_pnl_bps,0.13840607341587102,321691624ae312fb85ebc6dcf0da414d04504b44c8960235b91ff4e61361509d,results/revision_v20/synthetic_rough_heston__mechanism_fixed_anchor/td3__mechanism_fixed_anchor_seed577,results/revision_v20/synthetic_rough_heston__mechanism_economic_dense/td3__mechanism_economic_dense_seed577
combined_preferences,Combined manuscript preferences (on - off),mechanism_fixed_anchor,mechanism_economic_dense,td3,811,100,risk_adjusted_pnl_bps,-0.03774280297074403,788b35268f2325c4610b267dc970084e524e7109ccaef27ace9181d28c177009,results/revision_v20/synthetic_rough_heston__mechanism_fixed_anchor/td3__mechanism_fixed_anchor_seed811,results/revision_v20/synthetic_rough_heston__mechanism_economic_dense/td3__mechanism_economic_dense_seed811
combined_preferences,Combined manuscript preferences (on - off),mechanism_fixed_anchor,mechanism_economic_dense,td3,1618,100,risk_adjusted_pnl_bps,-0.06647117597842404,52ffd11a409dd2eeb06706f865c6ee10a1a91941dc271d3e4553f22083b78fe4,results/revision_v20/synthetic_rough_heston__mechanism_fixed_anchor/td3__mechanism_fixed_anchor_seed1618,results/revision_v20/synthetic_rough_heston__mechanism_economic_dense/td3__mechanism_economic_dense_seed1618
combined_preferences,Combined manuscript preferences (on - off),mechanism_fixed_anchor,mechanism_economic_dense,td3,2024,100,risk_adjusted_pnl_bps,-0.18610199909001945,cc40f6c72dded5043de4784f91f7b16a1d6dece7145b5f972816dafa90412b26,results/revision_v20/synthetic_rough_heston__mechanism_fixed_anchor/td3__mechanism_fixed_anchor_seed2024,results/revision_v20/synthetic_rough_heston__mechanism_economic_dense/td3__mechanism_economic_dense_seed2024
combined_preferences,Combined manuscript preferences (on - off),mechanism_fixed_anchor,mechanism_economic_dense,td3,2718,100,risk_adjusted_pnl_bps,-0.14070407627813405,1637bb53ccdb501deab14bd5d207917df93900e657c0d410af049b7347793fc4,results/revision_v20/synthetic_rough_heston__mechanism_fixed_anchor/td3__mechanism_fixed_anchor_seed2718,results/revision_v20/synthetic_rough_heston__mechanism_economic_dense/td3__mechanism_economic_dense_seed2718
combined_preferences,Combined manuscript preferences (on - off),mechanism_fixed_anchor,mechanism_economic_dense,sac,7,100,risk_adjusted_pnl_bps,0.2389331934226363,f5b36deed641a1a06cf1218d937cee059aad24a0bbdb87ff1ff0b8533a4c4c5d,results/revision_v20/synthetic_rough_heston__mechanism_fixed_anchor/sac__mechanism_fixed_anchor_seed7,results/revision_v20/synthetic_rough_heston__mechanism_economic_dense/sac__mechanism_economic_dense_seed7
combined_preferences,Combined manuscript preferences (on - off),mechanism_fixed_anchor,mechanism_economic_dense,sac,42,100,risk_adjusted_pnl_bps,0.03212826329232803,20aaf53fa96e0599c7bbfade342f6bc5d529e917bab746591045965eb382cd69,results/revision_v20/synthetic_rough_heston__mechanism_fixed_anchor/sac__mechanism_fixed_anchor_seed42,results/revision_v20/synthetic_rough_heston__mechanism_economic_dense/sac__mechanism_economic_dense_seed42
combined_preferences,Combined manuscript preferences (on - off),mechanism_fixed_anchor,mechanism_economic_dense,sac,99,100,risk_adjusted_pnl_bps,-0.6274707616624106,b5f0747d5ea8828c7074e56cea6f14cfe768b7e3dd5fa2100ad1fd33f502e862,results/revision_v20/synthetic_rough_heston__mechanism_fixed_anchor/sac__mechanism_fixed_anchor_seed99,results/revision_v20/synthetic_rough_heston__mechanism_economic_dense/sac__mechanism_economic_dense_seed99
combined_preferences,Combined manuscript preferences (on - off),mechanism_fixed_anchor,mechanism_economic_dense,sac,123,100,risk_adjusted_pnl_bps,-0.3256184310498125,e411fea4de109f7272b405dde2bf26ae9ebc577940d1e9431474993e5917583c,results/revision_v20/synthetic_rough_heston__mechanism_fixed_anchor/sac__mechanism_fixed_anchor_seed123,results/revision_v20/synthetic_rough_heston__mechanism_economic_dense/sac__mechanism_economic_dense_seed123
combined_preferences,Combined manuscript preferences (on - off),mechanism_fixed_anchor,mechanism_economic_dense,sac,314,100,risk_adjusted_pnl_bps,-0.08584727150947423,c832adfa59df1c4aa8c230bbea1f0e3b22788aaf37de7d6f989673264f7d825d,results/revision_v20/synthetic_rough_heston__mechanism_fixed_anchor/sac__mechanism_fixed_anchor_seed314,results/revision_v20/synthetic_rough_heston__mechanism_economic_dense/sac__mechanism_economic_dense_seed314
combined_preferences,Combined manuscript preferences (on - off),mechanism_fixed_anchor,mechanism_economic_dense,sac,577,100,risk_adjusted_pnl_bps,-0.20883918139598087,321691624ae312fb85ebc6dcf0da414d04504b44c8960235b91ff4e61361509d,results/revision_v20/synthetic_rough_heston__mechanism_fixed_anchor/sac__mechanism_fixed_anchor_seed577,results/revision_v20/synthetic_rough_heston__mechanism_economic_dense/sac__mechanism_economic_dense_seed577
combined_preferences,Combined manuscript preferences (on - off),mechanism_fixed_anchor,mechanism_economic_dense,sac,811,100,risk_adjusted_pnl_bps,0.13347517147718121,788b35268f2325c4610b267dc970084e524e7109ccaef27ace9181d28c177009,results/revision_v20/synthetic_rough_heston__mechanism_fixed_anchor/sac__mechanism_fixed_anchor_seed811,results/revision_v20/synthetic_rough_heston__mechanism_economic_dense/sac__mechanism_economic_dense_seed811
combined_preferences,Combined manuscript preferences (on - off),mechanism_fixed_anchor,mechanism_economic_dense,sac,1618,100,risk_adjusted_pnl_bps,-0.12537574271959612,52ffd11a409dd2eeb06706f865c6ee10a1a91941dc271d3e4553f22083b78fe4,results/revision_v20/synthetic_rough_heston__mechanism_fixed_anchor/sac__mechanism_fixed_anchor_seed1618,results/revision_v20/synthetic_rough_heston__mechanism_economic_dense/sac__mechanism_economic_dense_seed1618
combined_preferences,Combined manuscript preferences (on - off),mechanism_fixed_anchor,mechanism_economic_dense,sac,2024,100,risk_adjusted_pnl_bps,0.9381996743464299,cc40f6c72dded5043de4784f91f7b16a1d6dece7145b5f972816dafa90412b26,results/revision_v20/synthetic_rough_heston__mechanism_fixed_anchor/sac__mechanism_fixed_anchor_seed2024,results/revision_v20/synthetic_rough_heston__mechanism_economic_dense/sac__mechanism_economic_dense_seed2024
combined_preferences,Combined manuscript preferences (on - off),mechanism_fixed_anchor,mechanism_economic_dense,sac,2718,100,risk_adjusted_pnl_bps,-0.16681727723728743,1637bb53ccdb501deab14bd5d207917df93900e657c0d410af049b7347793fc4,results/revision_v20/synthetic_rough_heston__mechanism_fixed_anchor/sac__mechanism_fixed_anchor_seed2718,results/revision_v20/synthetic_rough_heston__mechanism_economic_dense/sac__mechanism_economic_dense_seed2718
auction_access,"Auction access, matched information and economic training (on - off)",mechanism_h_feature_off,no_auction,dqn,7,100,risk_adjusted_pnl_bps,-0.09811383241863543,f5b36deed641a1a06cf1218d937cee059aad24a0bbdb87ff1ff0b8533a4c4c5d,results/revision_v20/synthetic_rough_heston__mechanism_h_feature_off/dqn__mechanism_h_feature_off_seed7,results/revision_v20/synthetic_rough_heston__no_auction/dqn__no_auction_seed7
auction_access,"Auction access, matched information and economic training (on - off)",mechanism_h_feature_off,no_auction,dqn,42,100,risk_adjusted_pnl_bps,0.7934159405112793,20aaf53fa96e0599c7bbfade342f6bc5d529e917bab746591045965eb382cd69,results/revision_v20/synthetic_rough_heston__mechanism_h_feature_off/dqn__mechanism_h_feature_off_seed42,results/revision_v20/synthetic_rough_heston__no_auction/dqn__no_auction_seed42
auction_access,"Auction access, matched information and economic training (on - off)",mechanism_h_feature_off,no_auction,dqn,99,100,risk_adjusted_pnl_bps,0.4740798809089638,b5f0747d5ea8828c7074e56cea6f14cfe768b7e3dd5fa2100ad1fd33f502e862,results/revision_v20/synthetic_rough_heston__mechanism_h_feature_off/dqn__mechanism_h_feature_off_seed99,results/revision_v20/synthetic_rough_heston__no_auction/dqn__no_auction_seed99
auction_access,"Auction access, matched information and economic training (on - off)",mechanism_h_feature_off,no_auction,dqn,123,100,risk_adjusted_pnl_bps,2.2670107083028848,e411fea4de109f7272b405dde2bf26ae9ebc577940d1e9431474993e5917583c,results/revision_v20/synthetic_rough_heston__mechanism_h_feature_off/dqn__mechanism_h_feature_off_seed123,results/revision_v20/synthetic_rough_heston__no_auction/dqn__no_auction_seed123
auction_access,"Auction access, matched information and economic training (on - off)",mechanism_h_feature_off,no_auction,dqn,314,100,risk_adjusted_pnl_bps,0.631707997571352,c832adfa59df1c4aa8c230bbea1f0e3b22788aaf37de7d6f989673264f7d825d,results/revision_v20/synthetic_rough_heston__mechanism_h_feature_off/dqn__mechanism_h_feature_off_seed314,results/revision_v20/synthetic_rough_heston__no_auction/dqn__no_auction_seed314
auction_access,"Auction access, matched information and economic training (on - off)",mechanism_h_feature_off,no_auction,dqn,577,100,risk_adjusted_pnl_bps,0.08654201091257598,321691624ae312fb85ebc6dcf0da414d04504b44c8960235b91ff4e61361509d,results/revision_v20/synthetic_rough_heston__mechanism_h_feature_off/dqn__mechanism_h_feature_off_seed577,results/revision_v20/synthetic_rough_heston__no_auction/dqn__no_auction_seed577
auction_access,"Auction access, matched information and economic training (on - off)",mechanism_h_feature_off,no_auction,dqn,811,100,risk_adjusted_pnl_bps,-0.6496472049075188,788b35268f2325c4610b267dc970084e524e7109ccaef27ace9181d28c177009,results/revision_v20/synthetic_rough_heston__mechanism_h_feature_off/dqn__mechanism_h_feature_off_seed811,results/revision_v20/synthetic_rough_heston__no_auction/dqn__no_auction_seed811
auction_access,"Auction access, matched information and economic training (on - off)",mechanism_h_feature_off,no_auction,dqn,1618,100,risk_adjusted_pnl_bps,1.4912270828288723,52ffd11a409dd2eeb06706f865c6ee10a1a91941dc271d3e4553f22083b78fe4,results/revision_v20/synthetic_rough_heston__mechanism_h_feature_off/dqn__mechanism_h_feature_off_seed1618,results/revision_v20/synthetic_rough_heston__no_auction/dqn__no_auction_seed1618
auction_access,"Auction access, matched information and economic training (on - off)",mechanism_h_feature_off,no_auction,dqn,2024,100,risk_adjusted_pnl_bps,0.48848731592780953,cc40f6c72dded5043de4784f91f7b16a1d6dece7145b5f972816dafa90412b26,results/revision_v20/synthetic_rough_heston__mechanism_h_feature_off/dqn__mechanism_h_feature_off_seed2024,results/revision_v20/synthetic_rough_heston__no_auction/dqn__no_auction_seed2024
auction_access,"Auction access, matched information and economic training (on - off)",mechanism_h_feature_off,no_auction,dqn,2718,100,risk_adjusted_pnl_bps,0.2397344969725971,1637bb53ccdb501deab14bd5d207917df93900e657c0d410af049b7347793fc4,results/revision_v20/synthetic_rough_heston__mechanism_h_feature_off/dqn__mechanism_h_feature_off_seed2718,results/revision_v20/synthetic_rough_heston__no_auction/dqn__no_auction_seed2718
auction_access,"Auction access, matched information and economic training (on - off)",mechanism_h_feature_off,no_auction,ddpg,7,100,risk_adjusted_pnl_bps,1.1290250858118196,f5b36deed641a1a06cf1218d937cee059aad24a0bbdb87ff1ff0b8533a4c4c5d,results/revision_v20/synthetic_rough_heston__mechanism_h_feature_off/ddpg__mechanism_h_feature_off_seed7,results/revision_v20/synthetic_rough_heston__no_auction/ddpg__no_auction_seed7
auction_access,"Auction access, matched information and economic training (on - off)",mechanism_h_feature_off,no_auction,ddpg,42,100,risk_adjusted_pnl_bps,1.155558658148321,20aaf53fa96e0599c7bbfade342f6bc5d529e917bab746591045965eb382cd69,results/revision_v20/synthetic_rough_heston__mechanism_h_feature_off/ddpg__mechanism_h_feature_off_seed42,results/revision_v20/synthetic_rough_heston__no_auction/ddpg__no_auction_seed42
auction_access,"Auction access, matched information and economic training (on - off)",mechanism_h_feature_off,no_auction,ddpg,99,100,risk_adjusted_pnl_bps,1.369992390955589,b5f0747d5ea8828c7074e56cea6f14cfe768b7e3dd5fa2100ad1fd33f502e862,results/revision_v20/synthetic_rough_heston__mechanism_h_feature_off/ddpg__mechanism_h_feature_off_seed99,results/revision_v20/synthetic_rough_heston__no_auction/ddpg__no_auction_seed99
auction_access,"Auction access, matched information and economic training (on - off)",mechanism_h_feature_off,no_auction,ddpg,123,100,risk_adjusted_pnl_bps,1.1148452533222426,e411fea4de109f7272b405dde2bf26ae9ebc577940d1e9431474993e5917583c,results/revision_v20/synthetic_rough_heston__mechanism_h_feature_off/ddpg__mechanism_h_feature_off_seed123,results/revision_v20/synthetic_rough_heston__no_auction/ddpg__no_auction_seed123
auction_access,"Auction access, matched information and economic training (on - off)",mechanism_h_feature_off,no_auction,ddpg,314,100,risk_adjusted_pnl_bps,1.2892468000898967,c832adfa59df1c4aa8c230bbea1f0e3b22788aaf37de7d6f989673264f7d825d,results/revision_v20/synthetic_rough_heston__mechanism_h_feature_off/ddpg__mechanism_h_feature_off_seed314,results/revision_v20/synthetic_rough_heston__no_auction/ddpg__no_auction_seed314
auction_access,"Auction access, matched information and economic training (on - off)",mechanism_h_feature_off,no_auction,ddpg,577,100,risk_adjusted_pnl_bps,1.3684127879521422,321691624ae312fb85ebc6dcf0da414d04504b44c8960235b91ff4e61361509d,results/revision_v20/synthetic_rough_heston__mechanism_h_feature_off/ddpg__mechanism_h_feature_off_seed577,results/revision_v20/synthetic_rough_heston__no_auction/ddpg__no_auction_seed577
auction_access,"Auction access, matched information and economic training (on - off)",mechanism_h_feature_off,no_auction,ddpg,811,100,risk_adjusted_pnl_bps,-0.12567237072663173,788b35268f2325c4610b267dc970084e524e7109ccaef27ace9181d28c177009,results/revision_v20/synthetic_rough_heston__mechanism_h_feature_off/ddpg__mechanism_h_feature_off_seed811,results/revision_v20/synthetic_rough_heston__no_auction/ddpg__no_auction_seed811
auction_access,"Auction access, matched information and economic training (on - off)",mechanism_h_feature_off,no_auction,ddpg,1618,100,risk_adjusted_pnl_bps,1.336635196547124,52ffd11a409dd2eeb06706f865c6ee10a1a91941dc271d3e4553f22083b78fe4,results/revision_v20/synthetic_rough_heston__mechanism_h_feature_off/ddpg__mechanism_h_feature_off_seed1618,results/revision_v20/synthetic_rough_heston__no_auction/ddpg__no_auction_seed1618
auction_access,"Auction access, matched information and economic training (on - off)",mechanism_h_feature_off,no_auction,ddpg,2024,100,risk_adjusted_pnl_bps,0.8282747951459735,cc40f6c72dded5043de4784f91f7b16a1d6dece7145b5f972816dafa90412b26,results/revision_v20/synthetic_rough_heston__mechanism_h_feature_off/ddpg__mechanism_h_feature_off_seed2024,results/revision_v20/synthetic_rough_heston__no_auction/ddpg__no_auction_seed2024
auction_access,"Auction access, matched information and economic training (on - off)",mechanism_h_feature_off,no_auction,ddpg,2718,100,risk_adjusted_pnl_bps,1.0478774716544632,1637bb53ccdb501deab14bd5d207917df93900e657c0d410af049b7347793fc4,results/revision_v20/synthetic_rough_heston__mechanism_h_feature_off/ddpg__mechanism_h_feature_off_seed2718,results/revision_v20/synthetic_rough_heston__no_auction/ddpg__no_auction_seed2718
auction_access,"Auction access, matched information and economic training (on - off)",mechanism_h_feature_off,no_auction,td3,7,100,risk_adjusted_pnl_bps,0.12518309852731122,f5b36deed641a1a06cf1218d937cee059aad24a0bbdb87ff1ff0b8533a4c4c5d,results/revision_v20/synthetic_rough_heston__mechanism_h_feature_off/td3__mechanism_h_feature_off_seed7,results/revision_v20/synthetic_rough_heston__no_auction/td3__no_auction_seed7
auction_access,"Auction access, matched information and economic training (on - off)",mechanism_h_feature_off,no_auction,td3,42,100,risk_adjusted_pnl_bps,0.835233650829691,20aaf53fa96e0599c7bbfade342f6bc5d529e917bab746591045965eb382cd69,results/revision_v20/synthetic_rough_heston__mechanism_h_feature_off/td3__mechanism_h_feature_off_seed42,results/revision_v20/synthetic_rough_heston__no_auction/td3__no_auction_seed42
auction_access,"Auction access, matched information and economic training (on - off)",mechanism_h_feature_off,no_auction,td3,99,100,risk_adjusted_pnl_bps,-0.19314424661989832,b5f0747d5ea8828c7074e56cea6f14cfe768b7e3dd5fa2100ad1fd33f502e862,results/revision_v20/synthetic_rough_heston__mechanism_h_feature_off/td3__mechanism_h_feature_off_seed99,results/revision_v20/synthetic_rough_heston__no_auction/td3__no_auction_seed99
auction_access,"Auction access, matched information and economic training (on - off)",mechanism_h_feature_off,no_auction,td3,123,100,risk_adjusted_pnl_bps,-0.12521666358705005,e411fea4de109f7272b405dde2bf26ae9ebc577940d1e9431474993e5917583c,results/revision_v20/synthetic_rough_heston__mechanism_h_feature_off/td3__mechanism_h_feature_off_seed123,results/revision_v20/synthetic_rough_heston__no_auction/td3__no_auction_seed123
auction_access,"Auction access, matched information and economic training (on - off)",mechanism_h_feature_off,no_auction,td3,314,100,risk_adjusted_pnl_bps,0.8842937264573704,c832adfa59df1c4aa8c230bbea1f0e3b22788aaf37de7d6f989673264f7d825d,results/revision_v20/synthetic_rough_heston__mechanism_h_feature_off/td3__mechanism_h_feature_off_seed314,results/revision_v20/synthetic_rough_heston__no_auction/td3__no_auction_seed314
auction_access,"Auction access, matched information and economic training (on - off)",mechanism_h_feature_off,no_auction,td3,577,100,risk_adjusted_pnl_bps,0.36999845322192576,321691624ae312fb85ebc6dcf0da414d04504b44c8960235b91ff4e61361509d,results/revision_v20/synthetic_rough_heston__mechanism_h_feature_off/td3__mechanism_h_feature_off_seed577,results/revision_v20/synthetic_rough_heston__no_auction/td3__no_auction_seed577
auction_access,"Auction access, matched information and economic training (on - off)",mechanism_h_feature_off,no_auction,td3,811,100,risk_adjusted_pnl_bps,1.1681857051037472,788b35268f2325c4610b267dc970084e524e7109ccaef27ace9181d28c177009,results/revision_v20/synthetic_rough_heston__mechanism_h_feature_off/td3__mechanism_h_feature_off_seed811,results/revision_v20/synthetic_rough_heston__no_auction/td3__no_auction_seed811
auction_access,"Auction access, matched information and economic training (on - off)",mechanism_h_feature_off,no_auction,td3,1618,100,risk_adjusted_pnl_bps,1.2877024223043645,52ffd11a409dd2eeb06706f865c6ee10a1a91941dc271d3e4553f22083b78fe4,results/revision_v20/synthetic_rough_heston__mechanism_h_feature_off/td3__mechanism_h_feature_off_seed1618,results/revision_v20/synthetic_rough_heston__no_auction/td3__no_auction_seed1618
auction_access,"Auction access, matched information and economic training (on - off)",mechanism_h_feature_off,no_auction,td3,2024,100,risk_adjusted_pnl_bps,1.0305824948003819,cc40f6c72dded5043de4784f91f7b16a1d6dece7145b5f972816dafa90412b26,results/revision_v20/synthetic_rough_heston__mechanism_h_feature_off/td3__mechanism_h_feature_off_seed2024,results/revision_v20/synthetic_rough_heston__no_auction/td3__no_auction_seed2024
auction_access,"Auction access, matched information and economic training (on - off)",mechanism_h_feature_off,no_auction,td3,2718,100,risk_adjusted_pnl_bps,0.8630862242102754,1637bb53ccdb501deab14bd5d207917df93900e657c0d410af049b7347793fc4,results/revision_v20/synthetic_rough_heston__mechanism_h_feature_off/td3__mechanism_h_feature_off_seed2718,results/revision_v20/synthetic_rough_heston__no_auction/td3__no_auction_seed2718
auction_access,"Auction access, matched information and economic training (on - off)",mechanism_h_feature_off,no_auction,sac,7,100,risk_adjusted_pnl_bps,-0.899030465981422,f5b36deed641a1a06cf1218d937cee059aad24a0bbdb87ff1ff0b8533a4c4c5d,results/revision_v20/synthetic_rough_heston__mechanism_h_feature_off/sac__mechanism_h_feature_off_seed7,results/revision_v20/synthetic_rough_heston__no_auction/sac__no_auction_seed7
auction_access,"Auction access, matched information and economic training (on - off)",mechanism_h_feature_off,no_auction,sac,42,100,risk_adjusted_pnl_bps,2.6304492892455067,20aaf53fa96e0599c7bbfade342f6bc5d529e917bab746591045965eb382cd69,results/revision_v20/synthetic_rough_heston__mechanism_h_feature_off/sac__mechanism_h_feature_off_seed42,results/revision_v20/synthetic_rough_heston__no_auction/sac__no_auction_seed42
auction_access,"Auction access, matched information and economic training (on - off)",mechanism_h_feature_off,no_auction,sac,99,100,risk_adjusted_pnl_bps,1.677301396698331,b5f0747d5ea8828c7074e56cea6f14cfe768b7e3dd5fa2100ad1fd33f502e862,results/revision_v20/synthetic_rough_heston__mechanism_h_feature_off/sac__mechanism_h_feature_off_seed99,results/revision_v20/synthetic_rough_heston__no_auction/sac__no_auction_seed99
auction_access,"Auction access, matched information and economic training (on - off)",mechanism_h_feature_off,no_auction,sac,123,100,risk_adjusted_pnl_bps,-0.4601355022716324,e411fea4de109f7272b405dde2bf26ae9ebc577940d1e9431474993e5917583c,results/revision_v20/synthetic_rough_heston__mechanism_h_feature_off/sac__mechanism_h_feature_off_seed123,results/revision_v20/synthetic_rough_heston__no_auction/sac__no_auction_seed123
auction_access,"Auction access, matched information and economic training (on - off)",mechanism_h_feature_off,no_auction,sac,314,100,risk_adjusted_pnl_bps,1.331503779390219,c832adfa59df1c4aa8c230bbea1f0e3b22788aaf37de7d6f989673264f7d825d,results/revision_v20/synthetic_rough_heston__mechanism_h_feature_off/sac__mechanism_h_feature_off_seed314,results/revision_v20/synthetic_rough_heston__no_auction/sac__no_auction_seed314
auction_access,"Auction access, matched information and economic training (on - off)",mechanism_h_feature_off,no_auction,sac,577,100,risk_adjusted_pnl_bps,0.12376435503037017,321691624ae312fb85ebc6dcf0da414d04504b44c8960235b91ff4e61361509d,results/revision_v20/synthetic_rough_heston__mechanism_h_feature_off/sac__mechanism_h_feature_off_seed577,results/revision_v20/synthetic_rough_heston__no_auction/sac__no_auction_seed577
auction_access,"Auction access, matched information and economic training (on - off)",mechanism_h_feature_off,no_auction,sac,811,100,risk_adjusted_pnl_bps,0.6099930068209786,788b35268f2325c4610b267dc970084e524e7109ccaef27ace9181d28c177009,results/revision_v20/synthetic_rough_heston__mechanism_h_feature_off/sac__mechanism_h_feature_off_seed811,results/revision_v20/synthetic_rough_heston__no_auction/sac__no_auction_seed811
auction_access,"Auction access, matched information and economic training (on - off)",mechanism_h_feature_off,no_auction,sac,1618,100,risk_adjusted_pnl_bps,1.6677867270858038,52ffd11a409dd2eeb06706f865c6ee10a1a91941dc271d3e4553f22083b78fe4,results/revision_v20/synthetic_rough_heston__mechanism_h_feature_off/sac__mechanism_h_feature_off_seed1618,results/revision_v20/synthetic_rough_heston__no_auction/sac__no_auction_seed1618
auction_access,"Auction access, matched information and economic training (on - off)",mechanism_h_feature_off,no_auction,sac,2024,100,risk_adjusted_pnl_bps,0.37578255632770563,cc40f6c72dded5043de4784f91f7b16a1d6dece7145b5f972816dafa90412b26,results/revision_v20/synthetic_rough_heston__mechanism_h_feature_off/sac__mechanism_h_feature_off_seed2024,results/revision_v20/synthetic_rough_heston__no_auction/sac__no_auction_seed2024
auction_access,"Auction access, matched information and economic training (on - off)",mechanism_h_feature_off,no_auction,sac,2718,100,risk_adjusted_pnl_bps,0.6662796592898284,1637bb53ccdb501deab14bd5d207917df93900e657c0d410af049b7347793fc4,results/revision_v20/synthetic_rough_heston__mechanism_h_feature_off/sac__mechanism_h_feature_off_seed2718,results/revision_v20/synthetic_rough_heston__no_auction/sac__no_auction_seed2718
