calibration,reserve,schedule,alpha,beta,depth_scale,seed,inventory_open,auction_fill,inventory_final,pnl,objective,shaped_return,interim_credit,clearing_displacement,k_star,q,lambda_inv
penny_b05,0,all,0.01,0.05,10.0,1050297464.25,0.6446405469345726,4.70150989577491,-4.056869348840337,1.4791927758352585,-9.020235793911903,468.7620430979542,480.8583594428474,-0.05562499999999736,10000.0,,
penny_b05,0,last1,0.01,0.05,10.0,1050297464.25,0.6446405469345726,0.1577081298131871,0.4869324171213855,1.866936344587998,1.736841548682315,14.685360997701997,16.02460000000051,-0.05062499999999657,10000.0,,
penny_b05,0,last10,0.01,0.05,10.0,1050297464.25,0.6446405469345726,1.470959964785575,-0.8263194178510024,1.7845611788104634,1.3118690304693512,158.4897884794927,160.25400000000457,-0.05249999999999753,10000.0,,
penny_b05,0,noop,0.01,0.05,10.0,1050297464.25,0.6446405469345726,0.0,0.6446405469345726,1.8748765917951005,1.6555257739729874,-1.4205547770082019,0.0,-0.05062499999999657,10000.0,,
penny_b05,10,all,0.01,0.05,10.0,1050297464.25,10.475072351594124,4.70150989577491,5.773562455819213,3.4667700335370455,-15.373382603149642,462.89768344059775,480.8583594428474,-0.05562499999999736,10000.0,,
penny_b05,10,last1,0.01,0.05,10.0,1050297464.25,10.475072351594124,0.1577081298131871,10.317364221780936,3.8545136022898987,-49.41062633704708,-35.9733197361462,16.02460000000051,-0.05062499999999657,10000.0,,
penny_b05,10,last10,0.01,0.05,10.0,1050297464.25,10.475072351594124,1.470959964785575,9.004112386808549,3.7721384365122503,-36.89889169764154,120.76781490326314,160.25400000000457,-0.05249999999999753,10000.0,,
penny_b05,10,noop,0.01,0.05,10.0,1050297464.25,10.475072351594124,0.0,10.475072351594124,3.8624538494968874,-51.04280768008432,-53.630101079184186,0.0,-0.05062499999999657,10000.0,,
penny_b05,20,all,0.01,0.05,10.0,1050297464.25,20.396222864227127,4.70150989577491,15.694712968452215,5.47548114282074,-119.95097809102417,358.81722894473654,480.8583594428474,-0.05562499999999736,10000.0,,
penny_b05,20,last1,0.01,0.05,10.0,1050297464.25,20.396222864227127,0.1577081298131871,20.23851473441394,5.863224711574048,-198.97538350981637,-185.04093591690264,16.02460000000051,-0.05062499999999657,10000.0,,
penny_b05,20,last10,0.01,0.05,10.0,1050297464.25,20.396222864227127,1.470959964785575,18.925262899441552,5.780849545796059,-173.47964082365266,-15.315793230734823,160.25400000000457,-0.05249999999999753,10000.0,,
penny_b05,20,noop,0.01,0.05,10.0,1050297464.25,20.396222864227127,0.0,20.396222864227127,5.87116495878081,-202.17131640722158,-204.26146881430836,0.0,-0.05062499999999657,10000.0,,
penny_b10,0,all,0.01,0.1,10.0,1050297464.25,0.6446405469345726,9.190601676836346,-8.545961129901773,1.0488696792444896,-43.277249451955946,915.3351888827591,961.6885188856961,-0.060624999999998146,10000.0,,
penny_b10,0,last1,0.01,0.1,10.0,1050297464.25,0.6446405469345726,0.3138619660396792,0.3307785808948934,1.8586934524962544,1.7921430105774838,30.76526245959732,32.04920000000102,-0.05124999999999689,10000.0,,
penny_b10,0,last10,0.01,0.1,10.0,1050297464.25,0.6446405469345726,2.9251694660891,-2.2805289191545275,1.6906698579992965,-1.352796394591422,316.07652305443645,320.50540000000916,-0.053749999999997286,10000.0,,
penny_b10,0,noop,0.01,0.1,10.0,1050297464.25,0.6446405469345726,0.0,0.6446405469345726,1.8748765917951005,1.6555257739729874,-1.4205547770082019,0.0,-0.05062499999999657,10000.0,,
penny_b10,10,all,0.01,0.1,10.0,1050297464.25,10.475072351594124,9.190601676836346,1.2844706747577779,3.0364469369462768,-5.3520069729717985,953.7492185136247,961.6885188856961,-0.060624999999998146,10000.0,,
penny_b10,10,last1,0.01,0.1,10.0,1050297464.25,10.475072351594124,0.3138619660396792,10.161210385554444,3.846270710198155,-47.820202733931914,-18.35829613303082,32.04920000000102,-0.05124999999999689,10000.0,,
penny_b10,10,last10,0.01,0.1,10.0,1050297464.25,10.475072351594124,2.9251694660891,7.549902885505023,3.6782471157013106,-25.245367892417676,292.67273870849135,320.50540000000916,-0.053749999999997286,10000.0,,
penny_b10,10,noop,0.01,0.1,10.0,1050297464.25,10.475072351594124,0.0,10.475072351594124,3.8624538494968874,-51.04280768008432,-53.630101079184186,0.0,-0.05062499999999657,10000.0,,
penny_b10,20,all,0.01,0.1,10.0,1050297464.25,20.396222864227127,9.190601676836346,11.205621187390781,5.045158046230199,-65.50527901869292,894.0930874599165,961.6885188856961,-0.060624999999998146,10000.0,,
penny_b10,20,last1,0.01,0.1,10.0,1050297464.25,20.396222864227127,0.3138619660396792,20.082360898187446,5.854981819482077,-195.83548078676355,-165.87643319384946,32.04920000000102,-0.05124999999999689,10000.0,,
penny_b10,20,last10,0.01,0.1,10.0,1050297464.25,20.396222864227127,2.9251694660891,17.471053398138025,5.686958224984892,-147.43265161622332,170.9825959766991,320.50540000000916,-0.053749999999997286,10000.0,,
penny_b10,20,noop,0.01,0.1,10.0,1050297464.25,20.396222864227127,0.0,20.396222864227127,5.87116495878081,-202.17131640722158,-204.26146881430836,0.0,-0.05062499999999657,10000.0,,
penny_b20,0,all,0.01,0.2,10.0,1050297464.25,0.6446405469345726,17.955299161109153,-17.31065861417458,0.08162548548125415,-176.368011397146,1743.8225458232607,1923.2666377713876,-0.06874999999999874,10000.0,,
penny_b20,0,last1,0.01,0.2,10.0,1050297464.25,0.6446405469345726,0.6272448430850173,0.017395703849555407,1.8425360256536578,1.8297470470723032,62.852066496093215,64.09840000000204,-0.05124999999999689,10000.0,,
penny_b20,0,last10,0.01,0.2,10.0,1050297464.25,0.6446405469345726,5.78122285493102,-5.136582307996448,1.4977241130731047,-13.346801581176305,624.5787178678615,641.0016000000188,-0.05624999999999678,10000.0,,
penny_b20,0,noop,0.01,0.2,10.0,1050297464.25,0.6446405469345726,0.0,0.6446405469345726,1.8748765917951005,1.6555257739729874,-1.4205547770082019,0.0,-0.05062499999999657,10000.0,,
penny_b20,10,all,0.01,0.2,10.0,1050297464.25,10.475072351594124,17.955299161109153,-7.480226809515031,2.0692027431829274,-52.19123779591639,1868.4881065763716,1923.2666377713876,-0.06874999999999874,10000.0,,
penny_b20,10,last1,0.01,0.2,10.0,1050297464.25,10.475072351594124,0.6272448430850173,9.847827508509106,3.830113283355672,-44.70134499311388,16.809761607788143,64.09840000000204,-0.05124999999999689,10000.0,,
penny_b20,10,last10,0.01,0.2,10.0,1050297464.25,10.475072351594124,5.78122285493102,4.693849496663103,3.485301370775119,-9.123797568195588,629.2905090327233,641.0016000000188,-0.05624999999999678,10000.0,,
penny_b20,10,noop,0.01,0.2,10.0,1050297464.25,10.475072351594124,0.0,10.475072351594124,3.8624538494968874,-51.04280768008432,-53.630101079184186,0.0,-0.05062499999999657,10000.0,,
penny_b20,20,all,0.01,0.2,10.0,1050297464.25,20.396222864227127,17.955299161109153,2.440923703117971,4.077913852467304,-25.43123229838521,1895.7452530659154,1923.2666377713876,-0.06874999999999874,10000.0,,
penny_b20,20,last1,0.01,0.2,10.0,1050297464.25,20.396222864227127,0.6272448430850173,19.768978021142107,5.838824392639481,-189.6081141433552,-127.59986655043994,64.09840000000204,-0.05124999999999689,10000.0,,
penny_b20,20,last10,0.01,0.2,10.0,1050297464.25,20.396222864227127,5.78122285493102,14.615000009296105,5.494012480059041,-103.03617947013187,535.8752681228001,641.0016000000188,-0.05624999999999678,10000.0,,
penny_b20,20,noop,0.01,0.2,10.0,1050297464.25,20.396222864227127,0.0,20.396222864227127,5.87116495878081,-202.17131640722158,-204.26146881430836,0.0,-0.05062499999999657,10000.0,,
penny_small,0,all,0.01,0.002,1.0,1050297464.25,0.6446405469345726,0.18563606125354354,0.4590044856810291,1.872632848984722,1.752699688786927,17.915133515520097,19.238514377713948,-0.03499999999999835,10000.0,,
penny_small,0,last1,0.01,0.002,1.0,1050297464.25,0.6446405469345726,0.0063119396795490185,0.6383286072550236,1.8746589087219265,1.6593492765090756,-0.7756392744723336,0.6410920000000149,-0.03374999999999772,10000.0,,
penny_small,0,last10,0.01,0.002,1.0,1050297464.25,0.6446405469345726,0.06151659045599404,0.5831239564785785,1.8741707928787719,1.6922811252048424,5.0272405742235975,6.411040000000142,-0.03437499999999804,10000.0,,
penny_small,0,noop,0.01,0.002,1.0,1050297464.25,0.6446405469345726,0.0,0.6446405469345726,1.8748765917951005,1.6555257739729874,-1.4205547770082019,0.0,-0.03374999999999772,10000.0,,
penny_small,10,all,0.01,0.002,1.0,1050297464.25,10.475072351594124,0.18563606125354354,10.28943629034058,3.86021010668685,-49.11447777744029,-32.46325679882612,19.238514377713948,-0.03499999999999835,10000.0,,
penny_small,10,last1,0.01,0.002,1.0,1050297464.25,10.475072351594124,0.0063119396795490185,10.468760411914573,3.8622361664237133,-50.97691848842992,-52.923119887530035,0.6410920000000149,-0.03374999999999772,10000.0,,
penny_small,10,last10,0.01,0.002,1.0,1050297464.25,10.475072351594124,0.06151659045599404,10.413555761138129,3.8617480505803314,-50.39966173479079,-46.57591513389045,6.411040000000142,-0.03437499999999804,10000.0,,
penny_small,10,noop,0.01,0.002,1.0,1050297464.25,10.475072351594124,0.0,10.475072351594124,3.8624538494968874,-51.04280768008432,-53.630101079184186,0.0,-0.03374999999999772,10000.0,,
penny_small,20,all,0.01,0.002,1.0,1050297464.25,20.396222864227127,0.18563606125354354,20.21058680297358,5.868921215970886,-198.41176289625264,-181.2634009256255,19.238514377713948,-0.03499999999999835,10000.0,,
penny_small,20,last1,0.01,0.002,1.0,1050297464.25,20.396222864227127,0.0063119396795490185,20.38991092454758,5.870947275707522,-202.04283356402414,-203.49189397111104,0.6410920000000149,-0.03374999999999772,10000.0,,
penny_small,20,last10,0.01,0.002,1.0,1050297464.25,20.396222864227127,0.06151659045599404,20.334706273771133,5.870459159864481,-200.9211889263781,-196.60030133346487,6.411040000000142,-0.03437499999999804,10000.0,,
penny_small,20,noop,0.01,0.002,1.0,1050297464.25,20.396222864227127,0.0,20.396222864227127,5.87116495878081,-202.17131640722158,-204.26146881430836,0.0,-0.03374999999999772,10000.0,,
v15,0,all,0.05,0.002,1.0,1050297464.25,0.6446405469345726,0.9141401173995903,-0.26949957046501766,5.771404155851201,5.715098616444087,101.79332581576926,96.21209475377144,-0.018749999999998913,100000.0,0.0,0.5
v15,0,last1,0.05,0.002,1.0,1050297464.25,0.6446405469345726,0.03146699367749693,0.6131735532570757,5.788453506218389,5.588925553220145,8.661157998774547,3.2061000000000175,-0.0156249999999991,100000.0,0.0,0.5
v15,0,last10,0.05,0.002,1.0,1050297464.25,0.6446405469345726,0.3068534871120957,0.33778705982247687,5.786515915267614,5.716788963412401,37.64772140896671,32.064800000000176,-0.0156249999999991,100000.0,0.0,0.5
v15,0,noop,0.05,0.002,1.0,1050297464.25,0.6446405469345726,0.0,0.6446405469345726,5.788999208475161,5.569648390653048,5.435780836207179,0.0,-0.0156249999999991,100000.0,0.0,0.5
v15,10,all,0.05,0.002,1.0,1050297464.25,10.475072351594124,0.9141401173995903,9.560932234194533,7.34722201989223,-38.400801744922994,57.69000562277798,96.21209475377144,-0.018749999999998913,100000.0,0.0,0.5
v15,10,last1,0.05,0.002,1.0,1050297464.25,10.475072351594124,0.03146699367749693,10.443605357916626,7.3642713702594165,-47.21183398872484,-44.127021374794595,3.2061000000000175,-0.0156249999999991,100000.0,0.0,0.5
v15,10,last10,0.05,0.002,1.0,1050297464.25,10.475072351594124,0.3068534871120957,10.168218864482027,7.3623337793088695,-44.37559716465055,-12.4320845507206,32.064800000000176,-0.0156249999999991,100000.0,0.0,0.5
v15,10,noop,0.05,0.002,1.0,1050297464.25,10.475072351594124,0.0,10.475072351594124,7.364817072516303,-47.54044445706491,-47.66173184313507,0.0,-0.0156249999999991,100000.0,0.0,0.5
v15,20,all,0.05,0.002,1.0,1050297464.25,20.396222864227127,0.9141401173995903,19.482082746827537,8.913889057687129,-180.9050494529226,-84.79970404442405,96.21209475377144,-0.018749999999998913,100000.0,0.0,0.5
v15,20,last1,0.05,0.002,1.0,1050297464.25,20.396222864227127,0.03146699367749693,20.36475587054963,8.930938408055113,-198.47008559014554,-195.3707349354186,3.2061000000000175,-0.0156249999999991,100000.0,0.0,0.5
v15,20,last10,0.05,0.002,1.0,1050297464.25,20.396222864227127,0.3068534871120957,20.08936937711503,8.929000817103883,-192.90470189977543,-160.9466512450481,32.064800000000176,-0.0156249999999991,100000.0,0.0,0.5
v15,20,noop,0.05,0.002,1.0,1050297464.25,20.396222864227127,0.0,20.396222864227127,8.931484110311203,-199.1109972556912,-199.21774660096384,0.0,-0.0156249999999991,100000.0,0.0,0.5
