algo,seed,headline_bps,economic_dense_bps,difference_bps,pnl_bps,penalty_bps,auction_bps,open_inventory,close_inventory,episodes,selected_episode,initial_val,selected_val,final_val,late_clob_loss,late_auction_loss
ddpg,7,2.945413677227973,2.9635019664918376,-0.0180882892638643,3.293670773550032,0.330168807058195,0.46154004999613946,2.5818128895828876,3.732271973604264,450,249,1.6494915464397517,3.713629132904903,3.6403349952007127,2.2643267523795516,0.0872576711699366
ddpg,42,3.2775682664501824,3.5021574107470435,-0.22458914429686,4.765813705668522,1.2636562949214794,0.8280826711301745,9.10499483006869,6.800449010236511,800,799,-1.6596669303803804,-0.10447933025945377,-0.1044793302594537,1.9916575254640567,0.15456665909538658
ddpg,99,9.535908474270345,7.487823652276022,2.0480848219943244,8.087120393451803,0.5992967411757824,0.17056854604929253,4.296400111936223,3.5457835082874367,250,98,1.4690296013522501,2.5741777818527183,2.184464422236107,2.4191295070307595,0.0870338205248117
ddpg,123,5.005219839920098,5.8080225109775085,-0.802802671057411,6.803364585109946,0.9953420741324375,1.1663124559341744,7.656525088495138,5.304883917921497,350,149,5.793931433792526,7.312811282104738,6.703135064387801,3.267307467238848,0.22845479672153785
ddpg,314,6.557966068489432,6.519078177301953,0.03888789118747807,7.4751928581662295,0.9561146808642746,0.5099685228641229,5.9188521856643135,5.584884012461125,700,499,6.85021476967743,8.498672921550293,8.375147711783697,2.387493066151409,0.10854221420983465
ddpg,577,2.9719333704747,3.835477516222887,-0.8635441457481872,4.580385537915508,0.7449080216926212,0.3780161239341014,5.041855647119857,5.287660567344566,750,549,6.590597616781886,8.889605627008974,8.772373386522691,2.0630031098007113,0.13427866743877526
ddpg,811,0.8810071621123717,0.9610057738639074,-0.0799986117515355,1.4695853472444347,0.5085795733805265,0.37508616738039513,3.7981774388714302,4.148709291117251,800,649,0.2240032231999316,1.9565161143202279,1.7748522163746132,2.4404125174488684,0.06857271827757355
ddpg,1618,5.483804244365124,5.695404872728041,-0.2116006283629143,6.133603073433778,0.4381982007057389,0.4734237620711108,3.9925755819577615,4.49682391753322,800,799,-0.7521214658552153,3.7654041701604264,3.7654041701604264,2.1980318215915133,0.09780273127059136
ddpg,2024,2.5369727383720715,2.9398580048424106,-0.4028852664703386,3.57115673109732,0.6312987262549093,1.686739841245804,9.987895223748266,4.492484025350465,350,149,-0.8499613727082596,1.8495882634937806,1.452286790979104,1.6185593758891157,0.13416559106359877
ddpg,2718,-2.272428785519679,-2.2297099949956634,-0.04271879052401511,-1.7570887458996052,0.4726212490960592,-0.03737298278834991,1.3492961612429235,3.559320608611371,500,299,3.6586472918860466,4.388083156792728,4.037162002897546,4.995257559276762,0.0221702508240317
dqn,7,2.8488503965028524,2.2793839374963007,0.5694664590065521,3.1170205120600296,0.8376365745637284,0.07408291915605147,4.691683488522164,5.567636556048,550,349,-93.51091443057584,4.355984809272011,3.73077188299964,2.2240840927817116,6.698262738591682
dqn,42,4.381946094012426,3.8856764590017945,0.4962696350106327,4.523614179290471,0.6379377202886775,0.04793962957611633,4.811604224697783,5.086403601688784,400,199,-59.045756160905334,0.09879658047531681,-0.7400087054387745,2.577118053179025,0.24279830697923893
dqn,99,6.89528659519842,7.337565288907054,-0.4422786937086338,9.709586775239826,2.372021486332771,-0.08382889755810609,10.690862287687917,10.657882276181772,550,349,-58.21024539796964,3.130866027016323,2.538994901690816,1.9395081082064853,0.46907477875550585
dqn,123,5.228940115761717,5.4420587085485215,-0.2131185927868082,6.741342264558773,1.2992835560102498,-0.13550290260968148,5.62840265845264,7.335776384550725,350,149,-4.945741770812002,7.717433520064516,6.111023612865816,2.229594779014587,0.37128291515012574
dqn,314,6.445495534360921,6.318967670052441,0.12652786430848015,8.282787128298523,1.963819458246081,1.0273593042939653,12.280798044377205,10.203347887994006,650,449,2.9902474832682104,9.259687214116713,9.199829762407914,1.716034404595359,0.2624558760474125
dqn,577,3.8736736013281323,3.098582137742386,0.7750914635857454,4.3033200924343875,1.2047379546920032,0.2522557732476454,8.098088435155265,7.23774959345632,450,249,-38.2070977389736,8.188396752127314,7.433752498712822,1.8428617910792426,0.17420530995974937
dqn,811,1.6811670956278602,1.5041355461982748,0.17703154942958643,2.228365211473755,0.7242296652754808,0.05184721930346937,5.688181540972855,5.631603554022374,600,399,-8.030590344308296,1.9300519812339891,1.302058741542973,1.8984230613542925,0.0926233862837155
dqn,1618,2.8892367123125444,3.5348997201882835,-0.6456630078757386,3.9831324043771046,0.44823268418882173,-0.2845944897506341,2.5118581831181586,3.5151408179410875,250,98,-31.82037165950513,2.0546641358812296,-0.0649899975668752,4.029278221815527,4.5876115009188645
dqn,2024,0.18913358007976921,1.1208417328556484,-0.9317081527758788,2.2287406811107764,1.1078989482551276,0.3734985625764649,6.1177265263093945,5.78948075781818,350,149,-44.178932578577,0.36403026944989225,-0.1885621368565755,2.059469725744437,0.10344358465323841
dqn,2718,-1.7304080729221745,-1.2329007973593724,-0.49750727556280255,-0.5964490890273398,0.6364517083320319,0.09003645435395813,4.967432007637962,4.817976027074865,400,199,-12.364833267304796,5.1861071132807695,4.999865184485881,3.62653918250611,2.0682619385421277
sac,7,3.6977011494154617,3.1702885174381357,0.5274126319773259,3.8107111641185263,0.6404226466803913,0.6479074188539348,4.6365124981398225,5.161905196268846,650,449,1.6561085722606839,4.627054927495263,4.041813985353498,2.2518201159631337,0.1515221708764632
sac,42,3.861070320340973,4.382890999505424,-0.5218206791644507,4.7267698247191525,0.34387882521372876,0.6473330708811126,5.079499753372931,3.3028487708366923,800,749,-1.482879334624566,0.8357081349721946,0.7282627583145374,2.5488484679867804,0.10676961660695569
sac,99,8.386240085436622,9.041661578137122,-0.6554214927005,9.910328327223194,0.8686667490860728,0.16385728656518164,4.914479352331203,6.227610824284891,650,449,0.19879631881909,4.050642291475534,3.8930502704833216,1.9399946455994437,0.0486733706668019
sac,123,5.093620492956987,6.446840799369518,-1.3532203064125299,7.306431017752567,0.8595902183830486,0.7146146524625766,5.264862297443074,5.1589885431836775,800,799,5.215820377652249,7.980424564575421,7.98042456457542,2.374198279037431,0.15346955709780252
sac,314,7.305299256601326,6.979806051490105,0.32549320511122004,7.224097840367996,0.24429178887789074,0.166056204993968,1.592420897040469,2.933804821427642,800,599,7.0802997840024595,7.574355608970273,6.981954855328416,3.1977695873409413,0.0938636178305993
sac,577,3.767921886416985,3.52449596585488,0.24342592056210552,4.122960669367218,0.5984647035123393,0.46559230734759566,4.074706061090518,4.414788042274003,800,699,6.084582036622846,8.841444479963911,8.70405695880646,2.3438960037953116,0.4335336719950039
sac,811,0.6218303894203102,1.2495473217300233,-0.6277169323097124,2.376439294600573,1.1268919728705489,0.6283132647692105,5.021667755002681,7.03496540519364,800,749,0.1718710499284346,1.8020229786631408,1.4716038906197513,3.258926058033376,0.0754572579326728
sac,1618,4.742179005580703,5.10082084696752,-0.35864184138681615,5.228327448650092,0.12750660168257408,-0.06113550731098715,1.3213325964851312,2.0855855162220327,800,699,-0.8571700650724288,3.053683917723669,2.969381638830953,2.6702822894761056,0.0533532409152636
sac,2024,3.6415695268473574,3.4076003603468052,0.23396916650055335,3.9434827184090193,0.5358823580622151,0.8760710055402119,5.239246356672511,5.447435319422506,800,799,-0.5600733982201636,2.5458193924345247,2.5458193924345247,1.3402325957209154,0.0790849002078175
sac,2718,-1.915893551504708,-2.100600556992464,0.18470700548775743,-1.213184962839249,0.8874155941532151,0.3809668974175216,4.612847465869838,5.636115612971318,800,649,3.6359426390328826,5.155725231248455,4.951512694671109,2.8372098934602206,0.0695357120595872
td3,7,1.8464688994027827,2.5887947821407558,-0.742325882737973,3.1651327750848566,0.5763379929441015,0.39056749681486613,2.126925068917166,4.704341284515033,800,799,1.5629498040345597,4.140613786020493,4.140613786020493,4.646171563022488,0.1555265437190731
td3,42,4.71744604556345,4.443834000667959,0.2736120448954914,4.6383282310623875,0.1944942303944286,0.28973905883390416,2.6219955747602968,2.677439041315148,350,149,-2.232431246762873,1.0222947501370794,0.8955620922051806,6.874275757869085,0.44875366501510133
td3,99,9.242174904529996,9.47384541617771,-0.23167051164771346,10.266395013905408,0.7925495977276984,0.3775908578059877,5.3752523559362455,6.221171160795206,800,749,0.1912520413568064,4.504051761844499,4.372321539364545,6.796229870695816,0.2823340618362029
td3,123,6.846358198425329,6.926762290808511,-0.08040409238318225,7.616037419154911,0.6892751283464008,1.0980725964308875,4.992629304445393,6.04610833580361,800,799,5.887843569180951,8.509662612060085,8.509662612060085,4.269262099169135,0.1718991667653123
td3,314,6.427432317501345,5.336062843506983,1.0913694739943616,5.480980592751439,0.14491774924445486,0.23318983766642812,1.429649868246899,2.3399062841467453,400,199,6.637859111341827,5.838493347411817,5.462110708441618,5.346221200823784,0.20894241249188775
td3,577,4.102435677103276,3.987606366495836,0.11482931060744132,4.458566431243901,0.4709600647480656,0.5995873836236818,5.653091111165664,4.173698634663291,800,799,6.215840827396212,8.807723119994703,8.807723119994703,4.517955937297829,0.23663890684644373
td3,811,0.41903398899735045,0.22288969154202903,0.19614429745531958,1.4701058888386696,1.247216197296639,1.2117845470966515,9.429182328612635,5.559237741495845,400,199,-0.5396483914207673,1.5223636404884477,1.1380722021521177,7.213319305307376,0.40728944316506377
td3,1618,5.667994046071908,5.190723982370725,0.4772700637011819,5.348969074756798,0.15824509238607506,0.020444101206614027,1.265662286215558,2.2741075075745827,800,749,-0.6135139394528395,3.756859044962013,3.668044568683319,4.954445517761803,0.0943674753575275
td3,2024,3.463607657705003,2.6963893326350337,0.7672183250699689,3.8507558205927497,1.1543664879577165,0.6145814376443994,7.021544727851079,7.512719002352318,800,799,-1.3659934629385075,2.1343133095125624,2.1343133095125624,4.429522944859096,0.11482572412739195
td3,2718,-2.057304466790294,-2.075397887064026,0.01809342027373137,-1.8497699905615628,0.2256278965024631,0.08308211984061206,0.9169293431830399,3.408296012386572,250,98,2.379394182375419,4.370159941681118,3.896209012214792,8.427217556273236,0.12184771051009491
