episode,pnl,objective,training_return,replay_return,potential_adjustment,market_baseline_adjustment,clob_shaping,auction_shaping,inventory_at_auction_open,terminal_inventory,auction_qty,proposal_schedule_arrival_proposed,proposal_schedule_arrival_accepted,proposal_schedule_arrival_rejected,proposal_schedule_arrival_ineligible,proposal_schedule_cancel_proposed,proposal_schedule_cancel_accepted,proposal_schedule_cancel_rejected,proposal_schedule_cancel_ineligible,proposal_buy_arrival_proposed,proposal_buy_arrival_accepted,proposal_buy_arrival_rejected,proposal_buy_arrival_ineligible,proposal_buy_cancel_proposed,proposal_buy_cancel_accepted,proposal_buy_cancel_rejected,proposal_buy_cancel_ineligible,proposal_sell_arrival_proposed,proposal_sell_arrival_accepted,proposal_sell_arrival_rejected,proposal_sell_arrival_ineligible,proposal_sell_cancel_proposed,proposal_sell_cancel_accepted,proposal_sell_cancel_rejected,proposal_sell_cancel_ineligible,loss_clob,learning_rate_clob,grad_norm_clob,td_abs_mean_clob,td_abs_max_clob,n_grad_steps_clob,loss_auction,learning_rate_auction,grad_norm_auction,td_abs_mean_auction,td_abs_max_auction,n_grad_steps_auction
0,-7.64410043321368,-7.653957043396262,-11.339883656249555,0.5819496742415831,0.0,11.921833330491134,-3.685926612855468,0.0,0.9928046223997029,0.9928046223996994,0.0,30.0,30.0,0.0,0.0,0.0,0.0,0.0,0.0,10.0,10.0,0.0,0.0,1.0,1.0,0.0,0.0,9.0,9.0,0.0,0.0,1.0,1.0,0.0,0.0,,,,,,,,,,,,
1,-5.46722964669425,-5.469872360759222,-5.4488463981488495,-13.062632275921798,1.3877787807814457e-17,-7.613785877772951,0.0,0.021025962607039917,0.6759266526088084,-0.5140733473904793,1.1899999999992659,30.0,30.0,0.0,0.0,0.0,0.0,0.0,0.0,10.0,10.0,0.0,0.0,5.0,5.0,0.0,0.0,13.0,13.0,0.0,0.0,1.0,1.0,0.0,0.0,,,,,,,,,,,,
2,27.533035405764167,27.04978636925973,27.049869720910795,-9.283070367293364,0.0,-36.33294008820416,0.0,8.335165079786586e-05,0.1510545631187341,-6.951611586563477,7.1026661496822,30.0,30.0,0.0,0.0,0.0,0.0,0.0,0.0,8.0,8.0,0.0,0.0,0.0,0.0,0.0,0.0,11.0,11.0,0.0,0.0,1.0,1.0,0.0,0.0,,,,,,,,,,,,
3,-37.22428361320323,-37.225771000565274,-38.21979709588736,0.7398145748049402,0.0,38.95961167069227,-0.9978821078202316,0.003856012500000877,0.7658320721762664,0.38566661276858183,0.38016545940769164,30.0,30.0,0.0,0.0,0.0,0.0,0.0,0.0,8.0,8.0,0.0,0.0,1.0,1.0,0.0,0.0,6.0,6.0,0.0,0.0,3.0,3.0,0.0,0.0,,,,,,,,,,,,
4,25.0,-75.0,-75.0,-83.94042722756598,0.0,-8.940427227565962,0.0,0.0,100.0,100.0,0.0,30.0,30.0,0.0,0.0,0.0,0.0,0.0,0.0,10.0,10.0,0.0,0.0,4.0,4.0,0.0,0.0,7.0,7.0,0.0,0.0,1.0,1.0,0.0,0.0,,,,,,,,,,,,
5,-44.40424999999959,-137.18930624999925,-137.13712118704947,-81.78191941884009,0.0,55.35520176820941,0.0,0.05218506294900338,100.0,96.32499999999982,3.675000000000189,30.0,30.0,0.0,0.0,0.0,0.0,0.0,0.0,3.0,3.0,0.0,0.0,3.0,2.0,0.0,1.0,11.0,11.0,0.0,0.0,3.0,3.0,0.0,0.0,,,,,,,,,,,,
6,-82.6727499999979,-193.2905562499983,-193.31661631113442,-140.13755382345772,0.0,53.17906248767655,0.0,-0.02606006113622215,100.0,105.17500000000018,-5.175000000000178,30.0,30.0,0.0,0.0,0.0,0.0,0.0,0.0,10.0,10.0,0.0,0.0,1.0,1.0,0.0,0.0,11.0,11.0,0.0,0.0,1.0,1.0,0.0,0.0,,,,,,,,,,,,
7,-15.455999999998822,-115.65609999999894,-115.65609999999884,-117.2526628863332,0.0,-1.5965628863343704,0.0,-7.111111699487083e-16,100.0,100.10000000000005,-0.10000000000005116,30.0,30.0,0.0,0.0,0.0,0.0,0.0,0.0,11.0,11.0,0.0,0.0,0.0,0.0,0.0,0.0,10.0,10.0,0.0,0.0,4.0,4.0,0.0,0.0,,,,,,,,,,,,
8,-9.0,-109.0,-109.0,-102.0472464617225,0.0,6.952753538277521,0.0,0.0,100.0,100.0,0.0,30.0,30.0,0.0,0.0,0.0,0.0,0.0,0.0,8.0,8.0,0.0,0.0,3.0,3.0,0.0,0.0,13.0,13.0,0.0,0.0,2.0,2.0,0.0,0.0,,,,,,,,,,,,
9,-14.870826230880994,-14.957676248738544,-14.925395812436255,5.360071663509642,0.0,20.285467475945904,-0.003922608797845228,0.03620304509714348,0.007371408060919293,-2.947032708633373,2.9544041166942954,30.0,30.0,0.0,0.0,0.0,0.0,0.0,0.0,9.0,9.0,0.0,0.0,2.0,2.0,0.0,0.0,9.0,9.0,0.0,0.0,2.0,2.0,0.0,0.0,,,,,,,,,,,,
10,28.311876076229964,27.891422280832167,27.891412335761153,14.516715383706412,0.0,-13.37469695205474,0.0,-9.94507065882469e-06,11.171740860716227,6.484240860716049,4.68750000000016,30.0,30.0,0.0,0.0,0.0,0.0,0.0,0.0,13.0,13.0,0.0,0.0,0.0,0.0,0.0,0.0,10.0,10.0,0.0,0.0,1.0,1.0,0.0,0.0,,,,,,,,,,,,
11,36.64574960701924,13.609818490246965,13.615227670245812,4.649234208367936,0.0,-8.965993461877881,0.0,0.005409179999999885,48.53574858565326,47.99576139282747,0.5399871928257992,30.0,30.0,0.0,0.0,0.0,0.0,0.0,0.0,9.0,9.0,0.0,0.0,0.0,0.0,0.0,0.0,3.0,3.0,0.0,0.0,1.0,1.0,0.0,0.0,,,,,,,,,,,,
12,27.322041680596158,27.30052593514265,27.30052593514309,-1.0007402349531593,0.0,-28.30126617009624,0.0,0.0,1.4668246471035502,1.466824647103572,0.0,30.0,30.0,0.0,0.0,0.0,0.0,0.0,0.0,10.0,10.0,0.0,0.0,2.0,2.0,0.0,0.0,11.0,11.0,0.0,0.0,2.0,2.0,0.0,0.0,,,,,,,,,,,,
13,10.719242987644975,10.689675525918322,10.689604988024973,0.8508426655923249,0.0,-9.838762322432652,0.0,-7.053789521090277e-05,0.5079808309691884,-1.7195191690310896,2.2275000000002763,30.0,30.0,0.0,0.0,0.0,0.0,0.0,0.0,5.0,5.0,0.0,0.0,1.0,1.0,0.0,0.0,7.0,7.0,0.0,0.0,1.0,1.0,0.0,0.0,,,,,,,,,,,,
14,44.63861653103959,-8.685225888993699,-8.84348480604243,-53.84323801300029,0.0,-44.999753206957855,0.0,-0.1582589170528102,54.13980609766926,73.02317606077764,-18.88336996310842,30.0,30.0,0.0,0.0,0.0,0.0,0.0,0.0,12.0,12.0,0.0,0.0,3.0,3.0,0.0,0.0,10.0,10.0,0.0,0.0,0.0,0.0,0.0,0.0,,,,,,,,,,,,
15,17.450276782559232,-1.6534630851430627,-1.6494574851451542,-13.135867066892343,0.0,-11.48640958174719,0.0,0.004005599999999915,44.05782523496482,43.707825234964844,0.3499999999999659,30.0,30.0,0.0,0.0,0.0,0.0,0.0,0.0,9.0,9.0,0.0,0.0,1.0,1.0,0.0,0.0,10.0,10.0,0.0,0.0,0.0,0.0,0.0,0.0,,,,,,,,,,,,
16,-6.665520560081859,-6.667441255830329,-7.582786243092357,14.233156848333213,0.0,21.815943091425563,-0.9153449872630404,0.0,0.43825742988217087,0.4382574298821691,0.0,30.0,30.0,0.0,0.0,0.0,0.0,0.0,0.0,7.0,7.0,0.0,0.0,2.0,2.0,0.0,0.0,7.0,7.0,0.0,0.0,1.0,1.0,0.0,0.0,,,,,,,,,,,,
17,-34.81111128005614,-34.811793847038494,-35.501538289070325,-17.067518502533122,0.0,18.434019786537206,-0.6927405150497634,0.002996073016844773,0.231505928337441,0.26125982897399846,-0.02975390063652949,30.0,30.0,0.0,0.0,0.0,0.0,0.0,0.0,8.0,8.0,0.0,0.0,2.0,2.0,0.0,0.0,8.0,8.0,0.0,0.0,2.0,1.0,0.0,1.0,,,,,,,,,,,,
18,-3.5580263870597264,-3.737015781842706,-4.212108674232983,29.577534229281845,5.551115123125783e-17,33.789642903514824,-0.4643550507088605,-0.010737841679906157,0.2500569086454192,-4.230713826093416,4.4807707347388375,30.0,30.0,0.0,0.0,0.0,0.0,0.0,0.0,9.0,9.0,0.0,0.0,1.0,1.0,0.0,0.0,9.0,9.0,0.0,0.0,1.0,1.0,0.0,0.0,,,,,,,,,,,,
19,41.30142884668879,41.30087771909425,41.30217862909458,10.016412624942447,-5.551115123125783e-17,-31.28576600415212,0.0,0.0013009100000002036,0.2997610688636314,0.23476106886362924,0.06499999999998707,30.0,30.0,0.0,0.0,0.0,0.0,0.0,0.0,9.0,9.0,0.0,0.0,1.0,1.0,0.0,0.0,12.0,12.0,0.0,0.0,1.0,1.0,0.0,0.0,,,,,,,,,,,,
20,-140.0,-240.0,-240.0,-177.16697874944893,0.0,62.83302125055106,0.0,0.0,100.0,100.0,0.0,30.0,30.0,0.0,0.0,0.0,0.0,0.0,0.0,6.0,6.0,0.0,0.0,1.0,1.0,0.0,0.0,7.0,7.0,0.0,0.0,0.0,0.0,0.0,0.0,,,,,,,,,,,,
21,16.423648955938916,-65.2873732586415,-65.22455389937814,-75.86748930752327,0.0,-10.642935408145132,0.0,0.06281935926317325,100.0,90.39414926563578,9.605850734364232,30.0,30.0,0.0,0.0,0.0,0.0,0.0,0.0,12.0,12.0,0.0,0.0,0.0,0.0,0.0,0.0,5.0,5.0,0.0,0.0,1.0,1.0,0.0,0.0,,,,,,,,,,,,
22,12.382303983755264,-92.78004083787152,-92.79809066062357,-91.52279907329404,0.0,1.275291587329526,0.0,-0.01804982275192844,100.0,102.54869322503666,-2.5486932250366587,30.0,30.0,0.0,0.0,0.0,0.0,0.0,0.0,11.0,11.0,0.0,0.0,2.0,2.0,0.0,0.0,11.0,11.0,0.0,0.0,0.0,0.0,0.0,0.0,,,,,,,,,,,,
23,22.565,-77.435,-77.4347254675,-52.76041203125543,0.0,24.674313436244596,0.0,0.0002745324999997503,100.0,100.0,0.0,30.0,30.0,0.0,0.0,0.0,0.0,0.0,0.0,11.0,11.0,0.0,0.0,3.0,3.0,0.0,0.0,9.0,9.0,0.0,0.0,0.0,0.0,0.0,0.0,,,,,,,,,,,,
24,12.278148926898211,12.275297531262805,12.113383336901734,-0.6194941624319459,0.0,-12.732877499333677,-0.1619141943616853,0.0,0.5339846098351302,0.5339846098350947,0.0,30.0,30.0,0.0,0.0,0.0,0.0,0.0,0.0,9.0,9.0,0.0,0.0,1.0,1.0,0.0,0.0,9.0,9.0,0.0,0.0,2.0,2.0,0.0,0.0,,,,,,,,,,,,
25,7.798134060269149,7.095608578808463,7.179570489216544,8.21603087431924,0.0,1.0364603851026941,0.0,0.08396191040816728,0.13354880889184528,-8.381679315391912,8.515228124283745,30.0,30.0,0.0,0.0,0.0,0.0,0.0,0.0,11.0,11.0,0.0,0.0,2.0,2.0,0.0,0.0,7.0,7.0,0.0,0.0,3.0,3.0,0.0,0.0,,,,,,,,,,,,
26,52.335241435677744,17.544662708245525,17.371279738856092,-16.311409237123513,0.0,-33.6826889759796,0.0,-0.173382969391223,49.55056015110818,58.98353899812406,-9.432978847015878,30.0,30.0,0.0,0.0,0.0,0.0,0.0,0.0,12.0,12.0,0.0,0.0,2.0,2.0,0.0,0.0,7.0,7.0,0.0,0.0,1.0,1.0,0.0,0.0,,,,,,,,,,,,
27,-1.5500083473639825,-3.773358077382364,-3.7705622773803644,8.834535775469382,0.0,12.605098052849739,0.0,0.0027958000000002955,15.190901146538366,14.910901146538333,0.28000000000002956,30.0,30.0,0.0,0.0,0.0,0.0,0.0,0.0,10.0,10.0,0.0,0.0,1.0,1.0,0.0,0.0,4.0,4.0,0.0,0.0,2.0,1.0,0.0,1.0,,,,,,,,,,,,
28,0.41619267458190734,0.40861324312320896,0.26895687507356847,4.693377986672329,0.0,4.424421111598761,-0.13965636804886117,0.0,0.8705993027046333,0.8705993027046599,0.0,30.0,30.0,0.0,0.0,0.0,0.0,0.0,0.0,8.0,8.0,0.0,0.0,0.0,0.0,0.0,0.0,10.0,10.0,0.0,0.0,2.0,2.0,0.0,0.0,,,,,,,,,,,,
29,25.643348532841628,25.398473590629635,25.561048755130937,9.525335634582497,0.0,-16.03571312054845,0.0,0.16257516450409695,8.131515967371584,-4.9484840326305175,13.080000000002087,30.0,30.0,0.0,0.0,0.0,0.0,0.0,0.0,9.0,9.0,0.0,0.0,1.0,1.0,0.0,0.0,10.0,10.0,0.0,0.0,2.0,2.0,0.0,0.0,,,,,,,,,,,,
30,27.81241744146064,27.529307729619525,27.51661204740364,4.6448715770424265,0.0,-22.871740470361203,0.0,-0.01269568221638257,0.7550999471933437,-5.320805501435988,6.075905448629321,30.0,30.0,0.0,0.0,0.0,0.0,0.0,0.0,11.0,11.0,0.0,0.0,3.0,3.0,0.0,0.0,12.0,12.0,0.0,0.0,1.0,1.0,0.0,0.0,,,,,,,,,,,,
31,27.41034594316625,27.40315767332255,27.403157673320575,9.114665885046131,0.0,-18.28849178827445,0.0,0.0,0.8478366495793637,0.8478366495793532,0.0,30.0,30.0,0.0,0.0,0.0,0.0,0.0,0.0,13.0,13.0,0.0,0.0,2.0,1.0,0.0,1.0,11.0,11.0,0.0,0.0,1.0,1.0,0.0,0.0,,,,,,,,,,,,
32,3.7445354804297675,3.7390791942987947,3.734829618325178,6.875602798553393,4.440892098500626e-15,3.1407731802282135,-0.0031995759735252705,-0.0010500000000000392,0.5986667808269885,0.7386667808269749,-0.13999999999997215,30.0,30.0,0.0,0.0,0.0,0.0,0.0,0.0,8.0,8.0,0.0,0.0,2.0,2.0,0.0,0.0,7.0,7.0,0.0,0.0,1.0,1.0,0.0,0.0,10.165371000766754,0.00011723529260225414,12.193463365236918,1.8022387400269508,31.384021759033203,48.0,0.2893698774278164,0.00011723529260225412,2.1533675750096637,0.2700825562079748,6.188076496124268,30.0
33,8.358840858832496,8.35495102318641,8.325172274751447,12.91044715573062,0.0,4.5852748809791715,-0.02915493593363294,-0.0006238125000003192,0.5002237300003429,0.6236854692939678,-0.1234617392936365,30.0,30.0,0.0,0.0,0.0,0.0,0.0,0.0,6.0,6.0,0.0,0.0,2.0,2.0,0.0,0.0,11.0,11.0,0.0,0.0,0.0,0.0,0.0,0.0,9.507736775933243,0.00011633585713753009,11.474939660328191,1.7212310447925474,30.425697326660156,41.0,0.29525555471579235,0.00011633585713753009,1.81651082833608,0.25431441416343054,5.438109874725342,30.0
34,-20.013372304021875,-30.707815402989716,-31.11254673717054,-9.08855254418362,0.0,22.02399419298693,-0.40473133418096197,0.0,32.70235939342578,32.702359393425795,0.0,30.0,30.0,0.0,0.0,0.0,0.0,0.0,0.0,8.0,8.0,0.0,0.0,2.0,2.0,0.0,0.0,5.0,5.0,0.0,0.0,0.0,0.0,0.0,0.0,8.79122618039449,0.00011544332219002444,12.383950180477566,1.6397886594136557,29.95826530456543,45.0,0.2536131816605727,0.00011544332219002443,1.5276279191176096,0.2340425208210945,5.319738864898682,30.0
35,32.491326352455594,32.48497952094243,32.484979520942275,3.8510823357417223,0.0,-28.633897185200553,0.0,-2.710505431213761e-20,0.796670039173236,0.7966700391732102,0.0,30.0,30.0,0.0,0.0,0.0,0.0,0.0,0.0,5.0,5.0,0.0,0.0,1.0,1.0,0.0,0.0,8.0,8.0,0.0,0.0,1.0,1.0,0.0,0.0,7.478300410647725,0.00011455763481859824,12.340144545532937,1.5651197378025499,29.18235969543457,43.0,0.20453153178095818,0.00011455763481859824,1.7499954620997111,0.2251104901234309,5.107639312744141,30.0
36,23.348327391228523,22.945037975609388,22.86630007156526,8.722029198050869,3.552713678800501e-15,-14.144270873514397,-0.09125835404307736,0.012520449999999931,7.537583183554744,6.35050718934429,1.1870759942104765,30.0,30.0,0.0,0.0,0.0,0.0,0.0,0.0,5.0,5.0,0.0,0.0,0.0,0.0,0.0,0.0,10.0,10.0,0.0,0.0,1.0,1.0,0.0,0.0,8.01435825559828,0.00011367874248827983,14.182183490859138,1.5875410503811307,29.063457489013672,36.0,0.24683008914192517,0.00011367874248827983,1.6616453965504965,0.23168101658423743,5.021203994750977,30.0
37,14.511651121533243,14.182823866599271,13.643759250743924,6.397074400876723,0.0,-7.246684849867204,-0.5550694158543195,0.01600479999999909,7.174346126054402,5.7343461260545805,1.4399999999998272,30.0,30.0,0.0,0.0,0.0,0.0,0.0,0.0,10.0,10.0,0.0,0.0,1.0,1.0,0.0,0.0,8.0,8.0,0.0,0.0,0.0,0.0,0.0,0.0,7.893341514197263,0.00011280659306714875,14.067918647419322,1.5503337600014426,29.313213348388672,44.0,0.2056042578071356,0.00011280659306714875,1.6010608772436778,0.2234127496679624,4.803764343261719,30.0
38,-27.845275747898356,-29.943389683708695,-32.08937599782176,3.758098050355632,0.0,35.847474048177396,-2.151815839114988,0.00582952500000022,14.99817430024224,14.484867744685626,0.5133065555566191,30.0,30.0,0.0,0.0,0.0,0.0,0.0,0.0,11.0,11.0,0.0,0.0,1.0,1.0,0.0,0.0,11.0,11.0,0.0,0.0,1.0,1.0,0.0,0.0,7.723502255774833,0.00011194113482324334,14.239703552142993,1.5469715434151727,28.461034774780273,37.0,0.18733911464611688,0.00011194113482324333,2.0014129519462585,0.21671951164801914,4.868525505065918,30.0
39,23.258621878355275,22.230436509696233,22.215987616233253,6.6740353794313565,0.0,-15.541952236801894,-0.014448893463367085,0.0,10.139947577078686,10.139947577078704,0.0,30.0,30.0,0.0,0.0,0.0,0.0,0.0,0.0,5.0,5.0,0.0,0.0,0.0,0.0,0.0,0.0,10.0,10.0,0.0,0.0,1.0,1.0,0.0,0.0,6.964632487878567,0.00011108231642149228,15.554803883157126,1.4877812600717313,28.608434677124023,41.0,0.2050867276887099,0.0001110823164214923,1.9850810329119364,0.22339301804701486,4.676804065704346,30.0
40,18.584332339070475,18.56966364573078,18.56289609573188,4.959688651664385,1.7763568394002505e-15,-13.603207444067497,0.0,-0.006767549999999615,0.537481915598292,1.211143812257331,-0.6736618966590419,30.0,30.0,0.0,0.0,0.0,0.0,0.0,0.0,15.0,15.0,0.0,0.0,2.0,2.0,0.0,0.0,10.0,10.0,0.0,0.0,1.0,1.0,0.0,0.0,7.010793171988594,0.0001102300869206699,15.311987453036839,1.5000195768144395,28.252925872802734,45.0,0.17128726119796436,0.0001102300869206699,1.5735156337420146,0.20463391095399858,4.819149971008301,30.0
41,18.970548818969444,18.970529333488773,18.88174178437844,22.89121308377729,-1.3877787807814457e-17,4.009471299398829,-0.0929858691098957,0.004198320000000656,0.32335763863436284,-0.044142361365679506,0.3675000000000388,30.0,30.0,0.0,0.0,0.0,0.0,0.0,0.0,6.0,6.0,0.0,0.0,0.0,0.0,0.0,0.0,4.0,4.0,0.0,0.0,3.0,2.0,0.0,1.0,6.070272140724715,0.00010938439577037412,16.078296295432157,1.435832935710286,27.758188247680664,43.0,0.19802990158398945,0.00010938439577037412,2.2593402286370594,0.22363812377055486,4.759474754333496,30.0
42,21.29338739327526,21.28854615849105,21.139419477165365,9.889507249126874,-3.552713678800501e-15,-11.249912228038482,-0.14912668132565443,0.0,0.6957898234529978,0.6957898234529907,0.0,30.0,30.0,0.0,0.0,0.0,0.0,0.0,0.0,9.0,9.0,0.0,0.0,1.0,0.0,0.0,1.0,6.0,6.0,0.0,0.0,4.0,4.0,0.0,0.0,6.497676449663499,0.00010854519280802836,18.801755652708167,1.431323584388284,28.510353088378906,34.0,0.15941623337566851,0.00010854519280802836,1.6042529702186585,0.19851930936177573,3.047231912612915,30.0
43,17.459994367039485,17.441899885322346,16.93388703242918,0.7062436793793935,0.0,-16.227643353049796,-0.5023202553955173,-0.005692597500000168,0.7763717166522355,1.345157303706144,-0.5687855870539049,30.0,30.0,0.0,0.0,0.0,0.0,0.0,0.0,10.0,10.0,0.0,0.0,1.0,1.0,0.0,0.0,6.0,6.0,0.0,0.0,1.0,1.0,0.0,0.0,6.272379187650459,0.00010771242825590599,17.917862581652265,1.3965462002643318,26.609928131103516,43.0,0.17715556994080545,0.00010771242825590599,1.7893490572770436,0.19836751818656922,4.487210273742676,30.0
44,-9.213991991205432,-38.459378017821294,-38.62243439188149,-7.436402926055969,0.0,31.186031465825515,-0.16305637405892526,0.0,54.079003343826386,54.079003343826386,0.0,30.0,30.0,0.0,0.0,0.0,0.0,0.0,0.0,9.0,9.0,0.0,0.0,1.0,1.0,0.0,0.0,10.0,10.0,0.0,0.0,2.0,1.0,0.0,1.0,6.464320638600518,0.00010688605271817784,20.182372570037842,1.4462666195981644,28.174083709716797,34.0,0.17376126398642858,0.00010688605271817784,1.9041749258836111,0.20520899693171182,2.888686180114746,30.0
45,-42.24758920342282,-48.19661705177092,-48.38735532567601,-4.048177679792408,0.0,44.339177645883595,-0.20348451390555056,0.012746239999997465,25.666889019176978,24.390629037292385,1.276259981884597,30.0,30.0,0.0,0.0,0.0,0.0,0.0,0.0,10.0,10.0,0.0,0.0,3.0,3.0,0.0,0.0,6.0,6.0,0.0,0.0,1.0,1.0,0.0,0.0,7.36738522632702,0.00010606601717798214,19.840476371146536,1.4904498022955817,27.965574264526367,37.0,0.1702393800020218,0.00010606601717798212,1.9385484675566356,0.20265576541423796,4.5687971115112305,30.0
46,-26.890046046471674,-27.239428483360633,-27.231875568359495,8.216347967206348,-4.440892098500626e-16,35.44822353556586,0.0,0.0075529149999989595,5.500858117811134,5.910858117811327,-0.41000000000018133,30.0,30.0,0.0,0.0,0.0,0.0,0.0,0.0,14.0,14.0,0.0,0.0,1.0,1.0,0.0,0.0,9.0,9.0,0.0,0.0,1.0,1.0,0.0,0.0,6.397424283780549,0.00010525227299451708,19.677195799978154,1.418113438706649,27.590198516845703,38.0,0.15024358183145523,0.00010525227299451708,1.9134653409322102,0.19712931315104168,4.456895351409912,30.0
47,-2.6759118057628366,-3.0704572692578447,-3.3182485072664973,9.391874242234714,0.0,12.710122749501204,-0.2745685580078643,0.026777319999999147,8.448045663883718,6.281285405830626,2.1667602580530874,30.0,30.0,0.0,0.0,0.0,0.0,0.0,0.0,12.0,12.0,0.0,0.0,4.0,4.0,0.0,0.0,9.0,9.0,0.0,0.0,1.0,1.0,0.0,0.0,6.7815451331254915,0.0001044447719001558,22.13350663534025,1.4632099110905716,26.864479064941406,41.0,0.16945307403802873,0.0001044447719001558,1.7133518795172373,0.20649903068939846,4.41616153717041,30.0
48,40.35494344019878,39.765064314497835,39.767873734497016,7.699355840421756,0.0,-32.06851789407524,0.0,0.0028094199999998326,7.9803588828969225,7.680358882896976,0.2999999999999652,30.0,30.0,0.0,0.0,0.0,0.0,0.0,0.0,9.0,9.0,0.0,0.0,3.0,2.0,0.0,1.0,9.0,9.0,0.0,0.0,1.0,1.0,0.0,0.0,6.575767680218346,0.0001036434659975832,21.79875105305722,1.4190698454254551,28.182838439941406,38.0,0.14837407693266869,0.0001036434659975832,1.7100562274456024,0.1944533844788869,4.13327169418335,30.0
49,7.166032946699037,-0.5719120337700376,-0.5697142337697327,1.127851638823522,0.0,1.6975658725932552,0.0,0.0021978000000003437,27.981765509320937,27.817161933721913,0.16460357559901798,30.0,30.0,0.0,0.0,0.0,0.0,0.0,0.0,11.0,11.0,0.0,0.0,4.0,4.0,0.0,0.0,9.0,9.0,0.0,0.0,0.0,0.0,0.0,0.0,6.014293897442702,0.00010284830775695493,21.51060364886028,1.404019800628104,26.60651397705078,41.0,0.14925169497728347,0.00010284830775695495,1.7358323693275453,0.1935344561934471,4.145786762237549,30.0
50,48.59245214054291,48.58426152956796,48.58426152956511,6.855798992907453,0.0,-41.72846253665765,0.0,4.472333961502706e-19,0.9050199431476642,0.9050199431476891,0.0,30.0,30.0,0.0,0.0,0.0,0.0,0.0,0.0,10.0,10.0,0.0,0.0,2.0,2.0,0.0,0.0,11.0,11.0,0.0,0.0,3.0,3.0,0.0,0.0,6.15048857000139,0.00010205925001307827,22.53678012424045,1.3912628597683376,26.478145599365234,45.0,0.13112709869941075,0.00010205925001307825,1.924277844031652,0.18437829713026682,4.345804214477539,30.0
51,-16.226020355303962,-16.23883111284215,-16.55750828426235,3.0577994937782345,2.42861286636753e-17,19.615307778040567,-0.3123221614186775,-0.006355009999999874,0.3468461705633388,1.1318461705632767,-0.7849999999999575,30.0,30.0,0.0,0.0,0.0,0.0,0.0,0.0,9.0,9.0,0.0,0.0,3.0,3.0,0.0,0.0,14.0,14.0,0.0,0.0,2.0,2.0,0.0,0.0,6.905455748240153,0.00010127624596261425,25.726785954974947,1.4152303834756215,27.40280532836914,42.0,0.1435394197702408,0.00010127624596261425,2.091098197301229,0.18860521217187246,4.266020774841309,30.0
52,-19.013605621542943,-19.015133283697836,-20.745316657779316,11.291194636126193,0.0,32.03651129390552,-1.734661774084799,0.004478399999999753,0.9758531891761493,0.39085318917616974,0.5849999999999795,30.0,30.0,0.0,0.0,0.0,0.0,0.0,0.0,6.0,6.0,0.0,0.0,0.0,0.0,0.0,0.0,10.0,10.0,0.0,0.0,3.0,2.0,0.0,1.0,5.686757869498674,0.00010049924916130171,22.75487706827563,1.3553902215735858,25.994232177734375,43.0,0.13397056149939696,0.0001004992491613017,2.1411768396695456,0.18846601843833924,4.0362138748168945,30.0
53,43.19595509015485,43.18942597225187,43.189425972248856,1.959546920487355,0.0,-41.229879051761536,0.0,0.0,0.8080295726630311,0.8080295726630453,0.0,30.0,30.0,0.0,0.0,0.0,0.0,0.0,0.0,9.0,9.0,0.0,0.0,4.0,4.0,0.0,0.0,8.0,8.0,0.0,0.0,2.0,2.0,0.0,0.0,6.395739742687771,9.972821352120236e-05,25.82268862497239,1.4018108731224423,26.403995513916016,42.0,0.13264060368140537,9.972821352120236e-05,1.8148982147375743,0.17857134739557903,4.121089935302734,30.0
54,8.064072523535055,8.061404626717191,8.061404626716085,6.021863845891265,0.0,-2.039540780824819,0.0,-4.336808689942018e-19,0.5165168746385973,0.5165168746385831,0.0,30.0,30.0,0.0,0.0,0.0,0.0,0.0,0.0,9.0,9.0,0.0,0.0,2.0,2.0,0.0,0.0,8.0,8.0,0.0,0.0,1.0,0.0,0.0,1.0,5.872722374068366,9.896309330796706e-05,25.054269642300078,1.3502318329281278,25.992395401000977,45.0,0.1316340862462918,9.896309330796706e-05,2.040089319149653,0.18304798950751622,3.7065200805664062,30.0
55,4.889489541761053,4.883452501969366,4.882928026967936,5.731006248892346,0.0,0.8480782219244123,0.0,-0.0005244749999999139,0.7519838989121297,0.7769838989121602,-0.025000000000016342,30.0,30.0,0.0,0.0,0.0,0.0,0.0,0.0,11.0,11.0,0.0,0.0,0.0,0.0,0.0,0.0,10.0,10.0,0.0,0.0,0.0,0.0,0.0,0.0,5.375752139598765,9.8203843138123e-05,25.419021849936627,1.3194721353814958,25.71456527709961,47.0,0.1306666428844134,9.8203843138123e-05,2.1786254545052848,0.1829511910676956,3.8334078788757324,30.0
56,18.250425269324435,18.129431460522234,18.161366597401962,4.966124903081259,0.0,-13.195241694320702,-0.018228280621428894,0.050163417500004456,9.606573516959415,3.4784164328354885,6.128157084123944,30.0,30.0,0.0,0.0,0.0,0.0,0.0,0.0,7.0,7.0,0.0,0.0,1.0,1.0,0.0,0.0,7.0,7.0,0.0,0.0,1.0,1.0,0.0,0.0,4.896889146169027,9.745041797638186e-05,27.428575611114503,1.2649918695290883,20.57781982421875,30.0,0.1321478918194771,9.745041797638186e-05,1.9481992880503336,0.19093810816605886,3.917080879211426,30.0
57,-26.830114909705358,-28.800490629019702,-30.454229698506623,4.243692355466557,0.0,34.69792205397319,-1.6423092494872407,-0.011429820000000434,12.954185233556316,14.037007228445617,-1.0828219948892839,30.0,30.0,0.0,0.0,0.0,0.0,0.0,0.0,7.0,7.0,0.0,0.0,2.0,1.0,0.0,1.0,11.0,11.0,0.0,0.0,2.0,2.0,0.0,0.0,5.523607198582139,9.670277313296842e-05,25.705199951349304,1.2968828026638475,25.96170997619629,43.0,0.12000717706978321,9.670277313296842e-05,2.122905852397283,0.17891532828410467,3.856513261795044,30.0
58,-11.589085149823456,-11.590521800609768,-11.590521800609986,-2.037558411326085,0.0,9.5529633892839,0.0,4.607859233063394e-19,0.3790317646730017,0.37903176467299615,0.0,30.0,30.0,0.0,0.0,0.0,0.0,0.0,0.0,11.0,11.0,0.0,0.0,0.0,0.0,0.0,0.0,11.0,11.0,0.0,0.0,2.0,2.0,0.0,0.0,5.385136676871258,9.59608642609699e-05,27.631340462228525,1.291137791198233,26.365928649902344,46.0,0.10827377066016197,9.59608642609699e-05,1.900294707218806,0.1751827801267306,4.112420558929443,30.0
59,20.344771871611155,20.123379718381834,20.123880468379877,4.4891115689258445,3.552713678800501e-15,-15.634768899454029,0.0,0.0005007499999999006,4.730232759697657,4.7052327596976715,0.024999999999977263,30.0,30.0,0.0,0.0,0.0,0.0,0.0,0.0,6.0,6.0,0.0,0.0,3.0,3.0,0.0,0.0,7.0,7.0,0.0,0.0,1.0,0.0,0.0,1.0,5.549747800827026,9.522464735370536e-05,28.524550867080688,1.316337949037552,25.581039428710938,40.0,0.12099510878324508,9.522464735370536e-05,2.359975971778234,0.18221629758675892,4.2759575843811035,30.0
60,14.306859847878558,14.291125232045534,14.286956762049916,-7.864195497333802,0.0,-22.15115225938373,0.0,-0.004168470000000277,0.7127271759001275,1.2543769701738137,-0.5416497942736969,30.0,30.0,0.0,0.0,0.0,0.0,0.0,0.0,10.0,10.0,0.0,0.0,0.0,0.0,0.0,0.0,8.0,8.0,0.0,0.0,1.0,1.0,0.0,0.0,4.818215800656213,9.449407874211548e-05,25.85903467072381,1.2422567705313365,25.90995979309082,36.0,0.09445648342370987,9.449407874211548e-05,1.7751788735389709,0.16252522617578508,2.805875062942505,30.0
61,26.407643841507817,25.493478773867665,25.33039597133057,5.795744662498132,0.0,-19.53465130883244,-0.16308280253323915,8.673617379884035e-19,9.561197977451116,9.561197977451107,0.0,30.0,30.0,0.0,0.0,0.0,0.0,0.0,0.0,6.0,6.0,0.0,0.0,1.0,1.0,0.0,0.0,15.0,15.0,0.0,0.0,0.0,0.0,0.0,0.0,4.270879976127459,9.376911509217231e-05,27.421002864837646,1.2188030416550844,20.34745979309082,46.0,0.11517360433936119,9.376911509217231e-05,2.0973553558190665,0.16872999320427576,4.3874711990356445,30.0
62,11.994298925928975,11.38092183816574,11.364431808101807,5.748740044654727,-8.881784197001252e-16,-5.615691763447077,-0.010236905061844936,-0.006253124999999642,7.210823943882318,7.831839424830122,-0.62101548094779,30.0,30.0,0.0,0.0,0.0,0.0,0.0,0.0,5.0,5.0,0.0,0.0,5.0,5.0,0.0,0.0,12.0,12.0,0.0,0.0,0.0,0.0,0.0,0.0,4.471628278493881,9.304971340230894e-05,26.15998504161835,1.215759278833866,25.515399932861328,40.0,0.08995398779710134,9.304971340230894e-05,1.7874605933825174,0.15667877197265626,3.5756232738494873,30.0
63,-9.738209372912694,-9.759299022103724,-9.81195667400614,3.0969134400344034,0.0,12.908870114040546,-0.046113546905118596,-0.006544105000001537,0.8002477625839646,1.4522275713891863,-0.6519798088052352,30.0,30.0,0.0,0.0,0.0,0.0,0.0,0.0,3.0,3.0,0.0,0.0,2.0,1.0,0.0,1.0,11.0,11.0,0.0,0.0,3.0,3.0,0.0,0.0,5.280148777094754,9.233583100086872e-05,29.561612020839345,1.2714386148886248,25.884912490844727,44.0,0.1038333451996247,9.233583100086872e-05,2.1078003644943237,0.164987317721049,3.6303226947784424,30.0
64,25.32897526395964,13.243373200971227,13.25184569597102,-1.9170638577443997,0.0,-15.168909553715421,0.0,0.008472494999999846,35.62746397163008,34.7643525223589,0.8631114492711781,30.0,30.0,0.0,0.0,0.0,0.0,0.0,0.0,9.0,9.0,0.0,0.0,5.0,4.0,0.0,1.0,5.0,5.0,0.0,0.0,2.0,2.0,0.0,0.0,4.560322388013204,9.162742554357428e-05,29.029878870646158,1.2081692337989807,23.54960060119629,30.0,0.12250617531438669,9.162742554357428e-05,2.3718729813893638,0.17639182607332865,3.6682419776916504,30.0
65,7.8965916848536875,7.896333620049973,7.69201657692475,7.731753546760668,-3.469446951953614e-18,0.039736969835919816,-0.20651572312517885,0.0021986799999995626,0.05935604470926137,-0.16064395529068598,0.21999999999995623,30.0,30.0,0.0,0.0,0.0,0.0,0.0,0.0,8.0,8.0,0.0,0.0,3.0,3.0,0.0,0.0,5.0,5.0,0.0,0.0,2.0,2.0,0.0,0.0,4.634135839550994,9.092445501101583e-05,30.485260985618414,1.2196746967559637,24.896728515625,43.0,0.10847076574961344,9.092445501101583e-05,2.2992908795674643,0.17442713429530463,5.045483589172363,30.0
66,16.56995289935016,16.568646941099917,16.4581317150358,3.0295152053348926,-6.938893903907228e-18,-13.428616509700914,-0.11046514106872962,-5.008499999999025e-05,0.35396960784389364,0.36138044361071286,-0.007410835766821003,30.0,30.0,0.0,0.0,0.0,0.0,0.0,0.0,7.0,7.0,0.0,0.0,2.0,2.0,0.0,0.0,12.0,12.0,0.0,0.0,2.0,2.0,0.0,0.0,4.383749392297533,9.022687770615874e-05,29.339632484647964,1.2020911624034245,25.042734146118164,36.0,0.12254338935017586,9.022687770615874e-05,2.416043519973755,0.18148841510216396,4.780386924743652,30.0
67,-43.91775789645712,-47.940108985296206,-48.14576037798314,1.1507450749419217,0.0,49.29650545292507,-0.2104226326864307,0.004771239999999898,20.468904290310647,20.055799881428538,0.41310440888210503,30.0,30.0,0.0,0.0,0.0,0.0,0.0,0.0,6.0,6.0,0.0,0.0,1.0,1.0,0.0,0.0,7.0,7.0,0.0,0.0,2.0,2.0,0.0,0.0,5.405765059259203,8.953465225187027e-05,34.34851913452148,1.24801394144694,25.768733978271484,45.0,0.10003988904257616,8.953465225187026e-05,2.247222061951955,0.1705173244078954,4.3323140144348145,30.0
68,47.60954617159153,47.60875256736828,47.61076122236458,5.746182503999671,-3.9898639947466563e-17,-41.86457871836489,0.0,0.0020086549999996,0.12329018063724106,-0.281709819362725,0.40499999999999403,30.0,30.0,0.0,0.0,0.0,0.0,0.0,0.0,11.0,11.0,0.0,0.0,1.0,1.0,0.0,0.0,6.0,6.0,0.0,0.0,1.0,1.0,0.0,0.0,4.473041823569765,8.884773758846527e-05,29.220967515986015,1.2017381622436198,25.067537307739258,47.0,0.12492940127849579,8.884773758846525e-05,2.2197033683458964,0.18080364416042963,4.103601455688477,30.0
69,2.853775008896191,0.355443617576348,0.29002767775617855,-0.323928636054503,0.0,-0.6139563138106809,-0.06509152482035674,-0.00032441500000080593,16.02861081613632,15.806110816136407,0.2224999999999291,30.0,30.0,0.0,0.0,0.0,0.0,0.0,0.0,12.0,12.0,0.0,0.0,3.0,2.0,0.0,1.0,11.0,11.0,0.0,0.0,3.0,3.0,0.0,0.0,4.943282224915245,8.816609297127065e-05,31.706781842491843,1.2313171408393166,24.776044845581055,44.0,0.09185683739682039,8.816609297127065e-05,2.0855670352776845,0.17178431004285813,3.209460496902466,30.0
70,14.802166602664089,14.796713196009662,14.071460926582535,4.969428454619157,-6.938893903907228e-18,-9.102032471963378,-0.7252022244213165,-5.00449999999907e-05,0.7359888052032773,0.7384718447189748,-0.002483039515651285,30.0,30.0,0.0,0.0,0.0,0.0,0.0,0.0,6.0,6.0,0.0,0.0,0.0,0.0,0.0,0.0,10.0,10.0,0.0,0.0,2.0,2.0,0.0,0.0,3.9202860480263118,8.748967796820873e-05,30.07763928458804,1.1615472904273443,24.987567901611328,42.0,0.10302134404579798,8.748967796820873e-05,2.712188923358917,0.17708917260169982,4.0519208908081055,30.0
71,-24.53293515821235,-24.540679220071066,-24.549401708448542,2.2781785044606204,0.0,26.827580212909165,-0.008797368373251402,7.488000000000221e-05,0.8897524463384201,0.8800035146927581,0.009748931645670497,30.0,30.0,0.0,0.0,0.0,0.0,0.0,0.0,7.0,7.0,0.0,0.0,3.0,3.0,0.0,0.0,5.0,5.0,0.0,0.0,0.0,0.0,0.0,0.0,4.44131075067723,8.681845245739887e-05,31.680540774730925,1.20932644732455,25.009321212768555,47.0,0.10913626551628113,8.681845245739888e-05,2.4598137895266214,0.18176657954851785,3.867119312286377,30.0
72,-9.48455358397092,-9.74931734569737,-9.8176218362069,28.873729051680463,-8.881784197001252e-16,38.69135088788736,-0.06830449051084742,-3.469446951953614e-18,5.145520009935353,5.145520009935356,0.0,30.0,30.0,0.0,0.0,0.0,0.0,0.0,0.0,6.0,6.0,0.0,0.0,2.0,2.0,0.0,0.0,13.0,13.0,0.0,0.0,1.0,1.0,0.0,0.0,4.601894091992151,8.615237662477761e-05,30.724411487579346,1.1870646618661427,24.29059600830078,42.0,0.11062403619289399,8.615237662477761e-05,2.4056394338607787,0.18273351093133292,3.25958251953125,30.0
73,24.868926857249594,24.86863624611924,24.869062308621036,6.154551891562308,0.0,-18.714510417058722,0.0,0.0004260624999995413,0.2643110989663029,0.17047320327619223,0.09383789569009202,30.0,30.0,0.0,0.0,0.0,0.0,0.0,0.0,11.0,11.0,0.0,0.0,2.0,2.0,0.0,0.0,10.0,10.0,0.0,0.0,0.0,0.0,0.0,0.0,3.980589120011581,8.54914109617372e-05,33.53518644132112,1.1692605316638947,21.44847869873047,38.0,0.11421753838658333,8.54914109617372e-05,2.452340030670166,0.18780277520418168,3.2932026386260986,30.0
74,0.5299156022801326,0.5275410199045139,0.28598003232287483,9.455503114509181,0.0,9.16952308218631,-0.24011194758426768,-0.0014490399999997473,0.3297968679993204,0.4872968679992473,-0.15749999999994202,30.0,30.0,0.0,0.0,0.0,0.0,0.0,0.0,8.0,8.0,0.0,0.0,0.0,0.0,0.0,0.0,12.0,12.0,0.0,0.0,1.0,1.0,0.0,0.0,4.030181739065382,8.483551626278196e-05,34.427912659115265,1.1741173764069874,24.45217514038086,36.0,0.09449453316628934,8.483551626278196e-05,2.378031011422475,0.17904230306545893,2.887120246887207,30.0
75,13.484534965868777,13.344634085525946,13.257416278835139,3.5063139403861667,0.0,-9.75110233844898,-0.0869924916901823,-0.00022531500000000804,3.7108625951664465,3.7403326101141117,-0.029470014947670632,30.0,30.0,0.0,0.0,0.0,0.0,0.0,0.0,9.0,9.0,0.0,0.0,3.0,3.0,0.0,0.0,14.0,14.0,0.0,0.0,0.0,0.0,0.0,0.0,4.276700662529987,8.418465362320297e-05,34.45264507376629,1.180749167566714,24.518457412719727,46.0,0.08574727165202299,8.418465362320297e-05,1.8619555393854776,0.16412550260623296,2.7393572330474854,30.0
76,3.9068427048014858,3.903970589270514,3.3693506298642113,-3.33688706406967,-5.551115123125783e-17,-6.706237693933884,-0.5346449419072883,2.4982500000006783e-05,0.5359212191145275,0.5359212191145311,0.0,30.0,30.0,0.0,0.0,0.0,0.0,0.0,0.0,9.0,9.0,0.0,0.0,1.0,1.0,0.0,0.0,13.0,13.0,0.0,0.0,0.0,0.0,0.0,0.0,3.983034880956014,8.353878443677026e-05,29.94728872511122,1.150652990076277,24.02338218688965,45.0,0.09535517295201619,8.353878443677026e-05,2.1579692979653675,0.16875690321127573,3.6422834396362305,30.0
77,32.994784018595006,32.99375304803337,32.98500219368815,5.830451788368731,0.0,-27.154550405319434,-0.008374794342245195,-0.0003760599999999065,0.34858730302494223,0.32108730302493704,0.027500000000021174,30.0,30.0,0.0,0.0,0.0,0.0,0.0,0.0,11.0,11.0,0.0,0.0,0.0,0.0,0.0,0.0,10.0,10.0,0.0,0.0,1.0,1.0,0.0,0.0,4.373699740665715,8.289787039344299e-05,36.931509250547826,1.1811221416403608,23.738046646118164,41.0,0.09179535942773025,8.289787039344299e-05,2.508842094739278,0.1747315913438797,2.69316029548645,30.0
78,41.457691679029274,38.322955684904166,38.321376762406906,6.030334096445195,0.0,-32.29104266596168,0.0,-0.0015789224999999923,17.677685664446187,17.705185664446194,-0.027500000000035385,30.0,30.0,0.0,0.0,0.0,0.0,0.0,0.0,8.0,8.0,0.0,0.0,0.0,0.0,0.0,0.0,5.0,5.0,0.0,0.0,0.0,0.0,0.0,0.0,3.977247563004494,8.226187347709693e-05,34.64712390899658,1.1436681926250458,23.3717098236084,40.0,0.09378450935085615,8.226187347709693e-05,2.353277305761973,0.16847619811693829,3.463517189025879,30.0
79,44.9470443975806,44.16943526930098,44.1709936392964,0.47195982416390236,0.0,-43.69903381513249,0.0,0.00155836999999969,9.050714832263935,8.818214832264033,0.23249999999989868,30.0,30.0,0.0,0.0,0.0,0.0,0.0,0.0,15.0,15.0,0.0,0.0,0.0,0.0,0.0,0.0,10.0,10.0,0.0,0.0,4.0,4.0,0.0,0.0,3.7425713539123535,8.163075596326971e-05,32.651050526162855,1.1191682828509288,22.819259643554688,46.0,0.08501757842799028,8.163075596326971e-05,2.425434605280558,0.1669826383392016,3.2669260501861572,30.0
80,-14.393175898119953,-14.39406079736507,-14.428081202669372,14.923418460052721,0.0,29.351499662722073,-0.03701260530510808,0.0029921999999998304,0.5369460149361345,0.2974725609391301,0.2394734539970266,30.0,30.0,0.0,0.0,0.0,0.0,0.0,0.0,12.0,12.0,0.0,0.0,1.0,1.0,0.0,0.0,12.0,12.0,0.0,0.0,2.0,2.0,0.0,0.0,3.580923521518707,8.100448041692296e-05,32.34087696075439,1.1185848689079285,23.680801391601562,50.0,0.07860065822800001,8.100448041692296e-05,2.1388940374056498,0.16427034785350164,3.4036107063293457,30.0
81,7.339100132344669,7.338820803594119,7.338670833592431,5.71367605240689,1.734723475976807e-18,-1.6249947811855336,0.0,-0.00014996999999996978,0.15463131081554593,0.1671313108155772,-0.012499999999995737,30.0,30.0,0.0,0.0,0.0,0.0,0.0,0.0,9.0,9.0,0.0,0.0,2.0,2.0,0.0,0.0,6.0,6.0,0.0,0.0,1.0,1.0,0.0,0.0,3.9210814873377484,8.038300969022198e-05,30.985515721638997,1.1043464766608344,24.049591064453125,45.0,0.0695175504932801,8.038300969022198e-05,1.9408778548240662,0.15592547953128816,2.6071677207946777,30.0
82,35.13520861296685,35.12990460642125,35.129904606422464,-5.544602991690157,0.0,-40.674507598112626,0.0,1.6263032587282567e-19,0.72828610762528,0.7282861076252809,0.0,30.0,30.0,0.0,0.0,0.0,0.0,0.0,0.0,11.0,11.0,0.0,0.0,1.0,1.0,0.0,0.0,6.0,6.0,0.0,0.0,5.0,5.0,0.0,0.0,3.6516388790173964,7.976630692033226e-05,32.34466130083258,1.1115170500495217,23.666236877441406,44.0,0.09714933224022389,7.976630692033226e-05,2.4516405701637267,0.17184681246678035,3.102649450302124,30.0
83,-12.833698384047384,-12.8343698372714,-12.849783918214131,8.346054253456874,0.0,21.19583817167099,-0.02392093094226766,0.008506850000000244,0.9991241447674071,0.2591241447674193,0.7399999999999949,30.0,30.0,0.0,0.0,0.0,0.0,0.0,0.0,8.0,8.0,0.0,0.0,0.0,0.0,0.0,0.0,5.0,5.0,0.0,0.0,2.0,2.0,0.0,0.0,3.6224980104801268,7.915433552723293e-05,35.79564489320267,1.1171116745749186,23.98037338256836,43.0,0.09330892202754816,7.915433552723293e-05,2.5365548650423686,0.1733200341463089,3.034562349319458,30.0
84,6.113651180426328,6.112777375338913,6.1124774128404775,4.871032899639637,0.0,-1.2414445132008416,0.0,-0.00029996250000025954,0.33215862051325473,0.2956019430611311,0.03655667745213921,30.0,30.0,0.0,0.0,0.0,0.0,0.0,0.0,10.0,10.0,0.0,0.0,1.0,1.0,0.0,0.0,10.0,10.0,0.0,0.0,0.0,0.0,0.0,0.0,3.662041467924913,7.8547059211547e-05,37.5902818441391,1.105917031566302,19.926706314086914,48.0,0.09192958349982898,7.8547059211547e-05,3.1382458408673606,0.17920627295970917,2.9142158031463623,30.0
85,37.1588708445526,37.157516456598486,37.0736177598879,4.077703426495141,1.3877787807814457e-17,-32.995914333392754,-0.08399893670866732,0.0001002400000000156,0.38025848928137407,0.36802010191259676,0.012238387368770651,30.0,30.0,0.0,0.0,0.0,0.0,0.0,0.0,13.0,13.0,0.0,0.0,0.0,0.0,0.0,0.0,7.0,7.0,0.0,0.0,0.0,0.0,0.0,0.0,3.46614879828233,7.794444195238824e-05,34.06549326578776,1.108264868076031,19.60027503967285,39.0,0.10052421440680821,7.794444195238824e-05,3.071998902161916,0.1783034880956014,3.150555372238159,30.0
86,13.473249315934794,13.243331008040013,13.241579258038671,3.056495276466276,0.0,-10.185083981572394,0.0,-0.0017517499999999007,4.619979748599349,4.794979748599377,-0.17499999999999005,30.0,30.0,0.0,0.0,0.0,0.0,0.0,0.0,9.0,9.0,0.0,0.0,1.0,1.0,0.0,0.0,14.0,14.0,0.0,0.0,1.0,1.0,0.0,0.0,4.017298685876947,7.734644800522465e-05,45.40028336173609,1.119392940872594,25.220001220703125,38.0,0.08313613533973693,7.734644800522465e-05,2.4511560440063476,0.1673438660800457,2.8661386966705322,30.0
87,25.733935457597166,23.134534330735704,23.131273789766684,1.3510943539652254,2.220446049250313e-16,-21.780179435801465,-0.003210425966820196,-5.011499999999003e-05,16.11765836288005,16.122658362880053,-0.004999999999999005,30.0,30.0,0.0,0.0,0.0,0.0,0.0,0.0,6.0,6.0,0.0,0.0,0.0,0.0,0.0,0.0,9.0,9.0,0.0,0.0,1.0,1.0,0.0,0.0,3.249917831531791,7.675304189975812e-05,32.117060262103415,1.052360053672347,23.864774703979492,43.0,0.07988854634265105,7.675304189975812e-05,2.4851176897684732,0.1621620630224546,2.90386962890625,30.0
88,31.1144367807847,24.330660358783245,24.317153441285004,4.45912811831204,0.0,-19.858025322972967,0.0,-0.013506917499997918,26.060568620384046,26.045683753745948,0.014884866638095533,30.0,30.0,0.0,0.0,0.0,0.0,0.0,0.0,10.0,10.0,0.0,0.0,0.0,0.0,0.0,0.0,10.0,10.0,0.0,0.0,3.0,3.0,0.0,0.0,3.5991791137834874,7.616418843782062e-05,39.559150416676594,1.0756384090679447,25.01862907409668,41.0,0.08652508817613125,7.616418843782062e-05,2.4652059455712636,0.16747254182895024,2.797018051147461,30.0
89,22.870031519438314,21.338212760403746,21.335306692901877,3.1817434649438434,0.0,-18.153563227958042,0.0,-0.002906067499999702,12.076666590946758,12.37666659094673,-0.2999999999999652,30.0,30.0,0.0,0.0,0.0,0.0,0.0,0.0,7.0,7.0,0.0,0.0,1.0,1.0,0.0,0.0,11.0,11.0,0.0,0.0,3.0,3.0,0.0,0.0,3.435501442399136,7.557985269128636e-05,37.13457373685615,1.075386637865111,24.302980422973633,43.0,0.08383844985316197,7.557985269128636e-05,2.3211620966593425,0.17124585260947545,2.301534652709961,30.0
90,13.710828284017568,7.2219873772049485,7.224390497207576,2.5585320085770866,0.0,-4.665858488630487,0.0,0.0024031199999995194,25.65320338475827,25.473203384758303,0.1799999999999642,30.0,30.0,0.0,0.0,0.0,0.0,0.0,0.0,12.0,12.0,0.0,0.0,1.0,1.0,0.0,0.0,8.0,8.0,0.0,0.0,4.0,3.0,0.0,1.0,3.3674448056098742,7.5e-05,38.948873495444275,1.0600649133706703,19.19614601135254,39.0,0.08162792970736822,7.5e-05,2.5224668264389036,0.1679895927508672,3.149305820465088,30.0
91,20.63850493515085,20.633094803733606,20.635066918734662,8.576563662674015,2.220446049250313e-16,-12.058503256060654,0.0,0.0019721150000002294,0.7305359554258075,0.7355359554257972,-0.004999999999967031,30.0,30.0,0.0,0.0,0.0,0.0,0.0,0.0,7.0,7.0,0.0,0.0,3.0,3.0,0.0,0.0,9.0,9.0,0.0,0.0,2.0,2.0,0.0,0.0,3.1695904397964476,7.442459596972076e-05,31.84228322982788,1.02448050737381,24.575708389282227,50.0,0.09952253438532352,7.442459596972076e-05,3.1730292717615765,0.18711128036181132,2.796783924102783,30.0
92,30.46624784141386,30.101375527952946,30.027715287955175,9.381836284871705,0.0,-20.645879003083476,0.0,-0.07366023999999503,0.5654661530464438,6.040466153045761,-5.474999999999351,30.0,30.0,0.0,0.0,0.0,0.0,0.0,0.0,10.0,10.0,0.0,0.0,3.0,3.0,0.0,0.0,11.0,11.0,0.0,0.0,0.0,0.0,0.0,0.0,3.1673958089616563,7.385360647008234e-05,33.473877906799316,1.0320313745074803,24.956361770629883,45.0,0.09270297649006048,7.385360647008234e-05,2.7430176377296447,0.17849826912085215,3.1098034381866455,30.0
93,-1.7974558805714187,-1.8136730471820026,-1.822274857182433,-2.1324617887026207,-5.551115123125783e-17,-0.310186931520191,0.0,-0.008601810000000563,0.49677821171138703,1.273466395731901,-0.7766881840205345,30.0,30.0,0.0,0.0,0.0,0.0,0.0,0.0,6.0,6.0,0.0,0.0,3.0,3.0,0.0,0.0,5.0,5.0,0.0,0.0,1.0,1.0,0.0,0.0,3.2200994456515595,7.328699763256844e-05,38.88575797922471,1.0363280299831839,22.236289978027344,34.0,0.10286635893086592,7.328699763256844e-05,3.133248202006022,0.18650300006071727,2.9258193969726562,30.0
94,32.057484474545475,31.39923315661827,31.322103424117422,3.321842368034037,0.0,-28.0002610560834,0.0,-0.0771297324999964,0.8062888653041398,8.113268872206849,-7.306980006902738,30.0,30.0,0.0,0.0,0.0,0.0,0.0,0.0,9.0,9.0,0.0,0.0,0.0,0.0,0.0,0.0,8.0,8.0,0.0,0.0,0.0,0.0,0.0,0.0,2.7945583514545276,7.272473584850384e-05,34.444174808004625,0.9880548611931179,23.31740379333496,46.0,0.08781664470831553,7.272473584850384e-05,2.8924827774365744,0.17219675729672115,2.8423843383789062,30.0
95,27.299980285593847,27.226269476507483,27.159378458723904,6.513214953552185,0.0,-20.646163505171714,0.0,-0.06689101778352159,1.608765695357107,2.714973463707591,-1.1062077683504534,30.0,30.0,0.0,0.0,0.0,0.0,0.0,0.0,10.0,10.0,0.0,0.0,2.0,2.0,0.0,0.0,7.0,7.0,0.0,0.0,1.0,1.0,0.0,0.0,3.062869480252266,7.216678776706088e-05,37.94518301486969,1.0262259751558305,23.5527400970459,40.0,0.09109357756872973,7.216678776706088e-05,2.6427459359169005,0.17790180593729019,3.6489017009735107,30.0
96,3.048715080228809,2.8335200686644804,2.8337703186641727,-6.4667845589700255,0.0,-9.300554877634195,0.0,0.000250250000000021,4.663911634902405,4.638911634902401,0.02500000000000213,30.0,30.0,0.0,0.0,0.0,0.0,0.0,0.0,7.0,7.0,0.0,0.0,1.0,1.0,0.0,0.0,12.0,12.0,0.0,0.0,0.0,0.0,0.0,0.0,2.8728354093505115,7.161312029328124e-05,37.284383494679524,0.9945726801709431,19.410932540893555,41.0,0.09025566875934601,7.161312029328124e-05,2.6276957670847576,0.17650845845540364,2.786592483520508,30.0
97,15.210545026066043,12.824602616987892,12.824602616992642,3.970798273557577,0.0,-8.853804343435057,0.0,0.0,15.446496072178178,15.44649607217815,0.0,30.0,30.0,0.0,0.0,0.0,0.0,0.0,0.0,8.0,8.0,0.0,0.0,1.0,1.0,0.0,0.0,9.0,9.0,0.0,0.0,1.0,1.0,0.0,0.0,2.752366080880165,7.106370058611289e-05,37.41953427791596,0.9871553421020508,15.316183090209961,40.0,0.0847455196082592,7.106370058611289e-05,2.7955298741658527,0.17522481580575308,2.354734420776367,30.0
98,4.657018595226022,0.30210187566024693,0.3032500896485555,0.9627196479830876,8.881784197001252e-16,0.6594695583345257,-0.0019517110163178586,0.0030999249999983194,20.37093721883781,20.868437218837865,-0.4975000000000591,30.0,30.0,0.0,0.0,0.0,0.0,0.0,0.0,9.0,9.0,0.0,0.0,1.0,1.0,0.0,0.0,10.0,10.0,0.0,0.0,2.0,2.0,0.0,0.0,2.6900433910653945,7.051849605646213e-05,34.53293433087937,0.9492437015188501,25.63664436340332,47.0,0.08361603592832884,7.051849605646213e-05,2.7297772725423175,0.17413441091775894,2.5626380443573,30.0
99,31.398141167897847,28.88343042509041,28.936188093417215,2.1578090019055454,4.440892098500626e-16,-26.778379091511678,0.0,0.05275766832780075,15.1113407957682,15.857839521219264,-0.7464987254510465,30.0,30.0,0.0,0.0,0.0,0.0,0.0,0.0,7.0,7.0,0.0,0.0,2.0,1.0,0.0,1.0,6.0,6.0,0.0,0.0,3.0,2.0,0.0,1.0,3.1589646183926128,6.997747436526054e-05,38.701656528141186,0.997954275297082,24.807331085205078,46.0,0.0890856987486283,6.997747436526054e-05,2.90766654809316,0.1793335278828939,2.5307869911193848,30.0
100,26.660669743440405,26.64678281931528,26.64258879931484,1.8668323766642352,0.0,-24.77575642265061,0.0,-0.004194020000001397,0.2266428032493195,1.1784279411624734,-0.9517851379131573,30.0,30.0,0.0,0.0,0.0,0.0,0.0,0.0,10.0,10.0,0.0,0.0,2.0,1.0,0.0,1.0,11.0,11.0,0.0,0.0,2.0,2.0,0.0,0.0,3.180282692651491,6.944060342154676e-05,41.00027543145257,0.9958488780098993,23.84975242614746,37.0,0.09394862179954847,6.944060342154676e-05,2.6882811983426413,0.17868134776751202,3.767533779144287,30.0
101,0.2628920833811717,0.25994369690965413,0.26084468441245795,2.950546730160919,-1.7763568394002505e-15,2.6897020457484633,0.0,0.0009009874999997138,0.6104904669067821,0.5429904669068861,0.06749999999988887,30.0,30.0,0.0,0.0,0.0,0.0,0.0,0.0,10.0,10.0,0.0,0.0,0.0,0.0,0.0,0.0,11.0,11.0,0.0,0.0,2.0,1.0,0.0,1.0,3.353384007726397,6.890785138056304e-05,50.546154376438686,1.0229735357420786,25.016786575317383,35.0,0.08857414039472739,6.890785138056304e-05,2.2684457262357074,0.17366209626197815,3.3811235427856445,30.0
102,45.116034829318075,45.11576621571,45.114986473210514,-4.7942587471979765,1.3877787807814457e-17,-49.909245220408515,0.0,-0.0007797424999986477,0.07610564132099285,-0.16389435867905844,0.24000000000004817,30.0,30.0,0.0,0.0,0.0,0.0,0.0,0.0,9.0,9.0,0.0,0.0,1.0,1.0,0.0,0.0,8.0,8.0,0.0,0.0,2.0,2.0,0.0,0.0,2.9816140998964724,6.837918664186626e-05,39.90321918155836,0.9884007910023564,24.08746910095215,46.0,0.09128674839933713,6.837918664186626e-05,2.5808606863021852,0.18179781635602316,2.524994134902954,30.0
103,3.3730110874185337,-6.647302054774683,-6.648752794773722,-10.187769928311166,0.0,-3.5390171335374414,0.0,-0.0014507400000002436,31.469878205725635,31.654878205725602,-0.1849999999999845,30.0,30.0,0.0,0.0,0.0,0.0,0.0,0.0,10.0,10.0,0.0,0.0,1.0,1.0,0.0,0.0,9.0,9.0,0.0,0.0,0.0,0.0,0.0,0.0,2.6952109863591747,6.785457784745365e-05,39.90027696032857,0.991886411988458,18.91999626159668,43.0,0.09845758688946565,6.785457784745365e-05,2.8891776760419208,0.18654629786809285,3.437835216522217,30.0
104,-16.59756601812708,-20.1857711291029,-20.99972101586647,-8.049742645115012,0.0,12.949978370751465,-0.8139996467624826,4.975999999998836e-05,18.950058198342248,18.94255819834222,0.007500000000000284,30.0,30.0,0.0,0.0,0.0,0.0,0.0,0.0,7.0,7.0,0.0,0.0,1.0,1.0,0.0,0.0,8.0,8.0,0.0,0.0,0.0,0.0,0.0,0.0,2.9358589308602467,6.73339938799027e-05,38.53929360707601,0.9656292370387486,24.671401977539062,42.0,0.09514552565912406,6.73339938799027e-05,2.7346174796422322,0.18482359647750854,3.5128602981567383,30.0
105,26.766579084295618,26.15425896199617,26.154083656996097,2.346578372668959,0.0,-23.807505284327128,0.0,-0.0001753050000000897,7.530088640388911,7.825088640388982,-0.2950000000000834,30.0,30.0,0.0,0.0,0.0,0.0,0.0,0.0,9.0,9.0,0.0,0.0,2.0,2.0,0.0,0.0,6.0,6.0,0.0,0.0,1.0,1.0,0.0,0.0,3.3137501228687376,6.681740386052543e-05,40.06849504071613,1.010524913322094,23.315881729125977,43.0,0.09074377926687399,6.681740386052543e-05,2.6426783561706544,0.176919823884964,2.9310693740844727,30.0
106,-16.15430155657587,-23.02790675220551,-23.05245985463114,-1.0695060554577789,0.0,21.982953799173362,-0.05682351492686166,0.032270412500004696,27.123946070274442,26.217561281762347,0.906384788512086,30.0,30.0,0.0,0.0,0.0,0.0,0.0,0.0,11.0,11.0,0.0,0.0,1.0,1.0,0.0,0.0,11.0,11.0,0.0,0.0,0.0,0.0,0.0,0.0,2.58390510954508,6.630477714753688e-05,36.226255463390814,0.9538786367672246,15.667884826660156,41.0,0.10048458675543467,6.630477714753688e-05,2.8458949009577434,0.1872052401304245,3.086533546447754,30.0
107,8.273078159113764,8.263120652896475,8.262970607897708,6.872339539161545,0.0,-1.3906310687361647,0.0,-0.00015004500000000837,0.9807389555602697,0.9978730489039807,-0.01713409334370114,30.0,30.0,0.0,0.0,0.0,0.0,0.0,0.0,6.0,6.0,0.0,0.0,2.0,2.0,0.0,0.0,10.0,10.0,0.0,0.0,2.0,2.0,0.0,0.0,2.5267010774367895,6.579608333423742e-05,36.001236988947944,0.965596738534096,16.24981689453125,39.0,0.11230333497126897,6.579608333423742e-05,3.976066327095032,0.19977585325638453,2.5911927223205566,30.0
108,20.53674605114995,20.48673902232303,20.521458654824166,5.992711942630703,0.0,-14.528746712193474,0.0,0.03471963249999426,0.573725141323763,2.236225141324585,-1.6625000000008434,30.0,30.0,0.0,0.0,0.0,0.0,0.0,0.0,11.0,11.0,0.0,0.0,3.0,3.0,0.0,0.0,11.0,11.0,0.0,0.0,2.0,2.0,0.0,0.0,2.8725867182016374,6.52912922472093e-05,42.1553451538086,0.98963603079319,24.036521911621094,40.0,0.08691570634643236,6.52912922472093e-05,2.627330315113068,0.17626283913850785,3.3015761375427246,30.0
109,22.09308435329936,11.928234496821442,11.929236171821373,-6.5160896302209865,0.0,-18.445325802042348,0.0,0.0010016749999999456,31.974861669860516,31.88236166986053,0.09249999999999048,30.0,30.0,0.0,0.0,0.0,0.0,0.0,0.0,7.0,7.0,0.0,0.0,1.0,1.0,0.0,0.0,11.0,11.0,0.0,0.0,0.0,0.0,0.0,0.0,2.8828391164541243,6.479037394452685e-05,36.53691170215607,0.9951310500502586,21.684350967407227,40.0,0.10394526508947213,6.479037394452685e-05,3.2520930647850035,0.18784463951985042,2.931100368499756,30.0
110,-16.519293961269796,-16.588337998436796,-16.77820345199341,-12.322057757804265,0.0,4.4561456941891375,0.0,-0.18986545355909534,0.6276232067578746,2.6276232067593206,-2.0000000000014424,30.0,30.0,0.0,0.0,0.0,0.0,0.0,0.0,5.0,5.0,0.0,0.0,6.0,5.0,0.0,1.0,3.0,3.0,0.0,0.0,2.0,2.0,0.0,0.0,2.8630291019167218,6.429329871398046e-05,38.621766444614956,0.9667030572891235,19.578815460205078,35.0,0.11421847033003966,6.429329871398046e-05,3.144294246037801,0.1981668656071027,2.668459415435791,30.0
111,34.277244634644376,27.203673781230822,27.256878426231616,-2.3712616228792296,0.0,-29.628140049110844,0.0,0.05320464500001101,33.37368554119071,26.596185541189083,6.777500000001606,30.0,30.0,0.0,0.0,0.0,0.0,0.0,0.0,7.0,7.0,0.0,0.0,3.0,3.0,0.0,0.0,9.0,9.0,0.0,0.0,1.0,0.0,0.0,1.0,2.5680120376979603,6.380003707131418e-05,39.59497031043558,0.9484606315107906,16.194110870361328,34.0,0.09614774497846762,6.380003707131418e-05,3.435843904813131,0.18918667435646058,2.379528045654297,30.0
112,5.910636240759748,5.3583925777119665,5.361568242713171,4.281225568129341,0.0,-1.080342674583827,0.0,0.0031756649999991377,8.051309864672504,7.431309864672457,0.6200000000000685,30.0,30.0,0.0,0.0,0.0,0.0,0.0,0.0,6.0,6.0,0.0,0.0,0.0,0.0,0.0,0.0,8.0,8.0,0.0,0.0,3.0,2.0,0.0,1.0,2.76094050840898,6.331055975847685e-05,38.682502789930865,0.9612965028394352,24.15625,44.0,0.11720852268238863,6.331055975847685e-05,3.6141106049219767,0.19465482234954834,3.866194009780884,30.0
113,-73.4078530610366,-74.41066183460208,-75.1159202296837,1.8354538196769934,0.0,76.95137404936065,-0.7069206600822184,0.0016622650000017323,9.564034020141605,10.014034020141311,-0.4499999999997222,30.0,30.0,0.0,0.0,0.0,0.0,0.0,0.0,12.0,12.0,0.0,0.0,5.0,5.0,0.0,0.0,9.0,9.0,0.0,0.0,0.0,0.0,0.0,0.0,2.8887069649166532,6.282483774188669e-05,42.19170091417101,1.0048966354793973,23.461153030395508,45.0,0.10687462451557318,6.282483774188669e-05,3.7832192897796633,0.20142562886079152,3.5386979579925537,30.0
114,33.63078345978171,33.62743880077838,33.62761490328288,-1.6203308787440736,-1.1102230246251565e-16,-35.247945782026946,0.0,0.00017610249999995813,0.5955069940009423,0.5783302692522195,0.01717672474870595,30.0,30.0,0.0,0.0,0.0,0.0,0.0,0.0,12.0,12.0,0.0,0.0,0.0,0.0,0.0,0.0,7.0,7.0,0.0,0.0,2.0,2.0,0.0,0.0,2.9090749820073447,6.234284221070907e-05,39.60516005295973,0.9745363944616073,24.27647590637207,39.0,0.10330336155990759,6.234284221070907e-05,3.2648168087005613,0.1945111314455668,3.1450586318969727,30.0
115,-5.471122739535989,-6.8896562298655635,-7.005186885677506,3.7796667015281513,0.0,10.784853587205655,-0.12077330581115575,0.005242649999999488,12.585220360386103,11.910220360386178,0.674999999999919,30.0,30.0,0.0,0.0,0.0,0.0,0.0,0.0,8.0,8.0,0.0,0.0,2.0,1.0,0.0,1.0,13.0,13.0,0.0,0.0,1.0,1.0,0.0,0.0,2.3226105310978036,6.186454457514769e-05,33.721148368639824,0.9331508722060766,15.695755958557129,39.0,0.12506798816223938,6.186454457514769e-05,3.4177552501360577,0.20030953486760458,3.370065689086914,30.0
116,30.42419002107394,30.37662195632188,30.372101643822027,-1.7850547498017746,0.0,-32.1571563936238,0.0,-0.004520312500001493,1.624556575385725,2.181010425285915,-0.5564538499002022,30.0,30.0,0.0,0.0,0.0,0.0,0.0,0.0,8.0,8.0,0.0,0.0,1.0,1.0,0.0,0.0,9.0,9.0,0.0,0.0,1.0,1.0,0.0,0.0,2.525439745340592,6.138991646474862e-05,36.40503044617482,0.9617875141975207,19.617433547973633,39.0,0.12672967438896496,6.138991646474862e-05,3.985722859700521,0.2123226265112559,3.243330478668213,30.0
117,30.69942618344612,30.53261182117338,30.60681415257722,8.598334867357975,0.0,-22.008479285219238,0.0,0.0742023314047703,0.6483494725111285,-4.084291398428144,4.732640870939264,30.0,30.0,0.0,0.0,0.0,0.0,0.0,0.0,10.0,10.0,0.0,0.0,3.0,2.0,0.0,1.0,7.0,7.0,0.0,0.0,4.0,2.0,0.0,2.0,2.7403144371218797,6.091892972671765e-05,46.28355977593399,0.9507319389320001,23.02114486694336,41.0,0.10936142591138681,6.091892972671765e-05,3.093646534283956,0.1952200839916865,2.63985276222229,30.0
118,31.3783284596733,31.377654410610415,31.35920076436393,3.982450037250768,0.0,-27.376750727113162,-0.02312286625178217,0.004669219999998967,0.2877414651478887,-0.2596245487012243,0.5473660138491037,30.0,30.0,0.0,0.0,0.0,0.0,0.0,0.0,9.0,9.0,0.0,0.0,3.0,3.0,0.0,0.0,8.0,8.0,0.0,0.0,1.0,1.0,0.0,0.0,2.838526014874621,6.045155642425031e-05,44.16037733961896,0.9556617998495335,23.82681655883789,41.0,0.09579224934180577,6.045155642425031e-05,2.797162671883901,0.18398295094569525,2.306788921356201,30.0
119,-13.742728261032418,-13.74579240309767,-13.774830505938207,3.162950824711758,2.42861286636753e-17,16.937781330649972,-0.025046502840041285,-0.003991599999999766,0.1558422574348839,0.5535469325406608,-0.39770467510577334,30.0,30.0,0.0,0.0,0.0,0.0,0.0,0.0,11.0,11.0,0.0,0.0,3.0,3.0,0.0,0.0,14.0,14.0,0.0,0.0,0.0,0.0,0.0,0.0,2.3153068990934464,5.9987768834874766e-05,38.08902781350272,0.9196666975816091,16.034732818603516,42.0,0.11467843651771545,5.998776883487476e-05,3.3141679883003237,0.19680320024490355,3.182006359100342,30.0
120,-17.342672423344688,-17.346721377662558,-19.911210766251358,15.161478742583428,0.0,35.07268950883478,-2.5669713885912415,0.0024820000000002106,0.8859212754732226,0.636313941216833,0.24960733425641354,30.0,30.0,0.0,0.0,0.0,0.0,0.0,0.0,9.0,9.0,0.0,0.0,1.0,1.0,0.0,0.0,8.0,8.0,0.0,0.0,1.0,1.0,0.0,0.0,2.9211774877473418,5.9527539448807484e-05,43.583610366372504,0.974061035642437,24.84950065612793,51.0,0.10135903134942055,5.952753944880748e-05,3.2264227191607158,0.18666335195302963,2.9386239051818848,30.0
121,12.460714967130116,12.460664956196277,12.452888880585045,2.161007607464288,0.0,-10.29188127312076,0.0,-0.007776075607033407,0.774389936153824,-0.0707184090869939,0.8451083452408295,30.0,30.0,0.0,0.0,0.0,0.0,0.0,0.0,7.0,7.0,0.0,0.0,0.0,0.0,0.0,0.0,10.0,10.0,0.0,0.0,0.0,0.0,0.0,0.0,2.3962382795859356,5.9070840967321465e-05,36.31054880181137,0.9213556416180669,19.256332397460938,49.0,0.11310106726984183,5.9070840967321465e-05,3.179838744799296,0.19325282474358876,3.480808734893799,30.0
122,-33.935993487999234,-34.14626499684038,-34.15226424183949,9.177395335392367,0.0,43.329659577231844,0.0,-0.00599924500000321,0.3587823146794875,-4.585537142376512,4.944319457055985,30.0,30.0,0.0,0.0,0.0,0.0,0.0,0.0,12.0,12.0,0.0,0.0,2.0,1.0,0.0,1.0,7.0,7.0,0.0,0.0,2.0,0.0,0.0,2.0,2.2306847555769815,5.861764630112706e-05,36.221379121144615,0.9086109333568149,13.474441528320312,36.0,0.09296423854927222,5.861764630112706e-05,2.912118641535441,0.1806362067659696,2.3990700244903564,30.0
123,25.754568522712404,25.75284648814988,25.75229408565327,-0.16891105291765093,1.7763568394002505e-15,-25.921205138570922,0.0,-0.0005524024999995344,0.3974740428657384,0.4149740428656745,-0.017499999999934346,30.0,30.0,0.0,0.0,0.0,0.0,0.0,0.0,10.0,10.0,0.0,0.0,2.0,2.0,0.0,0.0,11.0,11.0,0.0,0.0,1.0,1.0,0.0,0.0,2.5579067919705367,5.816792856876504e-05,41.76205501040897,0.911475784069783,25.018972396850586,37.0,0.11808642682929833,5.8167928568765046e-05,3.579845440387726,0.1995032419761022,3.662151336669922,30.0
124,25.952795520703106,25.95200298785856,25.93456746379852,0.9130287341699321,-1.3877787807814457e-17,-25.021538729628585,-0.016732794057503497,-0.00070273000000011,0.19621715472638357,0.28151959870415305,-0.08530244397776593,30.0,30.0,0.0,0.0,0.0,0.0,0.0,0.0,11.0,11.0,0.0,0.0,1.0,1.0,0.0,0.0,10.0,10.0,0.0,0.0,2.0,2.0,0.0,0.0,2.786247889200846,5.7721661095012214e-05,46.67486752404107,0.9429946856366264,24.860036849975586,36.0,0.11579037581880887,5.7721661095012214e-05,3.149704416592916,0.19517378558715184,2.4915432929992676,30.0
125,-0.7631305272940372,-0.766177407808236,-0.9776625112483582,14.985413568173078,1.1102230246251565e-16,15.963076079421432,-0.22505718344217485,0.013572079999997867,0.9614662262960252,-0.5519855536333123,1.5134517799293317,30.0,30.0,0.0,0.0,0.0,0.0,0.0,0.0,10.0,10.0,0.0,0.0,0.0,0.0,0.0,0.0,12.0,12.0,0.0,0.0,0.0,0.0,0.0,0.0,2.779370456933975,5.727881740929912e-05,42.892599332900275,0.9282007558005196,24.596940994262695,42.0,0.11631438309947649,5.727881740929912e-05,3.0755099296569823,0.19054876814285915,3.489978313446045,30.0
126,11.647774996703621,10.681292954765858,10.689650744766293,2.5013379802882225,0.0,-8.188312764478077,0.0,0.00835779000000072,10.559443415171899,9.830981852987843,0.7284615621840853,30.0,30.0,0.0,0.0,0.0,0.0,0.0,0.0,9.0,9.0,0.0,0.0,2.0,2.0,0.0,0.0,6.0,6.0,0.0,0.0,0.0,0.0,0.0,0.0,2.468313603024734,5.683937124413993e-05,37.27557689265201,0.9189438961054149,19.511289596557617,38.0,0.11331565752625465,5.683937124413993e-05,3.351897172133128,0.19113312264283497,2.6745593547821045,30.0
127,0.17094514258044366,0.1651869171807554,0.12627093723372923,5.763813387174766,-1.3877787807814457e-17,5.637542449941035,-0.03816582994880946,-0.0007501500000000284,0.709220797863864,0.75882971737329,-0.049608919509448984,30.0,30.0,0.0,0.0,0.0,0.0,0.0,0.0,10.0,10.0,0.0,0.0,1.0,1.0,0.0,0.0,9.0,9.0,0.0,0.0,0.0,0.0,0.0,0.0,2.3390412681243,5.6403296533574376e-05,42.139425474054676,0.9324791676857892,12.904960632324219,34.0,0.10402097975214322,5.6403296533574376e-05,3.1363243103027343,0.1927289033929507,2.2871522903442383,30.0
128,39.34418755131446,38.59104546264764,38.587552985150246,5.068248254909683,0.0,-33.51930473024056,0.0,-0.0034924774999989657,8.555875934855877,8.678375934855687,-0.1224999999998353,30.0,30.0,0.0,0.0,0.0,0.0,0.0,0.0,8.0,8.0,0.0,0.0,2.0,2.0,0.0,0.0,12.0,12.0,0.0,0.0,3.0,3.0,0.0,0.0,2.735666844902969,5.597056741162165e-05,42.826971891449716,0.9303722381591797,24.093490600585938,41.0,0.10742992746333281,5.5970567411621657e-05,3.3317585865656536,0.18614180833101274,3.8526663780212402,30.0
129,-13.801805740124138,-13.801844776143026,-13.801919641140906,10.42626122317112,1.3097162243624894e-16,24.228180864312023,0.0,-7.486499999996908e-05,0.05249676426549854,0.06247881151872913,-0.009982047253243025,30.0,30.0,0.0,0.0,0.0,0.0,0.0,0.0,11.0,11.0,0.0,0.0,0.0,0.0,0.0,0.0,7.0,7.0,0.0,0.0,1.0,0.0,0.0,1.0,2.4279370844364165,5.5541158210746156e-05,40.195093631744385,0.9038033902645111,25.1505069732666,40.0,0.11040930251280466,5.554115821074615e-05,3.318335930506388,0.1907742962241173,3.236081600189209,30.0
130,16.094594865225794,15.554533416155051,15.55455846115659,2.435786706061737,1.7763568394002505e-15,-13.118771755094855,0.0,2.504500000001281e-05,7.37842994556857,7.348887324423631,0.029542621144926954,30.0,30.0,0.0,0.0,0.0,0.0,0.0,0.0,7.0,7.0,0.0,0.0,4.0,3.0,0.0,1.0,6.0,6.0,0.0,0.0,3.0,3.0,0.0,0.0,2.1272006034851074,5.511504346033495e-05,33.52029639482498,0.8762942980974913,19.189708709716797,32.0,0.11315817100306352,5.511504346033495e-05,3.0720244725545247,0.19364178329706191,3.589371681213379,30.0
131,41.62580466444444,41.6243139302918,41.622503295297065,-7.419415792576439,0.0,-49.041919087873524,0.0,-0.001810634999999855,0.2883799664793827,0.3861002658171691,-0.09772029933782551,30.0,30.0,0.0,0.0,0.0,0.0,0.0,0.0,12.0,12.0,0.0,0.0,2.0,2.0,0.0,0.0,10.0,10.0,0.0,0.0,2.0,2.0,0.0,0.0,2.333439518213272,5.469219788518706e-05,35.81783727645874,0.9102586543560028,19.63290786743164,50.0,0.12226723258694012,5.469219788518706e-05,3.736519781748454,0.2034331813454628,2.9735260009765625,30.0
132,38.50229842798257,38.44521127772465,38.44506066272348,5.1190919963553885,0.0,-33.32596866636809,0.0,-0.00015061499999996983,2.349930363478535,2.3892917414564105,-0.03936137797791743,30.0,30.0,0.0,0.0,0.0,0.0,0.0,0.0,9.0,9.0,0.0,0.0,0.0,0.0,0.0,0.0,8.0,8.0,0.0,0.0,2.0,2.0,0.0,0.0,2.2104979000593485,5.4272596404014186e-05,41.49566444597746,0.9030606291796032,13.2818603515625,38.0,0.09800329754749934,5.427259640401418e-05,3.022118409474691,0.18810705244541168,2.3563690185546875,30.0
133,4.366277946862596,3.7534410995845717,3.733854383638165,8.011259948413686,-8.881784197001252e-16,4.27740556477553,-0.026910243446963023,0.0073235275000009415,8.368389663768966,7.828389663768812,0.5400000000001484,30.0,30.0,0.0,0.0,0.0,0.0,0.0,0.0,9.0,9.0,0.0,0.0,3.0,3.0,0.0,0.0,7.0,7.0,0.0,0.0,0.0,0.0,0.0,0.0,2.2349552802137427,5.385621412795299e-05,37.84142293156804,0.8720175607784374,24.29096031188965,37.0,0.11483003447453181,5.385621412795299e-05,3.578931510448456,0.1895769402384758,3.297016143798828,30.0
134,-5.220313330803591,-16.06791283915633,-16.067643954251274,-3.2093208290689734,0.0,12.858323125182302,-0.012468357595309953,0.012737242499998547,33.988194175700286,32.93569417570053,1.052499999999739,30.0,30.0,0.0,0.0,0.0,0.0,0.0,0.0,4.0,4.0,0.0,0.0,2.0,2.0,0.0,0.0,9.0,9.0,0.0,0.0,0.0,0.0,0.0,0.0,2.447933400670687,5.344302635908892e-05,40.427167654037476,0.9054952077567577,23.993202209472656,48.0,0.11689645921190579,5.344302635908892e-05,3.3445358951886495,0.19416078080733618,3.1852684020996094,30.0
135,-28.060350425207652,-28.075078597963333,-28.080766032964675,-2.7158251910833124,0.0,25.364940841881356,0.0,-0.005687434999999299,0.5916255057312441,1.2135968340301657,-0.6219713282989091,30.0,30.0,0.0,0.0,0.0,0.0,0.0,0.0,11.0,11.0,0.0,0.0,0.0,0.0,0.0,0.0,8.0,8.0,0.0,0.0,2.0,1.0,0.0,1.0,2.3461550932664137,5.303300858899106e-05,37.84621693537785,0.9065083586252652,23.83483123779297,39.0,0.10237403238813082,5.303300858899106e-05,3.0983368674914042,0.18442229876915614,3.3067755699157715,30.0
136,2.1151375302451925,1.4518287853593619,1.3261461574419366,-11.224060458264134,-2.220446049250313e-16,-12.550206615706074,0.0,-0.1256826279164009,0.0943768631238413,8.144376863123602,-8.049999999999738,30.0,30.0,0.0,0.0,0.0,0.0,0.0,0.0,13.0,13.0,0.0,0.0,3.0,3.0,0.0,0.0,6.0,6.0,0.0,0.0,1.0,1.0,0.0,0.0,2.2888223497491134,5.262613649725854e-05,36.0674150868466,0.8924040339495006,24.289871215820312,38.0,0.10010318445662657,5.262613649725854e-05,2.9951594829559327,0.18411285777886707,2.4666614532470703,30.0
137,33.05435651032819,33.048733126059645,32.84103734350086,-11.070178061159693,-2.220446049250313e-16,-43.91121540466056,-0.20699004255970976,-0.0007057399999998597,0.7148922768336803,0.7498922768336769,-0.03499999999999304,30.0,30.0,0.0,0.0,0.0,0.0,0.0,0.0,10.0,10.0,0.0,0.0,2.0,2.0,0.0,0.0,5.0,5.0,0.0,0.0,1.0,1.0,0.0,0.0,2.538114242437409,5.222238595007791e-05,38.99550510034329,0.9068922938370123,24.467641830444336,41.0,0.1102879828462998,5.222238595007791e-05,3.73973784049352,0.19175497392813365,3.208883762359619,30.0
138,32.72671003329201,23.307804426468138,23.311164401466325,-3.451157121381834,0.0,-26.762321522848158,0.0,0.0033599750000001156,30.76023559183585,30.69023559183583,0.07000000000001094,30.0,30.0,0.0,0.0,0.0,0.0,0.0,0.0,12.0,12.0,0.0,0.0,0.0,0.0,0.0,0.0,14.0,14.0,0.0,0.0,1.0,1.0,0.0,0.0,2.321538833471445,5.18217329987916e-05,41.08473895146297,0.9018004521345481,25.005876541137695,39.0,0.14518986369172732,5.18217329987916e-05,3.958816401163737,0.2004163180788358,7.512964248657227,30.0
139,-4.841686850227197,-4.8518781461206135,-4.896422008661659,11.098292044708828,1.249000902703301e-16,15.99471405337049,-0.04404271254225023,-0.0005011499999998935,0.8611617195101502,1.0095194843793678,-0.1483577648692461,30.0,30.0,0.0,0.0,0.0,0.0,0.0,0.0,11.0,11.0,0.0,0.0,1.0,1.0,0.0,0.0,6.0,6.0,0.0,0.0,1.0,1.0,0.0,0.0,2.0665719883782523,5.142415387847747e-05,38.961685344151086,0.8619775465556554,19.197368621826172,35.0,0.16547395760814348,5.142415387847747e-05,4.339116867383321,0.21388401687145234,7.3565568923950195,30.0
140,-0.1369859540040925,-0.13813912809075743,-0.13114759308739476,8.733994270400146,0.0,8.865141863487544,0.0,0.006991534999997011,0.7186497943867209,0.3395841702236618,0.3790656241630574,30.0,30.0,0.0,0.0,0.0,0.0,0.0,0.0,10.0,10.0,0.0,0.0,3.0,3.0,0.0,0.0,9.0,9.0,0.0,0.0,1.0,1.0,0.0,0.0,2.178519832327011,5.102962500653913e-05,39.16238253167335,0.8921174356277953,19.586959838867188,47.0,0.1282529233644406,5.102962500653913e-05,3.7880148967107137,0.20292820483446122,4.253544807434082,30.0
141,13.254801322262328,13.251661902358746,13.251286504859557,0.821706419418381,-1.7763568394002505e-15,-12.429580085441176,0.0,-0.00037539749999994317,0.5303052653314921,0.5603052653314897,-0.02999999999999403,30.0,30.0,0.0,0.0,0.0,0.0,0.0,0.0,13.0,13.0,0.0,0.0,2.0,2.0,0.0,0.0,12.0,12.0,0.0,0.0,2.0,2.0,0.0,0.0,2.3393468138846485,5.0638122981307116e-05,40.13765972310846,0.8987929360433058,24.196313858032227,44.0,0.14327765268584092,5.063812298130712e-05,4.452961381276449,0.20693208773930868,7.505232810974121,30.0
142,12.375768218080339,11.6072040946596,11.46602703620017,-0.6798801337554169,0.0,-12.145907169955583,0.0,-0.14117705845442285,0.6092789034568682,8.766778903455576,-8.15749999999871,30.0,30.0,0.0,0.0,0.0,0.0,0.0,0.0,13.0,13.0,0.0,0.0,2.0,2.0,0.0,0.0,10.0,10.0,0.0,0.0,2.0,2.0,0.0,0.0,2.5421737949053447,5.024962458065085e-05,46.95740896860759,0.8939897060394287,25.009544372558594,30.0,0.14206068242589634,5.024962458065085e-05,4.036408988634745,0.21155931651592255,4.130971908569336,30.0
143,-12.411159083137333,-12.411374879839368,-12.375508271972127,8.699943070854923,0.0,21.075451342827055,-0.01374057713529453,0.0496071849999992,5.1380997950866885,-0.1469002049133188,5.285000000000025,30.0,30.0,0.0,0.0,0.0,0.0,0.0,0.0,10.0,10.0,0.0,0.0,1.0,1.0,0.0,0.0,10.0,10.0,0.0,0.0,0.0,0.0,0.0,0.0,2.3372384752982702,4.986410676060118e-05,41.753783543904625,0.8903109767498114,19.455060958862305,39.0,0.15751671654482682,4.986410676060118e-05,4.05292706489563,0.20321624527374904,7.551670074462891,30.0
144,30.870397915229027,30.868445835320312,30.868145380320303,-3.9190749877318733,-2.7755575615628914e-17,-34.78722036805216,0.0,-0.00030045500000040466,0.07817651616097976,-0.44182348383898784,0.5199999999999783,30.0,30.0,0.0,0.0,0.0,0.0,0.0,0.0,9.0,9.0,0.0,0.0,1.0,1.0,0.0,0.0,10.0,10.0,0.0,0.0,0.0,0.0,0.0,0.0,2.5175916217267513,4.948154665398353e-05,41.33437991142273,0.9139316324144602,23.25093650817871,32.0,0.12252890095114707,4.948154665398353e-05,3.530252393086751,0.1980238859852155,3.558314323425293,30.0
145,10.04445995752704,10.044390399604325,10.044415399601727,22.451152953122655,-1.942890293094024e-16,12.406737553520946,0.0,2.4999999999973794e-05,0.08590139250382833,0.08340139250385636,0.0024999999999977263,30.0,30.0,0.0,0.0,0.0,0.0,0.0,0.0,7.0,7.0,0.0,0.0,1.0,1.0,0.0,0.0,12.0,12.0,0.0,0.0,1.0,1.0,0.0,0.0,2.2970439659224615,4.91019215690615e-05,34.70375521977743,0.8807686832216051,18.952281951904297,36.0,0.1364597287029028,4.91019215690615e-05,3.865782662232717,0.20262442529201508,3.823422908782959,30.0
146,-7.650353263865283,-13.946413289571021,-14.449521570399126,-0.9466271780441881,0.0,13.502894392354934,-0.5023090808274446,-0.000799200000000053,25.011950951860527,25.091950951860515,-0.08000000000000185,30.0,30.0,0.0,0.0,0.0,0.0,0.0,0.0,15.0,15.0,0.0,0.0,1.0,1.0,0.0,0.0,13.0,13.0,0.0,0.0,1.0,1.0,0.0,0.0,2.51201536655426,4.872520898819093e-05,43.30512493678501,0.9179215465273176,24.72391700744629,35.0,0.18555843432744343,4.872520898819093e-05,4.574486796061198,0.21008637696504592,7.452200889587402,30.0
147,20.901432475841894,20.900075650485082,20.89909918798661,5.666069590951738,1.3877787807814457e-17,-15.233029597034873,0.0,-0.0009764625000000353,0.23835110381439506,0.3683511038144123,-0.13000000000002032,30.0,30.0,0.0,0.0,0.0,0.0,0.0,0.0,11.0,11.0,0.0,0.0,1.0,1.0,0.0,0.0,1.0,1.0,0.0,0.0,1.0,0.0,0.0,1.0,2.1713179758616854,4.835138656648421e-05,38.87797788892473,0.8897775905472892,16.172374725341797,35.0,0.14034061034520467,4.835138656648421e-05,3.9951435844103496,0.20401620119810104,6.628074645996094,30.0
148,-9.224182252962375,-9.229810122539352,-9.22956019754221,4.007424624097924,0.0,13.236984821640135,0.0,0.00024992499999998966,0.7751912807395058,0.7501912807394913,0.02499999999999858,30.0,30.0,0.0,0.0,0.0,0.0,0.0,0.0,4.0,4.0,0.0,0.0,4.0,4.0,0.0,0.0,9.0,9.0,0.0,0.0,1.0,1.0,0.0,0.0,2.430738288909197,4.798043213048496e-05,39.92552363872528,0.9123451989144087,18.77242088317871,32.0,0.1115060742944479,4.798043213048496e-05,3.561282420158386,0.18889181862274806,2.6920013427734375,30.0
149,17.04648850282666,17.04598914914388,17.053254374140103,-2.583176503549084,0.0,-19.636430877689186,0.0,0.007265225000000621,0.9378827611392495,0.22346223009181487,0.7144205310474588,30.0,30.0,0.0,0.0,0.0,0.0,0.0,0.0,12.0,12.0,0.0,0.0,1.0,1.0,0.0,0.0,8.0,8.0,0.0,0.0,1.0,1.0,0.0,0.0,2.1624996174465525,4.761232367685268e-05,39.084291978315875,0.8687295060266148,25.134971618652344,44.0,0.169663655012846,4.761232367685268e-05,4.674703900019328,0.21641076455513636,6.82889461517334,30.0
150,27.087938408894843,23.666543361388097,22.791877945128192,8.377680810444913,3.1086244689504383e-15,-14.414197134683274,-0.9097072784356968,0.03504186217820064,16.35252247467227,18.497013400835137,-2.1444909261628573,30.0,30.0,0.0,0.0,0.0,0.0,0.0,0.0,6.0,6.0,0.0,0.0,1.0,1.0,0.0,0.0,6.0,6.0,0.0,0.0,1.0,1.0,0.0,0.0,2.446926564640469,4.724703937105775e-05,44.044951332939995,0.9285280995898777,23.970317840576172,45.0,0.15917165229717892,4.724703937105774e-05,4.032968203226726,0.1988371029496193,6.826460838317871,30.0
151,26.81121894038032,23.81691861967586,23.8168685146773,5.023202375534381,0.0,-18.79366613914291,0.0,-5.010499999999004e-05,17.32654669637843,17.304046696378457,0.022500000000004405,30.0,30.0,0.0,0.0,0.0,0.0,0.0,0.0,13.0,13.0,0.0,0.0,4.0,4.0,0.0,0.0,5.0,5.0,0.0,0.0,0.0,0.0,0.0,0.0,2.288124852320727,4.688455754608616e-05,41.091286902334176,0.8856148626290116,22.789548873901367,51.0,0.14415200104316075,4.688455754608616e-05,4.469852701822917,0.20528902610143027,3.535147190093994,30.0
152,-34.84614197061572,-43.53530423674266,-45.04715968561047,-23.814906176991805,0.0,21.23225350861868,-1.5124502688687227,0.0005948199999999521,29.67738500295934,29.47738500295937,0.19999999999999574,30.0,30.0,0.0,0.0,0.0,0.0,0.0,0.0,10.0,10.0,0.0,0.0,1.0,1.0,0.0,0.0,7.0,7.0,0.0,0.0,1.0,1.0,0.0,0.0,2.393357582581349,4.652485670115447e-05,45.86099724891858,0.8888109418062063,24.514633178710938,39.0,0.14759940231839816,4.652485670115447e-05,4.996961724758148,0.21622825165589651,6.580936908721924,30.0
153,13.545007041935605,13.4465539174861,13.421556272479144,13.784664062956935,0.0,0.3631077904777992,0.0,-0.02499764500831212,0.43678270427068355,3.1377240868104597,-2.7009413825397615,30.0,30.0,0.0,0.0,0.0,0.0,0.0,0.0,10.0,10.0,0.0,0.0,6.0,6.0,0.0,0.0,11.0,11.0,0.0,0.0,4.0,2.0,0.0,2.0,2.118024911822342,4.616791550043436e-05,41.89516330346829,0.885056123500917,15.338420867919922,41.0,0.12683176174759864,4.616791550043436e-05,3.687457076708476,0.20105603833993277,3.111130475997925,30.0
154,43.40578340591946,34.790605735268336,34.790781627768496,-2.366920749729521,0.0,-37.15770237749802,0.0,0.00017589250000001858,29.36662290342923,29.351622903429245,0.015000000000000568,30.0,30.0,0.0,0.0,0.0,0.0,0.0,0.0,11.0,11.0,0.0,0.0,2.0,2.0,0.0,0.0,8.0,8.0,0.0,0.0,1.0,1.0,0.0,0.0,2.425134528514951,4.581371277178713e-05,43.606035188187,0.8909638745840206,24.406858444213867,43.0,0.1494279223183791,4.581371277178714e-05,4.008250784873963,0.20776592741409938,6.853152751922607,30.0
155,41.19920625486468,41.184621654294084,41.184621654292854,1.0804735605472153,0.0,-40.10414809374562,0.0,0.0,1.207667196316791,1.2076671963167747,0.0,30.0,30.0,0.0,0.0,0.0,0.0,0.0,0.0,10.0,10.0,0.0,0.0,1.0,1.0,0.0,0.0,11.0,11.0,0.0,0.0,3.0,3.0,0.0,0.0,2.1759614234275007,4.5462227505507915e-05,42.139879064357025,0.8956200518506638,17.59372901916504,47.0,0.13728999719023705,4.5462227505507915e-05,4.291652393341065,0.2122425138950348,2.89526629447937,30.0
156,5.103921841115458,5.102976954831301,5.105374074828469,12.296027264149442,0.0,7.190653189320968,0.0,0.002397120000000089,0.3873900265391086,0.307390026539065,0.08000000000004093,30.0,30.0,0.0,0.0,0.0,0.0,0.0,0.0,12.0,12.0,0.0,0.0,1.0,1.0,0.0,0.0,12.0,12.0,0.0,0.0,1.0,1.0,0.0,0.0,2.279823279096967,4.511343885307937e-05,40.26958081835792,0.8812984682264782,18.5843563079834,42.0,0.15477570419510206,4.511343885307937e-05,3.8693982044855755,0.20581168135007222,6.365666389465332,30.0
157,-25.79154158946585,-26.91670614889142,-27.266470343728592,-2.7239144603951098,0.0,24.542555883333474,-0.4112009470628806,0.06143675222497116,0.715122569995259,-10.607377430003936,11.32249999999922,30.0,30.0,0.0,0.0,0.0,0.0,0.0,0.0,9.0,9.0,0.0,0.0,1.0,1.0,0.0,0.0,11.0,11.0,0.0,0.0,1.0,1.0,0.0,0.0,2.131368813307389,4.4767326125935136e-05,38.808247815007746,0.8604850548764934,19.6922607421875,46.0,0.13899202235043048,4.476732612593513e-05,4.235309310754141,0.20366310129563014,3.402836322784424,30.0
158,32.146194680760075,32.13741262293422,32.13658547793271,11.690989928876013,0.0,-20.445595549056716,0.0,-0.000827144999998999,0.5496263429151753,0.9371263429152066,-0.3875000000000206,30.0,30.0,0.0,0.0,0.0,0.0,0.0,0.0,10.0,10.0,0.0,0.0,0.0,0.0,0.0,0.0,11.0,11.0,0.0,0.0,1.0,1.0,0.0,0.0,2.4168421055408236,4.442386879423263e-05,44.22334295638064,0.8874107611940262,26.897539138793945,47.0,0.13786303314069906,4.4423868794232626e-05,3.520695932706197,0.1959805558125178,6.4978179931640625,30.0
159,-0.34776102960247957,-0.7585395562369692,-0.8407147479110321,9.523128904703071,2.0539125955565396e-15,10.3638436526141,-0.08467301417613271,0.0024978225000000355,6.609163903722802,6.409200625932143,0.1999632777906433,30.0,30.0,0.0,0.0,0.0,0.0,0.0,0.0,6.0,6.0,0.0,0.0,2.0,2.0,0.0,0.0,11.0,11.0,0.0,0.0,0.0,0.0,0.0,0.0,2.2916150207215167,4.4083046485635326e-05,41.416700971887465,0.8845997490781419,24.76491928100586,47.0,0.14775434409578642,4.4083046485635326e-05,4.394078771273295,0.2055325503150622,6.22543478012085,30.0
160,31.861547943603686,31.854091934461916,31.532907870514528,-0.6619277146732143,0.0,-32.19483558518774,-0.3212342439487088,5.017999999998871e-05,0.8634818551520169,0.8634818551520351,0.0,30.0,30.0,0.0,0.0,0.0,0.0,0.0,0.0,6.0,6.0,0.0,0.0,1.0,1.0,0.0,0.0,10.0,10.0,0.0,0.0,2.0,2.0,0.0,0.0,2.172628921767076,4.374483898410437e-05,39.52246435483297,0.8620290433367094,24.050342559814453,48.0,0.12453860342502594,4.374483898410437e-05,4.086097764968872,0.19882773955663044,3.4760022163391113,30.0
161,4.801053450498279,-0.5918174326558141,-0.5745436226582008,-9.291252998344177,-1.7763568394002505e-15,-8.716709375685976,0.0,0.01727381000000127,23.70755559397844,23.222555593978225,0.4850000000002268,30.0,30.0,0.0,0.0,0.0,0.0,0.0,0.0,12.0,12.0,0.0,0.0,1.0,1.0,0.0,0.0,9.0,9.0,0.0,0.0,2.0,2.0,0.0,0.0,1.9927720679177179,4.340922622869942e-05,35.36973737080892,0.8617239077885945,19.097354888916016,45.0,0.15180727305511635,4.3409226228699427e-05,3.954657781124115,0.1997827390829722,6.323366165161133,30.0
162,3.017668756045736,3.0056552430014363,2.9050310279044655,6.85431524374176,0.0,3.949284215837293,-0.09765150259732991,-0.002972712500000102,0.6513731731411099,1.0960617247354023,-0.4446885515942746,30.0,30.0,0.0,0.0,0.0,0.0,0.0,0.0,13.0,13.0,0.0,0.0,2.0,2.0,0.0,0.0,9.0,9.0,0.0,0.0,0.0,0.0,0.0,0.0,2.241948962211609,4.307618831238881e-05,42.99561491466704,0.8810992453779493,23.72974395751953,42.0,0.16067104736963908,4.307618831238881e-05,4.243117562929789,0.21372887641191482,3.5771572589874268,30.0
163,12.561296626281473,12.556203309936269,12.55602820493271,-0.8038629369137723,-1.1102230246251565e-16,-13.359891141846484,0.0,-0.00017510499999996395,0.6988216574715551,0.7136747400045397,-0.01485308253298284,30.0,30.0,0.0,0.0,0.0,0.0,0.0,0.0,8.0,8.0,0.0,0.0,2.0,2.0,0.0,0.0,5.0,5.0,0.0,0.0,2.0,2.0,0.0,0.0,2.141139935615451,4.27457054808686e-05,43.781462691551035,0.8667996442595194,22.851009368896484,43.0,0.1487278498709202,4.27457054808686e-05,4.444986136754354,0.20700427244106928,6.255094051361084,30.0
164,15.405800834286216,15.372769073777926,15.40934449877735,8.222790920394415,8.881784197001252e-16,-7.186553578382931,0.0,0.03657542499999824,0.6675358185563454,-1.817464181443226,2.484999999999566,30.0,30.0,0.0,0.0,0.0,0.0,0.0,0.0,7.0,7.0,0.0,0.0,0.0,0.0,0.0,0.0,6.0,6.0,0.0,0.0,1.0,1.0,0.0,0.0,2.2354052322251454,4.241775813139098e-05,43.74039615903582,0.8773041452680316,22.095869064331055,42.0,0.1447540710369746,4.241775813139098e-05,3.87559654712677,0.20374225278695424,6.20019006729126,30.0
165,23.824039215287804,20.574985399757065,20.58300648870567,4.34322460942337,0.0,-16.239781879282308,-0.0014989610476163762,0.00952005000000181,18.96383124848444,18.0251319427369,0.9386993057475582,30.0,30.0,0.0,0.0,0.0,0.0,0.0,0.0,8.0,8.0,0.0,0.0,2.0,2.0,0.0,0.0,15.0,15.0,0.0,0.0,1.0,1.0,0.0,0.0,1.8692708700895309,4.2092326811601486e-05,44.6301926612854,0.8450589299201965,13.584871292114258,40.0,0.12441130032142003,4.2092326811601486e-05,3.5936861554781596,0.1973933458328247,3.4482202529907227,30.0
166,-0.3156284412309178,-0.31574355400875476,-0.5909189991086599,3.6624151556852955,0.0,4.253334154793954,-0.2862848276000136,0.011109382499995463,0.9127093770002119,-0.10729062299984005,1.020000000000067,30.0,30.0,0.0,0.0,0.0,0.0,0.0,0.0,10.0,10.0,0.0,0.0,2.0,2.0,0.0,0.0,14.0,14.0,0.0,0.0,1.0,1.0,0.0,0.0,2.0837000489234923,4.176939221838513e-05,37.068668047587074,0.8447004079818725,25.28125,45.0,0.15028921142220497,4.176939221838513e-05,3.641874623298645,0.1985591431458791,6.216307640075684,30.0
167,10.84873263215387,10.838743838629238,10.852398451128698,12.591702050373135,1.3877787807814457e-17,1.739303599244435,0.0,0.013654612500001191,0.2173912857456486,-0.9994395191622829,1.2168308049079213,30.0,30.0,0.0,0.0,0.0,0.0,0.0,0.0,11.0,11.0,0.0,0.0,1.0,1.0,0.0,0.0,4.0,4.0,0.0,0.0,3.0,2.0,0.0,1.0,2.0333865103514297,4.144893519672149e-05,43.82725110261337,0.8431610413219618,21.624652862548828,46.0,0.1479981869459152,4.144893519672149e-05,4.410265096028646,0.20504755427440008,5.93137264251709,30.0
168,9.511419831262174,7.53774957759535,7.537291996538462,3.84249191227995,0.0,-3.694800084258512,0.0,-0.0004575810545464649,14.891237500810547,14.04873750081061,0.8424999999999585,30.0,30.0,0.0,0.0,0.0,0.0,0.0,0.0,10.0,10.0,0.0,0.0,3.0,3.0,0.0,0.0,7.0,7.0,0.0,0.0,0.0,0.0,0.0,0.0,2.358860078610872,4.1130936738548465e-05,42.788542446337246,0.8833688654397663,24.67914581298828,38.0,0.13699540098508198,4.1130936738548465e-05,4.335029768943786,0.2023116817077001,5.971670150756836,30.0
169,29.170965187342752,29.14967349603482,29.034685682055187,4.106361747704723,1.1102230246251565e-16,-24.92832393435046,-0.14583252147940584,0.030844707500001567,0.6858327269321052,-1.4591672730682443,2.14500000000033,30.0,30.0,0.0,0.0,0.0,0.0,0.0,0.0,10.0,10.0,0.0,0.0,0.0,0.0,0.0,0.0,8.0,8.0,0.0,0.0,0.0,0.0,0.0,0.0,2.3548937916755674,4.081537798163486e-05,48.91451091766358,0.8918910846114159,24.318729400634766,40.0,0.14439941110710303,4.081537798163486e-05,4.062549551328023,0.20453311651945114,3.7469186782836914,30.0
170,-14.406365328068684,-15.981399028741441,-19.04083810212389,-5.77328439992748,0.0,13.267553702196413,-3.0592654558832346,-0.00017361749999998316,12.535034663987048,12.550034663987017,-0.015000000000000568,30.0,30.0,0.0,0.0,0.0,0.0,0.0,0.0,10.0,10.0,0.0,0.0,2.0,1.0,0.0,1.0,15.0,15.0,0.0,0.0,0.0,0.0,0.0,0.0,1.913528141452045,4.050224020846148e-05,35.592816515666684,0.8454745208344808,18.932640075683594,41.0,0.17204301928480467,4.050224020846148e-05,4.085750492413839,0.2130294034878413,5.988830089569092,30.0
171,-50.13396569822162,-67.96505042755749,-68.34603655160196,-34.40236381424808,0.0,33.94367273735388,-0.38178002654169063,0.0007939025000000888,42.33936908750854,42.226869087508554,0.11249999999999716,30.0,30.0,0.0,0.0,0.0,0.0,0.0,0.0,11.0,11.0,0.0,0.0,4.0,3.0,0.0,1.0,6.0,6.0,0.0,0.0,2.0,1.0,0.0,1.0,2.188884857453798,4.019150484511099e-05,44.529592112491,0.8497936756987321,20.618118286132812,38.0,0.13898732513189316,4.019150484511099e-05,3.808574080467224,0.20290337949991227,5.878883361816406,30.0
172,-15.862126628881132,-15.863995318042644,-15.888395541604055,7.976407763675746,0.0,23.86480330527979,-0.028990568558072027,0.004590344999999796,0.9600169903245046,0.4322833748262933,0.5277336154982077,30.0,30.0,0.0,0.0,0.0,0.0,0.0,0.0,6.0,6.0,0.0,0.0,1.0,1.0,0.0,0.0,7.0,7.0,0.0,0.0,1.0,1.0,0.0,0.0,2.205241254397801,3.988315346016613e-05,43.72711331503732,0.8650872011979421,25.80952262878418,42.0,0.15826804687579474,3.988315346016613e-05,3.8751481731732684,0.19817510694265367,5.786678314208984,30.0
173,21.37083058126361,20.904707644247964,20.63310229935435,2.2112534349835395,1.1102230246251565e-16,-18.421848864370798,-0.28673674489442647,0.015131400000000982,8.780346917500509,6.827319657198194,1.9530272603023047,30.0,30.0,0.0,0.0,0.0,0.0,0.0,0.0,12.0,12.0,0.0,0.0,0.0,0.0,0.0,0.0,16.0,16.0,0.0,0.0,2.0,2.0,0.0,0.0,2.4549180421718333,3.9577167763616466e-05,46.15020570089651,0.8788300156593323,25.688276290893555,43.0,0.13396958063046138,3.9577167763616466e-05,4.079694533348084,0.1963586340347926,4.779681205749512,30.0
174,21.405603047361016,18.819245345260473,18.8172429452597,5.174687972414112,0.0,-13.642554972845582,0.0,-0.002002399999999886,15.902156889237645,16.082156889237655,-0.18000000000000682,30.0,30.0,0.0,0.0,0.0,0.0,0.0,0.0,14.0,14.0,0.0,0.0,3.0,3.0,0.0,0.0,9.0,9.0,0.0,0.0,1.0,1.0,0.0,0.0,2.087097299595674,3.92735296057735e-05,41.8463649948438,0.8411721102893353,25.83611297607422,48.0,0.13973444650570552,3.92735296057735e-05,4.2968644539515175,0.19954753816127777,4.00067663192749,30.0
175,4.142762589813953,4.121083077942329,4.121882970443053,8.552217569339636,0.0,4.430334598896581,0.0,0.0007998925000003739,1.6148964096542358,1.472396409654129,0.14250000000006224,30.0,30.0,0.0,0.0,0.0,0.0,0.0,0.0,12.0,12.0,0.0,0.0,1.0,1.0,0.0,0.0,5.0,5.0,0.0,0.0,0.0,0.0,0.0,0.0,2.4788932525194607,3.897222097619412e-05,48.82257921267779,0.889021621300624,21.727283477783203,39.0,0.13770048220952352,3.897222097619412e-05,3.8475400805473328,0.19624687383572262,5.8573689460754395,30.0
176,16.974305993584494,16.881895728001368,16.760691523856575,16.160267753994766,0.0,-0.6004237698618071,-0.16852934054591628,0.047325136399108035,0.3267499136462533,-3.0399056824698825,3.366655596116127,30.0,30.0,0.0,0.0,0.0,0.0,0.0,0.0,10.0,10.0,0.0,0.0,1.0,1.0,0.0,0.0,8.0,8.0,0.0,0.0,1.0,0.0,0.0,1.0,2.2403090652965365,3.8673224002612324e-05,38.68807751791818,0.8679261008898417,25.78460693359375,42.0,0.14055713166793188,3.8673224002612324e-05,3.650457429885864,0.19944405158360798,3.644890785217285,30.0
177,-39.80507601475963,-39.904629674794116,-39.98987251417973,2.229932622830333,0.0,42.21980513701002,-0.07998968188476852,-0.005253157499999292,2.7402125131993245,3.155212513199203,-0.41499999999991743,30.0,30.0,0.0,0.0,0.0,0.0,0.0,0.0,9.0,9.0,0.0,0.0,0.0,0.0,0.0,0.0,7.0,7.0,0.0,0.0,5.0,4.0,0.0,1.0,2.343255656330209,3.837652094987906e-05,52.99136322423031,0.8597279724321867,19.380151748657227,38.0,0.15347546090682349,3.837652094987906e-05,4.199451692899069,0.20793606489896774,4.586125373840332,30.0
178,32.510683305727405,29.920502553952687,29.920552726456073,5.39621106391405,0.0,-24.52434166254202,0.0,5.017250000009697e-05,16.071880553242906,16.0940384980735,-0.022157944830585384,30.0,30.0,0.0,0.0,0.0,0.0,0.0,0.0,6.0,6.0,0.0,0.0,1.0,1.0,0.0,0.0,7.0,7.0,0.0,0.0,1.0,1.0,0.0,0.0,2.451427685453537,3.80820942189103e-05,44.42000876081751,0.8678709623661447,27.216001510620117,47.0,0.13506542555987835,3.80820942189103e-05,4.326237376530965,0.20174856583277384,5.717116355895996,30.0
179,-11.547773348461284,-11.581666859938839,-11.566595279935656,10.123513239513622,0.0,21.69010851944926,0.0,0.015071580000002924,0.8889809485634288,-1.8410190514373852,2.7300000000007785,30.0,30.0,0.0,0.0,0.0,0.0,0.0,0.0,9.0,9.0,0.0,0.0,1.0,1.0,0.0,0.0,9.0,9.0,0.0,0.0,2.0,2.0,0.0,0.0,2.158596546222002,3.778992634564318e-05,44.60272593375964,0.8360781165269705,24.646167755126953,39.0,0.16013247482478618,3.778992634564318e-05,4.386424048741659,0.20691443781057994,5.617518424987793,30.0
180,-8.32270773957498,-8.400736498312213,-8.42937069851266,4.599738588798482,0.0,13.02910928731114,-0.0028646698148975247,-0.025769530383994727,0.7515463248882241,2.793362825291999,-2.0418165004037854,30.0,30.0,0.0,0.0,0.0,0.0,0.0,0.0,7.0,7.0,0.0,0.0,1.0,1.0,0.0,0.0,9.0,9.0,0.0,0.0,3.0,3.0,0.0,0.0,2.3340042860080032,3.75e-05,44.9055162087465,0.871018498371809,23.820125579833984,39.0,0.15975573807954788,3.75e-05,4.674519530932108,0.21167583813269933,4.381268501281738,30.0
181,-41.96664415265612,-52.46296234032012,-52.585617119655225,-8.56756809755521,0.0,44.0180490221,-0.1275046593332405,0.004849879999999691,32.68400638226366,32.398021834155244,0.285984548108423,30.0,30.0,0.0,0.0,0.0,0.0,0.0,0.0,7.0,7.0,0.0,0.0,1.0,1.0,0.0,0.0,15.0,15.0,0.0,0.0,0.0,0.0,0.0,0.0,2.011741819533896,3.721229798486038e-05,37.09907905091631,0.8443059084263254,22.110380172729492,47.0,0.1513145719965299,3.721229798486038e-05,4.477988704045614,0.20502309252818426,5.858344078063965,30.0
182,12.844458589908042,12.84334302643094,12.843918198933938,2.1296855694019663,0.0,-10.71423262953197,0.0,0.0005751725000000809,0.39144320476479777,0.334000520523841,0.057442684240962556,30.0,30.0,0.0,0.0,0.0,0.0,0.0,0.0,11.0,11.0,0.0,0.0,3.0,2.0,0.0,1.0,11.0,11.0,0.0,0.0,1.0,1.0,0.0,0.0,2.041446164959953,3.692680323504117e-05,38.28071623756772,0.8328936979884193,24.955543518066406,42.0,0.14539547388752302,3.692680323504117e-05,4.1721258083979285,0.2007682849963506,5.731320381164551,30.0
183,-27.826871740602655,-29.045941696326437,-29.192772576305106,12.908582539642516,0.0,42.101355115947634,-0.16510872573845603,0.01827784575954103,10.0275201595191,11.041150101886046,-1.0136299423669437,30.0,30.0,0.0,0.0,0.0,0.0,0.0,0.0,10.0,10.0,0.0,0.0,2.0,2.0,0.0,0.0,7.0,7.0,0.0,0.0,0.0,0.0,0.0,0.0,1.8345706101619836,3.6643498816284225e-05,33.81319323453036,0.8037780776168361,24.041576385498047,33.0,0.13542894447843234,3.6643498816284225e-05,4.333848373095194,0.19928865879774094,3.8135414123535156,30.0
184,-0.6474427077474393,-6.078095261925023,-6.237667794029278,1.1031674955495436,0.0,7.340835289578821,-0.15992177960364984,0.0003492475000002211,23.323760542405154,23.303760542405133,0.020000000000042206,30.0,30.0,0.0,0.0,0.0,0.0,0.0,0.0,8.0,8.0,0.0,0.0,1.0,0.0,0.0,1.0,9.0,9.0,0.0,0.0,1.0,1.0,0.0,0.0,1.958322788987841,3.6362367924251926e-05,35.020604378836495,0.844078210421971,16.559648513793945,35.0,0.1489718660712242,3.6362367924251926e-05,4.06854198773702,0.2009707013765971,5.754079341888428,30.0
185,25.158046080458632,25.145942302790083,25.128515792791013,7.3313740203837865,5.551115123125783e-17,-17.797141772407226,0.0,-0.017426510000002615,0.15157121586328515,1.100171698806577,-0.9486004829433027,30.0,30.0,0.0,0.0,0.0,0.0,0.0,0.0,7.0,7.0,0.0,0.0,2.0,2.0,0.0,0.0,5.0,5.0,0.0,0.0,2.0,2.0,0.0,0.0,1.9993812926979952,3.608339388353045e-05,36.51472725979117,0.8379990014919015,16.640052795410156,43.0,0.1498215079307556,3.608339388353045e-05,4.457000136375427,0.20134153664112092,5.230069160461426,30.0
186,19.927565044392658,16.91187108824376,16.912021773242436,4.649187045812952,0.0,-12.262834727429482,0.0,0.00015068500000068452,17.060753528565627,17.36575352856563,-0.3049999999999926,30.0,30.0,0.0,0.0,0.0,0.0,0.0,0.0,8.0,8.0,0.0,0.0,0.0,0.0,0.0,0.0,9.0,9.0,0.0,0.0,3.0,3.0,0.0,0.0,2.525024819881358,3.5806560146640615e-05,46.84015586528372,0.8489090521284874,25.766952514648438,47.0,0.14129067584872246,3.5806560146640615e-05,3.9379586815834045,0.19632923404375713,5.303391456604004,30.0
187,2.2535462523956085,2.2041178795339276,2.2078209650925245,8.931806268022386,0.0,6.723985302929857,0.0,0.003703085556745685,0.34675073683378344,-2.223249263165979,2.5699999999997623,30.0,30.0,0.0,0.0,0.0,0.0,0.0,0.0,10.0,10.0,0.0,0.0,0.0,0.0,0.0,0.0,12.0,12.0,0.0,0.0,0.0,0.0,0.0,0.0,2.107523940330328,3.553185029305644e-05,38.453409150589344,0.8463742746863254,19.77118682861328,43.0,0.15545293539762498,3.553185029305644e-05,4.486174829800924,0.20547620952129364,5.027761459350586,30.0
188,-95.12335264038342,-137.94671720245734,-139.93518265579226,-64.03182225028237,0.0,75.90336040550989,-1.9486686483371276,-0.03979680499999587,50.46019548597409,65.43956338643612,-14.979367900462055,30.0,30.0,0.0,0.0,0.0,0.0,0.0,0.0,8.0,8.0,0.0,0.0,1.0,1.0,0.0,0.0,9.0,9.0,0.0,0.0,0.0,0.0,0.0,0.0,2.1662126779556274,3.525924802823107e-05,45.5264778137207,0.8386961424604376,24.21216583251953,47.0,0.15476986231903236,3.525924802823107e-05,4.9596058368682865,0.2079821452498436,5.35536003112793,30.0
189,32.3474857726264,30.370282833629744,30.380938021130433,2.0743790779289877,0.0,-28.306558943201452,0.0,0.010655187499998291,15.848804843422428,14.061304843422796,1.7874999999996284,30.0,30.0,0.0,0.0,0.0,0.0,0.0,0.0,7.0,7.0,0.0,0.0,2.0,2.0,0.0,0.0,11.0,11.0,0.0,0.0,1.0,1.0,0.0,0.0,2.3546329639678776,3.498873718263027e-05,47.238047400186225,0.8680760749550753,19.36029624938965,43.0,0.15055218413472177,3.498873718263027e-05,4.18071677684784,0.20618326018253963,4.111188888549805,30.0
190,34.64657979449652,34.63917655145895,34.639402833962535,-6.3613135164901236,0.0,-41.000716350452656,0.0,0.00022628250000000907,0.6554962413080858,0.8604210037863151,-0.20492476247825425,30.0,30.0,0.0,0.0,0.0,0.0,0.0,0.0,6.0,6.0,0.0,0.0,3.0,3.0,0.0,0.0,11.0,11.0,0.0,0.0,2.0,2.0,0.0,0.0,1.9416632236436355,3.472030171077338e-05,36.06668354744135,0.8310449774875197,19.718645095825195,43.0,0.18795896247029303,3.472030171077338e-05,5.905601827303569,0.2153074249625206,5.47219181060791,30.0
191,7.158717719329128,6.875988876683845,6.601292601488701,1.3438185027313145,0.0,-5.257474098757384,-0.3287602901932587,0.05406401499999608,0.8515390676325154,-5.317225241094107,6.168764308726624,30.0,30.0,0.0,0.0,0.0,0.0,0.0,0.0,9.0,9.0,0.0,0.0,1.0,1.0,0.0,0.0,12.0,12.0,0.0,0.0,2.0,2.0,0.0,0.0,1.905036441304467,3.445392569028152e-05,39.610882238908246,0.838446630672975,17.178543090820312,44.0,0.1600059535354376,3.445392569028152e-05,4.695263075828552,0.20789099037647246,3.9228851795196533,30.0
192,23.06856863084431,22.976340633736058,23.01750437770534,3.771351934861804,4.440892098500626e-16,-19.24615244284354,0.0,0.04116374396892935,3.4596529705250134,-3.036906272973415,6.496559243498402,30.0,30.0,0.0,0.0,0.0,0.0,0.0,0.0,9.0,9.0,0.0,0.0,2.0,1.0,0.0,1.0,10.0,10.0,0.0,0.0,3.0,3.0,0.0,0.0,2.2910571098327637,3.418959332093313e-05,42.6076731908889,0.8606052384490058,19.42454719543457,42.0,0.13048390572269758,3.418959332093313e-05,4.851835417747497,0.19961986889441807,4.317716598510742,30.0
193,-1.8178799451416126,-2.4666873019338844,-2.483978224012018,5.063859157577037,2.220446049250313e-16,7.547837381589051,-0.016102800163366737,-0.0011881219157051117,7.97735789317403,8.05485789317398,-0.07749999999995083,30.0,30.0,0.0,0.0,0.0,0.0,0.0,0.0,5.0,5.0,0.0,0.0,3.0,1.0,0.0,2.0,7.0,7.0,0.0,0.0,0.0,0.0,0.0,0.0,2.04121299858751,3.3927288923726824e-05,42.506905753037024,0.8356665228975231,16.492403030395508,29.0,0.16284837598601978,3.3927288923726824e-05,4.83718380133311,0.20645381559928258,5.191254138946533,30.0
194,12.690545596311523,12.657645713442044,12.674657058443008,12.409802924511105,0.0,-0.2648541339319003,0.0,0.01701134500000291,0.18426081263503136,-1.813832485911512,1.9980932985465527,30.0,30.0,0.0,0.0,0.0,0.0,0.0,0.0,7.0,7.0,0.0,0.0,0.0,0.0,0.0,0.0,7.0,7.0,0.0,0.0,2.0,2.0,0.0,0.0,2.235152566155722,3.366699693995135e-05,51.596046625181685,0.8313408286072487,26.069061279296875,43.0,0.13942247504989305,3.366699693995135e-05,4.563460453351339,0.2046184668938319,3.9012701511383057,30.0
195,27.966239161935576,26.14833318762826,26.147205257629953,9.387177444174998,0.0,-16.760027813454954,0.0,-0.0011279300000001506,13.43297435400406,13.482974354004071,-0.05000000000000426,30.0,30.0,0.0,0.0,0.0,0.0,0.0,0.0,8.0,8.0,0.0,0.0,0.0,0.0,0.0,0.0,7.0,7.0,0.0,0.0,3.0,3.0,0.0,0.0,2.6018004257504534,3.340870193026272e-05,51.5068784574183,0.890542795018452,25.012420654296875,41.0,0.16114112300177416,3.340870193026272e-05,4.320636502901713,0.204455429315567,5.232161045074463,30.0
196,35.08318280647116,34.95496037553637,34.95039822858539,6.495237367603839,0.0,-28.455160860981557,-0.0025533469504637196,-0.0020088000000002782,2.9873158925331182,3.5808159815157365,-0.5935000889826052,30.0,30.0,0.0,0.0,0.0,0.0,0.0,0.0,11.0,11.0,0.0,0.0,1.0,1.0,0.0,0.0,10.0,10.0,0.0,0.0,2.0,2.0,0.0,0.0,2.007281251442738,3.315238857376845e-05,40.06746871654804,0.8144645675634726,18.466449737548828,39.0,0.15484513640403746,3.315238857376845e-05,4.308333555857341,0.20440671741962432,3.6229801177978516,30.0
197,21.306584093113603,21.284387287226,21.20886115875089,1.0818710022753346,-1.1102230246251565e-16,-20.12699015647555,-0.01959471847452221,-0.05593140999998731,0.8605800522266662,1.48985925132556,-0.6292791990988936,30.0,30.0,0.0,0.0,0.0,0.0,0.0,0.0,9.0,9.0,0.0,0.0,3.0,3.0,0.0,0.0,4.0,4.0,0.0,0.0,1.0,1.0,0.0,0.0,2.165784431058307,3.2898041667118705e-05,43.77644585454187,0.8636763581009799,19.50879669189453,43.0,0.18418275987108548,3.2898041667118705e-05,5.391066908836365,0.21514973590771358,5.187952995300293,30.0
198,6.824713711317803,6.813294578311132,6.809796328309486,7.985470882965701,0.0,1.1756745546562162,0.0,-0.0034982499999998023,0.7186034347067789,1.0686034347067626,-0.3499999999999801,30.0,30.0,0.0,0.0,0.0,0.0,0.0,0.0,8.0,8.0,0.0,0.0,2.0,2.0,0.0,0.0,11.0,11.0,0.0,0.0,4.0,4.0,0.0,0.0,2.0978956327718845,3.264564612360465e-05,40.813514933866614,0.822427197414286,25.385486602783203,34.0,0.1408598583191633,3.264564612360465e-05,4.769342652956644,0.2016831174492836,4.30866813659668,30.0
199,12.960061316694395,12.960058196615158,12.959932996613281,6.4274376860090285,-8.673617379884035e-18,-6.532495310604247,0.0,-0.0001252000000000621,0.032663746027367324,0.017663746027406724,0.014999999999968594,30.0,30.0,0.0,0.0,0.0,0.0,0.0,0.0,11.0,11.0,0.0,0.0,0.0,0.0,0.0,0.0,6.0,6.0,0.0,0.0,2.0,1.0,0.0,1.0,1.7433643381703983,3.239518697226342e-05,37.49573018334129,0.8049940900369124,16.10609245300293,44.0,0.1550890438258648,3.239518697226342e-05,4.890341210365295,0.20294786443312962,3.7348127365112305,30.0
