phase,h_ae,mid_ae,h_se,mid_se,algorithm,market,seed
auction,0.03257443101283399,0.10579999999999881,0.0024650221329156215,0.020627999999999487,ddpg,CAT,123
clob,0.10634957782595522,0.12742436906087334,0.02610384087402065,0.031270879852058564,ddpg,CAT,123
auction,0.031204238475651774,0.11349999999999906,0.0020558268800504285,0.021828999999999703,ddpg,CAT,1618
clob,0.10968966816845022,0.12858166306226523,0.02630059070539013,0.03124359821085367,ddpg,CAT,1618
auction,0.03429590414032273,0.11089999999999815,0.0025150080247495093,0.022886999999999543,ddpg,CAT,2024
clob,0.12215685987450774,0.13851575992523435,0.032836995512247114,0.03708911317889365,ddpg,CAT,2024
auction,0.036395392068885674,0.13730000000000042,0.002785125135058999,0.033456999999999994,ddpg,CAT,2718
clob,0.12589915044261452,0.146684541503523,0.03442809553670796,0.04030848273306559,ddpg,CAT,2718
auction,0.032258701779718284,0.12659999999999838,0.002495580120252964,0.027267999999999692,ddpg,CAT,314
clob,0.1147998037882703,0.1331299903038818,0.03072055693863405,0.035106073276393895,ddpg,CAT,314
auction,0.02830837205463867,0.11979999999999957,0.001751564231223166,0.02256399999999973,ddpg,CAT,42
clob,0.10707697659137548,0.12430908967872759,0.024516220168065497,0.028734551895611735,ddpg,CAT,42
auction,0.030708719111563337,0.1159999999999985,0.002118228208399162,0.024973999999999653,ddpg,CAT,577
clob,0.10853896225141767,0.12990175406048274,0.02624409467661532,0.031923523246034285,ddpg,CAT,577
auction,0.03417929959160982,0.12369999999999831,0.0031835912641098242,0.027654999999999604,ddpg,CAT,7
clob,0.10457287854365928,0.12311272350900802,0.02391568453028078,0.028162677219046924,ddpg,CAT,7
auction,0.03426318446934187,0.13219999999999882,0.002458246713127628,0.03146599999999941,ddpg,CAT,811
clob,0.11548231050143183,0.13230408678795474,0.028455465446688404,0.032663049399488796,ddpg,CAT,811
auction,0.03353118973274097,0.11429999999999804,0.002386774548133544,0.02163099999999945,ddpg,CAT,99
clob,0.10820976096128032,0.1256412509596358,0.025145194369170246,0.02984375825704014,ddpg,CAT,99
auction,0.02884855685296942,0.10190000000000066,0.002900306190502672,0.01756500000000016,ddpg,GOOGL,123
clob,0.07797627651385916,0.09708034532526137,0.01361080753983821,0.017725965011835158,ddpg,GOOGL,123
auction,0.02548010574055853,0.10220000000000053,0.0014706864791390133,0.015180000000000034,ddpg,GOOGL,1618
clob,0.07650568191231603,0.0951041954852032,0.010857243735805737,0.015289483213230766,ddpg,GOOGL,1618
auction,0.029661310345466926,0.11420000000000055,0.002308521456398572,0.021582000000000195,ddpg,GOOGL,2024
clob,0.09438307480850605,0.11221950681616942,0.018819035216053884,0.022990993324346395,ddpg,GOOGL,2024
auction,0.02601211008056646,0.12150000000000044,0.0017929225586963294,0.0231370000000002,ddpg,GOOGL,2718
clob,0.08665812241824854,0.10521929450972226,0.013434308517211516,0.018411856774688498,ddpg,GOOGL,2718
auction,0.023998098200766923,0.09070000000000089,0.0012178643389089627,0.014639000000000305,ddpg,GOOGL,314
clob,0.07471170661755996,0.09492098367984582,0.009989859666768186,0.015170240398105035,ddpg,GOOGL,314
auction,0.0246284733689328,0.09010000000000128,0.0014321405354818847,0.012329000000000222,ddpg,GOOGL,42
clob,0.08134967791761621,0.0976210506356018,0.013580349292228011,0.017643039708400726,ddpg,GOOGL,42
auction,0.02734307220706161,0.09810000000000098,0.003315596505899632,0.015663000000000232,ddpg,GOOGL,577
clob,0.07496491362767005,0.09304477508528639,0.010564890774641254,0.014723185597244191,ddpg,GOOGL,577
auction,0.024205834719354394,0.10270000000000092,0.0013495808166208117,0.01575700000000032,ddpg,GOOGL,7
clob,0.07606091086345936,0.09396882041593636,0.010516343864648637,0.014736109087455318,ddpg,GOOGL,7
auction,0.026859230818435553,0.09910000000000106,0.0025064987098568224,0.017573000000000297,ddpg,GOOGL,811
clob,0.08429761112260577,0.10305336698913,0.015045935857584633,0.019644579277834532,ddpg,GOOGL,811
auction,0.027250812054022137,0.10140000000000068,0.0015613361293042593,0.01730600000000013,ddpg,GOOGL,99
clob,0.07773784489209735,0.09540794663448983,0.01084400484117634,0.015143339663673499,ddpg,GOOGL,99
auction,0.033781694044079276,0.14790000000000145,0.003442438272495733,0.029129000000000686,ddpg,JPM,123
clob,0.11286887854577936,0.12948258442021113,0.02419032888357142,0.028303853541945825,ddpg,JPM,123
auction,0.033141857744297606,0.1375000000000014,0.002282647132192288,0.025353000000000563,ddpg,JPM,1618
clob,0.11520329890836466,0.13193141222376326,0.023800357644721028,0.027775935428534165,ddpg,JPM,1618
auction,0.037525095473372044,0.13950000000000157,0.004002523217092576,0.027855000000000695,ddpg,JPM,2024
clob,0.1287715579460891,0.14333904484105595,0.03216288037934563,0.035005781257957606,ddpg,JPM,2024
auction,0.03615538906459809,0.15920000000000212,0.0026014653545596137,0.034750000000000864,ddpg,JPM,2718
clob,0.1144751368183096,0.13726324141546656,0.02322325016008164,0.029393715671212663,ddpg,JPM,2718
auction,0.03185469716798893,0.14380000000000107,0.0020790613160205783,0.027694000000000423,ddpg,JPM,314
clob,0.10938076140360135,0.12956386059932926,0.021988524162624604,0.0268053981877918,ddpg,JPM,314
auction,0.03238912372404294,0.14460000000000162,0.0022030254824716346,0.02571200000000062,ddpg,JPM,42
clob,0.11657442006807558,0.1334411178045415,0.024452178171433,0.02891251774333974,ddpg,JPM,42
auction,0.03519280896686497,0.14360000000000123,0.004077308073773411,0.02795000000000052,ddpg,JPM,577
clob,0.11467773340290899,0.1300019921661196,0.024594585627680146,0.02811169343247384,ddpg,JPM,577
auction,0.034874584932854516,0.14710000000000062,0.0031478937796916477,0.0299390000000004,ddpg,JPM,7
clob,0.11291635519092996,0.1329186004107338,0.022436086518052935,0.027729810297978066,ddpg,JPM,7
auction,0.03413712854508457,0.15210000000000176,0.0026542520404357773,0.030563000000000694,ddpg,JPM,811
clob,0.12839878351562906,0.14509345543714414,0.03038710781189072,0.03432517381884996,ddpg,JPM,811
auction,0.03447738986575371,0.15340000000000129,0.002350775476410239,0.030262000000000667,ddpg,JPM,99
clob,0.11369017970986313,0.13321100199959937,0.022896484055583807,0.028316045624590207,ddpg,JPM,99
auction,0.03929540913687753,0.17079999999999967,0.0035686672120987884,0.03929799999999948,ddpg,MSFT,123
clob,0.11970931759884347,0.14113568088370598,0.031036379116315512,0.039020337620842026,ddpg,MSFT,123
auction,0.03804373834539289,0.1682999999999998,0.003626648976238499,0.03726899999999969,ddpg,MSFT,1618
clob,0.12872091482825943,0.14945774334367382,0.03400614355178131,0.04189642312393243,ddpg,MSFT,1618
auction,0.0383073451296257,0.15370000000000028,0.003884030360455922,0.03436299999999987,ddpg,MSFT,2024
clob,0.12398266976427255,0.14390532535655526,0.03268305483607803,0.04038023581567949,ddpg,MSFT,2024
auction,0.04522889666257177,0.16020000000000179,0.005986934726636465,0.034888000000000315,ddpg,MSFT,2718
clob,0.1346387237502303,0.15782656960566568,0.037544181716118404,0.047646773330551145,ddpg,MSFT,2718
auction,0.0426915859804045,0.14470000000000038,0.005135345547558909,0.030398999999999714,ddpg,MSFT,314
clob,0.12206372731856988,0.1436242880167542,0.03100564017263697,0.039703479986338615,ddpg,MSFT,314
auction,0.042757446548668726,0.15769999999999992,0.004232786153838851,0.034036999999999346,ddpg,MSFT,42
clob,0.12128928413542962,0.14272859636559995,0.030983748711939475,0.03967960541870297,ddpg,MSFT,42
auction,0.03551098021314881,0.16799999999999965,0.004600707710588626,0.039391999999999344,ddpg,MSFT,577
clob,0.11552477560416173,0.13878093138789854,0.03068949037314237,0.039199837292988746,ddpg,MSFT,577
auction,0.04876095879737031,0.14240000000000033,0.006378654524331564,0.029803999999999876,ddpg,MSFT,7
clob,0.14029339618856473,0.1606082348626425,0.043132706184634016,0.052329435333492366,ddpg,MSFT,7
auction,0.04145856135978109,0.14710000000000018,0.004744886413687775,0.031118999999999664,ddpg,MSFT,811
clob,0.14140647190212594,0.1594661090077855,0.04165279791620009,0.05027356598272515,ddpg,MSFT,811
auction,0.039211061546191826,0.1625000000000008,0.00330096433249236,0.037162999999999786,ddpg,MSFT,99
clob,0.125656922972897,0.14749539195223302,0.03368369204166032,0.0415927268611703,ddpg,MSFT,99
auction,0.021697931549606787,0.10199999999999942,0.0010430367926226635,0.014673999999999925,ddpg,PG,123
clob,0.07185617418592592,0.08275991594305926,0.011430522904073355,0.013017502136143545,ddpg,PG,123
auction,0.022036902228007294,0.10229999999999943,0.001054789107519172,0.014668999999999807,ddpg,PG,1618
clob,0.07263298752750408,0.08399822812631114,0.010467396555057778,0.012288921482833807,ddpg,PG,1618
auction,0.026001688490008775,0.1016000000000005,0.0015634906349778648,0.015862000000000064,ddpg,PG,2024
clob,0.08788987037530527,0.09865602447557668,0.018327109487974228,0.01981816569244513,ddpg,PG,2024
auction,0.02370839986703754,0.11030000000000097,0.0012382407881735764,0.017311000000000253,ddpg,PG,2718
clob,0.07720348544045776,0.08984965554267012,0.011606126377026904,0.014041368953898514,ddpg,PG,2718
auction,0.023242246604481407,0.09329999999999938,0.0012092963915071144,0.013638999999999912,ddpg,PG,314
clob,0.07325836197669039,0.08437787186892022,0.011146278457613132,0.012955837410305274,ddpg,PG,314
auction,0.02330684011536455,0.08969999999999939,0.0013364282421258742,0.011362999999999861,ddpg,PG,42
clob,0.07627832157291797,0.0870018208877271,0.011807318257606234,0.013946801166943953,ddpg,PG,42
auction,0.01961124458893895,0.09889999999999911,0.0008007502941252882,0.013500999999999697,ddpg,PG,577
clob,0.07316738752621288,0.08325042157503028,0.011394072159168891,0.012826165629952192,ddpg,PG,577
auction,0.022029340020464826,0.0823999999999992,0.0011404132729211966,0.009907999999999806,ddpg,PG,7
clob,0.06897207966897785,0.08048872593949989,0.009620781539887506,0.011713562721907458,ddpg,PG,7
auction,0.022825995535161278,0.09820000000000047,0.0012031604573559907,0.013979999999999944,ddpg,PG,811
clob,0.08244771443324327,0.09234204266692764,0.015073899978340459,0.01646184265306738,ddpg,PG,811
auction,0.022515477078524936,0.087,0.0010276979391734325,0.011371999999999967,ddpg,PG,99
clob,0.07068173327421146,0.08216220070425857,0.010014139667049298,0.011882771337381139,ddpg,PG,99
auction,0.03313749519335051,0.10379999999999892,0.0025390792144898765,0.020645999999999533,dqn,CAT,123
clob,0.10624033610662387,0.12718595539940986,0.026101487591952962,0.031239124863103346,dqn,CAT,123
auction,0.03118137948865085,0.11489999999999878,0.002060973197708354,0.02259099999999962,dqn,CAT,1618
clob,0.11024790853934667,0.12920804953136927,0.02652848944119812,0.031509265276344865,dqn,CAT,1618
auction,0.037299280526091404,0.10859999999999882,0.003330785370682124,0.022827999999999685,dqn,CAT,2024
clob,0.12103183190305174,0.13800607641351856,0.03188374270409044,0.03638113599425042,dqn,CAT,2024
auction,0.03718107462777113,0.13419999999999999,0.0032126827536540933,0.03229199999999997,dqn,CAT,2718
clob,0.12984130535430521,0.14994150805384016,0.03665107076918308,0.04197281905933264,dqn,CAT,2718
auction,0.03219108753062455,0.12629999999999794,0.0024796056562293722,0.027660999999999644,dqn,CAT,314
clob,0.11522018637134027,0.13348713578177546,0.030925659584565623,0.03532862197282157,dqn,CAT,314
auction,0.02786957293577949,0.11939999999999923,0.001648429001644938,0.023229999999999654,dqn,CAT,42
clob,0.10727290586298313,0.12437746261664533,0.024779495706787964,0.029005559706176846,dqn,CAT,42
auction,0.031156947159209945,0.11809999999999814,0.0021671035157109194,0.02593299999999963,dqn,CAT,577
clob,0.10887542557911127,0.13059554629559242,0.026370530314345407,0.032192311205973295,dqn,CAT,577
auction,0.034648699775637185,0.12469999999999797,0.0036840255227995646,0.02859499999999928,dqn,CAT,7
clob,0.10286394062320639,0.12250548028188858,0.023200628483734186,0.02780729212687993,dqn,CAT,7
auction,0.03444966003768174,0.13439999999999952,0.002553759075801019,0.03244599999999989,dqn,CAT,811
clob,0.11603317676678872,0.13298630327558494,0.028977004095029922,0.03315813211805589,dqn,CAT,811
auction,0.034019810148374366,0.11379999999999807,0.0024654118372240165,0.021769999999999436,dqn,CAT,99
clob,0.11039321643431568,0.12724571538527107,0.02613951014481383,0.03077219581919571,dqn,CAT,99
auction,0.02920095696761557,0.10110000000000081,0.0027792296671715288,0.017027000000000188,dqn,GOOGL,123
clob,0.07786232099314304,0.09688000821618133,0.013186365635479789,0.01732154717009507,dqn,GOOGL,123
auction,0.025373988452226843,0.10250000000000097,0.0014865977261440003,0.015247000000000167,dqn,GOOGL,1618
clob,0.07571002967887443,0.0942747059070223,0.01053854711637341,0.014976960560221107,dqn,GOOGL,1618
auction,0.03171872418259741,0.11240000000000105,0.002570563948655859,0.02134600000000028,dqn,GOOGL,2024
clob,0.09305168790691322,0.11116971316635955,0.018577590633748912,0.022836105660627513,dqn,GOOGL,2024
auction,0.02629974654168548,0.1211000000000011,0.0017508841945828866,0.022881000000000314,dqn,GOOGL,2718
clob,0.08687568620991198,0.10556239813988036,0.013538703580072437,0.018553840466184402,dqn,GOOGL,2718
auction,0.024049004280367717,0.09140000000000124,0.0012566756558189418,0.014618000000000369,dqn,GOOGL,314
clob,0.07561566244792038,0.09555952209956667,0.010242557801761342,0.015341278819696276,dqn,GOOGL,314
auction,0.024573596403781567,0.09000000000000039,0.0014362567385467408,0.01219600000000003,dqn,GOOGL,42
clob,0.08089879889820768,0.09746485858990615,0.013621239552960497,0.01773584222085636,dqn,GOOGL,42
auction,0.027875485472220105,0.09700000000000085,0.003207928827773939,0.015432000000000123,dqn,GOOGL,577
clob,0.07507280295279858,0.0931519836648438,0.01057976308474901,0.014730401220741884,dqn,GOOGL,577
auction,0.026275267077800746,0.10360000000000139,0.0028554900206943915,0.015870000000000387,dqn,GOOGL,7
clob,0.0732572211681205,0.09191589602644216,0.009743434149478458,0.014184830850042232,dqn,GOOGL,7
auction,0.027851567581074023,0.10310000000000055,0.0029167857415618305,0.01850100000000016,dqn,GOOGL,811
clob,0.08763685354320865,0.10603421244509756,0.016864008895593457,0.021375205217595325,dqn,GOOGL,811
auction,0.027548310360424502,0.10360000000000039,0.0016007254928015401,0.01781400000000007,dqn,GOOGL,99
clob,0.07818819919933852,0.09645255581096299,0.010905212962449173,0.015402458700536923,dqn,GOOGL,99
auction,0.03357632301369085,0.1469000000000015,0.0029185981361682656,0.028625000000000584,dqn,JPM,123
clob,0.11282507457339451,0.12917748749739974,0.024083505411143166,0.02813564749774725,dqn,JPM,123
auction,0.033805908379360525,0.14000000000000123,0.0023835286316753563,0.026194000000000564,dqn,JPM,1618
clob,0.11533661062118455,0.13211447750073058,0.024074359479449213,0.02804888715670499,dqn,JPM,1618
auction,0.040653969953552825,0.1346000000000006,0.004613226446858475,0.02673200000000029,dqn,JPM,2024
clob,0.12534417223547606,0.1400820740414974,0.029803394497895958,0.033010379799367946,dqn,JPM,2024
auction,0.03556340368272328,0.16080000000000136,0.0025833701833927174,0.03537800000000057,dqn,JPM,2718
clob,0.11783618677266502,0.13976738854241275,0.025102300090252015,0.030949417356353086,dqn,JPM,2718
auction,0.03227803050132215,0.143700000000001,0.0021131465736685777,0.027905000000000468,dqn,JPM,314
clob,0.10987344224942719,0.1299051007951953,0.022256287089680957,0.027055750707504413,dqn,JPM,314
auction,0.032882457057376524,0.14510000000000145,0.0023601629553729447,0.02581900000000054,dqn,JPM,42
clob,0.11648006527420861,0.13374290276914794,0.024480683931222855,0.029060919831904963,dqn,JPM,42
auction,0.035716142300198456,0.14430000000000118,0.00407689759672084,0.028083000000000472,dqn,JPM,577
clob,0.11505270179303234,0.130350813358545,0.024684816451150237,0.02828737616213967,dqn,JPM,577
auction,0.034004584932854756,0.14960000000000032,0.0033830961561325873,0.031192000000000452,dqn,JPM,7
clob,0.11167086159657721,0.13267370689554375,0.02169719155733076,0.027439250812031593,dqn,JPM,7
auction,0.035028864134020905,0.15580000000000194,0.003079368796257329,0.03201600000000087,dqn,JPM,811
clob,0.133053262784335,0.1498160868774515,0.03429058862506304,0.03788796471736508,dqn,JPM,811
auction,0.03662686335334165,0.15400000000000116,0.0025786416566002364,0.030574000000000708,dqn,JPM,99
clob,0.11615038490909414,0.13486781183486873,0.02405210524579362,0.02924974589957758,dqn,JPM,99
auction,0.0391822419193713,0.17089999999999972,0.0035200581614169167,0.039006999999999396,dqn,MSFT,123
clob,0.11953380209442413,0.1410714929356142,0.030857374509370955,0.03884672370188926,dqn,MSFT,123
auction,0.038034402017662214,0.16910000000000106,0.003578113132736495,0.037701000000000026,dqn,MSFT,1618
clob,0.12869693513078087,0.14941327950227642,0.03411334800480795,0.04205983406932093,dqn,MSFT,1618
auction,0.03926028534834613,0.15450000000000041,0.004564819667785445,0.03504099999999957,dqn,MSFT,2024
clob,0.12283037861298225,0.14310902435310008,0.031866088894811656,0.03973114563646544,dqn,MSFT,2024
auction,0.04412767986918151,0.1591000000000022,0.00493145253589555,0.03456700000000043,dqn,MSFT,2718
clob,0.1355021805215701,0.15851319806554617,0.03825714078224588,0.048321153632218936,dqn,MSFT,2718
auction,0.04158640493571493,0.14630000000000076,0.004693765974482591,0.030958999999999813,dqn,MSFT,314
clob,0.12140309508369773,0.14319240137278239,0.030738634609033016,0.039625151715650724,dqn,MSFT,314
auction,0.04204485813168441,0.15870000000000029,0.004310645743245192,0.03478499999999956,dqn,MSFT,42
clob,0.11955260646331636,0.1414340695760736,0.030303055128074546,0.03905910770540017,dqn,MSFT,42
auction,0.03641431354648219,0.16960000000000075,0.004337724122034304,0.04022799999999975,dqn,MSFT,577
clob,0.11664625060583847,0.1399932082179795,0.03067085689085195,0.03941441785658454,dqn,MSFT,577
auction,0.052110958797370245,0.14400000000000074,0.008033761355544232,0.030951999999999934,dqn,MSFT,7
clob,0.1372082913500801,0.1581391673543617,0.040981041096331806,0.0505549474621703,dqn,MSFT,7
auction,0.0443461192730505,0.14740000000000092,0.005740606590291084,0.031471999999999854,dqn,MSFT,811
clob,0.1464263793458369,0.16393621202597128,0.04462441621565371,0.05319531855750168,dqn,MSFT,811
auction,0.03921951958809157,0.16279999999999997,0.00322418001681809,0.037547999999999644,dqn,MSFT,99
clob,0.12486294434132712,0.14704200293078384,0.033148206394790686,0.0411878455592972,dqn,MSFT,99
auction,0.02213301869381703,0.10089999999999985,0.0010549921361426694,0.014362999999999975,dqn,PG,123
clob,0.07186518874811325,0.08283885707057026,0.01144159868168182,0.013011272380231862,dqn,PG,123
auction,0.021844179787873137,0.10349999999999905,0.0010293347499660307,0.015052999999999747,dqn,PG,1618
clob,0.07287928421020644,0.08440804404881379,0.010625588526508013,0.012471055478086319,dqn,PG,1618
auction,0.02822831621065959,0.09810000000000056,0.002848243490234612,0.014770999999999989,dqn,PG,2024
clob,0.0853522531091245,0.09601736762906896,0.016857489392970434,0.018407258340124067,dqn,PG,2024
auction,0.023232875264686967,0.10830000000000052,0.0011896754552479926,0.01719700000000016,dqn,PG,2718
clob,0.07338145257933616,0.08705000447030463,0.01049287454507624,0.013316006026627183,dqn,PG,2718
auction,0.023149487302082168,0.09359999999999982,0.001197374944537594,0.013567999999999964,dqn,PG,314
clob,0.07369038103019286,0.08491864930643662,0.011301469474465087,0.013133931534991997,dqn,PG,314
auction,0.02285307588997715,0.08799999999999965,0.0012648427657435343,0.011031999999999802,dqn,PG,42
clob,0.07501772669209479,0.08663716490281688,0.011730544904965626,0.014028547473383578,dqn,PG,42
auction,0.02035820643940889,0.0984999999999992,0.0008643155764635375,0.013522999999999792,dqn,PG,577
clob,0.07370898675831092,0.08387734889634185,0.011755791238400735,0.013204601688109835,dqn,PG,577
auction,0.024732053584339622,0.08260000000000002,0.0023971131973059604,0.009957999999999932,dqn,PG,7
clob,0.06891801233993042,0.08042872113019085,0.009373953716548417,0.011507487404655292,dqn,PG,7
auction,0.023724834412459136,0.10510000000000044,0.0013000982031704516,0.015729000000000003,dqn,PG,811
clob,0.08758677821637433,0.09765227196461446,0.017099998344648412,0.018481679921696977,dqn,PG,811
auction,0.023288480810963325,0.08830000000000023,0.0010961270168540831,0.011571000000000048,dqn,PG,99
clob,0.07215143589758838,0.08330379045245918,0.010411108375991008,0.012240664026561973,dqn,PG,99
auction,0.03252906538327222,0.10449999999999872,0.0024288634640267457,0.02043099999999963,sac,CAT,123
clob,0.1059593216530832,0.12701775394288942,0.02584930736553024,0.031067006168255366,sac,CAT,123
auction,0.03113423847565203,0.1138999999999994,0.002016011501391145,0.021914999999999785,sac,CAT,1618
clob,0.1098544149794372,0.1286696935624532,0.026409673867327985,0.03128708843803693,sac,CAT,1618
auction,0.03760572796455607,0.10899999999999803,0.003854741409609234,0.022145999999999444,sac,CAT,2024
clob,0.12036566902641845,0.13745103310582382,0.03134133561196514,0.03588014198330864,sac,CAT,2024
auction,0.035686731934704306,0.13160000000000008,0.003041845543557565,0.03126799999999997,sac,CAT,2718
clob,0.12798975728626197,0.14781049081848002,0.03567513523013571,0.04079742140600152,sac,CAT,2718
auction,0.0319241080939013,0.12489999999999793,0.002348718550229947,0.0271369999999996,sac,CAT,314
clob,0.11395898563086901,0.13256520794723203,0.03025535252312109,0.03471707320343491,sac,CAT,314
auction,0.02921270339910801,0.12049999999999894,0.001873576066745773,0.022954999999999587,sac,CAT,42
clob,0.1082435553627797,0.12519426263091077,0.024909896515815367,0.029127336342414666,sac,CAT,42
auction,0.03176871911156363,0.11939999999999866,0.002209061963313577,0.025811999999999655,sac,CAT,577
clob,0.10938746569692528,0.13034851960480212,0.026401646562154366,0.03208167039194196,sac,CAT,577
auction,0.03298620423327479,0.123099999999998,0.0024228292427809026,0.027548999999999508,sac,CAT,7
clob,0.10414715267815922,0.12340864046544214,0.02389692677593687,0.028292356968407407,sac,CAT,7
auction,0.034399570204719586,0.13299999999999923,0.002480228719678766,0.03155199999999968,sac,CAT,811
clob,0.11571194305499752,0.13230331444449075,0.02869457595850662,0.032799464477574404,sac,CAT,811
auction,0.034106251890915484,0.11379999999999836,0.002542040280401039,0.02148399999999953,sac,CAT,99
clob,0.11021920784488856,0.12703826647615687,0.025967354887353366,0.030594367368820565,sac,CAT,99
auction,0.028297291685113496,0.1028000000000004,0.00241599280498959,0.017696000000000146,sac,GOOGL,123
clob,0.07789394028436986,0.09681757781496973,0.013365347953546491,0.017497518991453596,sac,GOOGL,123
auction,0.025176199039476977,0.10100000000000062,0.0014170017195364159,0.014842000000000093,sac,GOOGL,1618
clob,0.07496562389589773,0.09349972561611733,0.010268073327068557,0.014667254876485757,sac,GOOGL,1618
auction,0.030016315124178194,0.11280000000000097,0.0025306360705416807,0.02071200000000025,sac,GOOGL,2024
clob,0.0946403312022567,0.11209254680983012,0.018715879553225904,0.022813991635002178,sac,GOOGL,2024
auction,0.02575571075137018,0.1234000000000007,0.0017159939273111793,0.024066000000000337,sac,GOOGL,2718
clob,0.08822121522823528,0.10669653460527703,0.014228760343138887,0.019356471632752156,sac,GOOGL,2718
auction,0.023891222076852955,0.09020000000000092,0.001208275107116857,0.014160000000000254,sac,GOOGL,314
clob,0.07506272029928768,0.09466406491061377,0.010014779069499092,0.014975336700873261,sac,GOOGL,314
auction,0.024705159707766596,0.09080000000000123,0.0014546219378840633,0.012560000000000147,sac,GOOGL,42
clob,0.08103694197667359,0.09744151024908479,0.013511190513676174,0.017624571891279972,sac,GOOGL,42
auction,0.02809548547222005,0.09840000000000057,0.0029182298677827706,0.015828000000000154,sac,GOOGL,577
clob,0.07600414929675424,0.093702170069797,0.01077989612887794,0.014892384422517833,sac,GOOGL,577
auction,0.024790780560746354,0.10360000000000123,0.0015460768544348256,0.01596000000000034,sac,GOOGL,7
clob,0.0761682462412836,0.09431957147920614,0.010615568733211981,0.0148569170130107,sac,GOOGL,7
auction,0.026921431720971743,0.10010000000000058,0.0024863388622721107,0.01755100000000008,sac,GOOGL,811
clob,0.08626538557484052,0.10472506281582714,0.016675597877992776,0.020993753355425287,sac,GOOGL,811
auction,0.027717487243840145,0.10260000000000101,0.001640298026181475,0.017846000000000296,sac,GOOGL,99
clob,0.07836901716300947,0.09614960464189495,0.010993389905467383,0.015331633609705938,sac,GOOGL,99
auction,0.03338982195113699,0.14730000000000115,0.0031383810913951475,0.028795000000000615,sac,JPM,123
clob,0.11212879498021701,0.12865727291568677,0.02386474281784276,0.027918524953873942,sac,JPM,123
auction,0.0333085244109647,0.1387000000000013,0.002323609186305176,0.025701000000000595,sac,JPM,1618
clob,0.11473200681320561,0.13149923058519014,0.023662730244359872,0.02765663899922249,sac,JPM,1618
auction,0.03727178397375938,0.13620000000000185,0.0035187662320570645,0.027052000000000753,sac,JPM,2024
clob,0.1271414188586872,0.1416783738266336,0.03119264629081315,0.034086967498242686,sac,JPM,2024
auction,0.03517690800514037,0.15800000000000178,0.002502893507311032,0.03434400000000064,sac,JPM,2718
clob,0.11638134585162381,0.13835946621836348,0.024318119653258963,0.030011950390119613,sac,JPM,2718
auction,0.032118030501322496,0.1405000000000012,0.0021133304421322376,0.026343000000000637,sac,JPM,314
clob,0.10902118408189956,0.12890228453320582,0.02164651898741764,0.026340487719868154,sac,JPM,314
auction,0.032202457057376184,0.14490000000000192,0.0021832188159459707,0.02575300000000074,sac,JPM,42
clob,0.11694711189935057,0.13373168882456887,0.024605287029798795,0.02902721573990624,sac,JPM,42
auction,0.03511324850700857,0.1449000000000012,0.003593034201795205,0.028107000000000465,sac,JPM,577
clob,0.11399235814133746,0.12962678742819608,0.024011933498652382,0.027669233114380107,sac,JPM,577
auction,0.03306324545113694,0.14710000000000018,0.0023796696879458653,0.030103000000000234,sac,JPM,7
clob,0.11215680956125502,0.13287601905227472,0.022191634466578916,0.027722010241109252,sac,JPM,7
auction,0.03523219746735435,0.15210000000000118,0.0028734488137432067,0.030701000000000474,sac,JPM,811
clob,0.12922150459874343,0.1458057594075792,0.031047447311488733,0.03489859958835024,sac,JPM,811
auction,0.03538724009086652,0.15450000000000141,0.002489063740296901,0.030893000000000625,sac,JPM,99
clob,0.11389912482855827,0.13343218387480577,0.022975257036499573,0.028433453194344458,sac,JPM,99
auction,0.03831469797598465,0.17099999999999935,0.003393148494128395,0.03884399999999932,sac,MSFT,123
clob,0.12032493454640435,0.14154883549612804,0.031434506319410735,0.03928800783189603,sac,MSFT,123
auction,0.03689787757785088,0.16720000000000051,0.0032092435598491532,0.036861999999999916,sac,MSFT,1618
clob,0.1278817587255515,0.14869376468906587,0.03368551177354903,0.04157223105764686,sac,MSFT,1618
auction,0.03740322487919904,0.15330000000000052,0.0037321902152809873,0.034102999999999904,sac,MSFT,2024
clob,0.1241263411780376,0.14408790496252302,0.03254041588294761,0.04020216466185028,sac,MSFT,2024
auction,0.04383584166830826,0.15920000000000198,0.0048327959306003615,0.03415400000000034,sac,MSFT,2718
clob,0.13421785329220845,0.1573138290663901,0.03730217185544055,0.04736967090187462,sac,MSFT,2718
auction,0.04252622515081019,0.14480000000000084,0.004883985043234242,0.030091999999999803,sac,MSFT,314
clob,0.12118006323984595,0.142882868704319,0.03074244559039445,0.03949794775690357,sac,MSFT,314
auction,0.04361456221614213,0.15709999999999946,0.004603128622892316,0.03390699999999922,sac,MSFT,42
clob,0.12183477015333725,0.1430100805839103,0.03127718167544251,0.03997920834217097,sac,MSFT,42
auction,0.03662764687981541,0.17080000000000037,0.004384892508922436,0.04040399999999967,sac,MSFT,577
clob,0.11718282644756299,0.14046959595739975,0.030932563515734163,0.03965094130696318,sac,MSFT,577
auction,0.05075009482222605,0.14149999999999988,0.007670424739474058,0.02975899999999965,sac,MSFT,7
clob,0.13863787642733194,0.1589011891903893,0.04166852073255769,0.05103306745633441,sac,MSFT,7
auction,0.04441856135978087,0.1468000000000006,0.006898550166887268,0.030995999999999805,sac,MSFT,811
clob,0.1429438992320993,0.16083797233529726,0.043152009815998156,0.0516725241207579,sac,MSFT,811
auction,0.04058359729922037,0.1621000000000006,0.003646509652833301,0.037146999999999736,sac,MSFT,99
clob,0.1266122042977071,0.14831827947920986,0.03411276635916809,0.04197700270779023,sac,MSFT,99
auction,0.02145129631917694,0.10159999999999908,0.0010201466984672844,0.014599999999999773,sac,PG,123
clob,0.07175248627213544,0.08245034549823693,0.01129785203857986,0.012855330056562208,sac,PG,123
auction,0.021947101213817426,0.10299999999999937,0.0010433415867262092,0.01468199999999988,sac,PG,1618
clob,0.07263996467043851,0.08393445772289768,0.010399707440268835,0.012201450359230639,sac,PG,1618
auction,0.026780498968673898,0.09529999999999998,0.0022398028721590437,0.013846999999999903,sac,PG,2024
clob,0.082048121522313,0.09247099637684107,0.015428311593771489,0.016988262765698415,sac,PG,2024
auction,0.023291733200370767,0.10950000000000071,0.0012009545727232637,0.01727300000000011,sac,PG,2718
clob,0.07816332831496899,0.09052556405440054,0.011903799428870356,0.014344823467020627,sac,PG,2718
auction,0.02317557993781477,0.09129999999999963,0.0011826445913586691,0.012802999999999882,sac,PG,314
clob,0.0719026814767664,0.08318473863921173,0.010729920329446823,0.012504022338785822,sac,PG,314
auction,0.022512998283589932,0.08859999999999996,0.0012737308785276686,0.01100999999999987,sac,PG,42
clob,0.07405950854714954,0.08518545017209027,0.01127066575078426,0.013456531976397472,sac,PG,42
auction,0.01976670285243994,0.10009999999999945,0.0008112903640851713,0.01375899999999979,sac,PG,577
clob,0.07344650796553093,0.0834785674331946,0.011469559013217303,0.012908128164359635,sac,PG,577
auction,0.022612053584339487,0.08259999999999945,0.001272970441778353,0.00997399999999987,sac,PG,7
clob,0.06966278821812136,0.08112973218706722,0.009900434367674342,0.012012511543171518,sac,PG,7
auction,0.023187508581752093,0.09800000000000036,0.0012374861513179238,0.014083999999999956,sac,PG,811
clob,0.08286941236725578,0.09250838760073826,0.015357298217750379,0.016699389693213926,sac,PG,811
auction,0.022675764598262448,0.08740000000000063,0.001055834360753387,0.011508000000000096,sac,PG,99
clob,0.07081881646366268,0.0821448097668625,0.010030913267877601,0.011873391034994558,sac,PG,99
auction,0.03184109767950071,0.10519999999999823,0.002339127604166211,0.02080399999999947,td3,CAT,123
clob,0.10647424901992056,0.12750317794445842,0.026183451537225122,0.031399583458598876,td3,CAT,123
auction,0.03060423847565215,0.11429999999999961,0.001983970652145826,0.02211699999999979,td3,CAT,1618
clob,0.10911915644298512,0.12843272458008084,0.026048120238399183,0.031026033672710385,td3,CAT,1618
auction,0.03678494804903267,0.11229999999999901,0.003984579607040439,0.023448999999999668,td3,CAT,2024
clob,0.12139716376343729,0.13810665037109687,0.03213311829049091,0.03656991401285554,td3,CAT,2024
auction,0.037782390007064064,0.13449999999999956,0.003342255640261868,0.03190899999999976,td3,CAT,2718
clob,0.1297747218495658,0.14960634700557754,0.03641634538488383,0.04162601796296027,td3,CAT,2718
auction,0.03205454081747176,0.12469999999999767,0.002328997555941758,0.026650999999999377,td3,CAT,314
clob,0.11511788545642641,0.1334172048815393,0.030602990723202016,0.03504770435309729,td3,CAT,314
auction,0.028675449569288084,0.12019999999999936,0.0018497251609822408,0.022787999999999656,td3,CAT,42
clob,0.10756002409497199,0.12453206488141805,0.02475341950157812,0.028932970670260433,td3,CAT,42
auction,0.03181538577823012,0.11919999999999828,0.002233448909165561,0.025991999999999557,td3,CAT,577
clob,0.10963561080831678,0.13098376096158745,0.026546479663267702,0.032310162591314036,td3,CAT,577
auction,0.03423923960720201,0.1242999999999979,0.003151098899852773,0.027724999999999465,td3,CAT,7
clob,0.10395402911282801,0.1232448412882394,0.023438112921425013,0.027938010055152288,td3,CAT,7
auction,0.03577297052339045,0.1351999999999992,0.0026815106329097504,0.032503999999999714,td3,CAT,811
clob,0.11694295058054088,0.13370284896667356,0.02930142110308086,0.03346061484713555,td3,CAT,811
auction,0.03395314348170745,0.11619999999999858,0.0024484495597284508,0.022757999999999542,td3,CAT,99
clob,0.11308809525293181,0.1294757179872144,0.026904379983520986,0.03149832750929468,td3,CAT,99
auction,0.027407972896220194,0.1016000000000012,0.0026887629162337945,0.017528000000000245,td3,GOOGL,123
clob,0.07737634643439402,0.09641576900939329,0.013107466452810761,0.017293863512965496,td3,GOOGL,123
auction,0.025256894480345907,0.1039000000000004,0.0014247102717496105,0.015583000000000043,td3,GOOGL,1618
clob,0.07750654816985202,0.09594376115636687,0.011123917844854357,0.01555258881903711,td3,GOOGL,1618
auction,0.02932253318942655,0.11120000000000071,0.0019812576391420858,0.020294000000000166,td3,GOOGL,2024
clob,0.09335901942118749,0.1107556965676367,0.018278587000852525,0.022180432369056712,td3,GOOGL,2024
auction,0.02697486542760102,0.12340000000000029,0.0018874786177694126,0.02425000000000011,td3,GOOGL,2718
clob,0.08807187775360353,0.10651160556265307,0.01411090655744714,0.019271001955164138,td3,GOOGL,2718
auction,0.023606836473701927,0.09060000000000085,0.001194079686206532,0.014424000000000185,td3,GOOGL,314
clob,0.07505692243442703,0.09466130098667425,0.010047145012692858,0.01500980165433927,td3,GOOGL,314
auction,0.024728284301718615,0.09090000000000086,0.001443355365748074,0.012597000000000112,td3,GOOGL,42
clob,0.08100744586031927,0.09739534629351942,0.013467388926172814,0.0175605192220083,td3,GOOGL,42
auction,0.027702152138886563,0.09760000000000073,0.002575493465869072,0.015450000000000148,td3,GOOGL,577
clob,0.07554346095142177,0.09340053315371484,0.010698026785111234,0.014800204570725619,td3,GOOGL,577
auction,0.026338600411134016,0.10220000000000137,0.0037057975823619705,0.015376000000000339,td3,GOOGL,7
clob,0.07275445386061381,0.09140146603048224,0.009745003666343796,0.01410700009434211,td3,GOOGL,7
auction,0.02809348648210022,0.10200000000000127,0.002996325148091013,0.01811800000000039,td3,GOOGL,811
clob,0.08691148164451529,0.10568699997367136,0.016959870493108084,0.021378019678370896,td3,GOOGL,811
auction,0.028047574913595046,0.1015000000000013,0.001628919097548977,0.017369000000000225,td3,GOOGL,99
clob,0.07794378665324775,0.09615831617305062,0.0108713266848451,0.015295745827348568,td3,GOOGL,99
auction,0.033374638764262554,0.14760000000000187,0.0033215585753837494,0.02897800000000076,td3,JPM,123
clob,0.11228465943012107,0.129008748469387,0.023794381847025675,0.027944832638383432,td3,JPM,123
auction,0.03241852441096458,0.13850000000000162,0.0022376481495055833,0.02563500000000063,td3,JPM,1618
clob,0.11449982158346173,0.1313747599311944,0.023577523898427644,0.027588073586898455,td3,JPM,1618
auction,0.03618101032600508,0.13820000000000088,0.002796523057994671,0.027400000000000483,td3,JPM,2024
clob,0.12833770743226058,0.14251396326713522,0.031974737989645716,0.034715860389836165,td3,JPM,2024
auction,0.036356908005140694,0.15880000000000233,0.0026778957847167647,0.03439000000000086,td3,JPM,2718
clob,0.11697350639900478,0.13892859755512704,0.02464960284161886,0.030275850038332486,td3,JPM,2718
auction,0.03200803050132188,0.14190000000000122,0.002082555141770955,0.027063000000000555,td3,JPM,314
clob,0.10940446363988589,0.12949605457064808,0.02196720245715301,0.026697382631996128,td3,JPM,314
auction,0.03267994446299434,0.14570000000000174,0.002353277382212855,0.026149000000000616,td3,JPM,42
clob,0.11565610071588335,0.13310511982716894,0.02412555295727687,0.02874604579703808,td3,JPM,42
auction,0.035852808966865136,0.14330000000000123,0.00347074982242709,0.027773000000000426,td3,JPM,577
clob,0.11561830027097171,0.13067135324127305,0.024696947962539365,0.028193410347396766,td3,JPM,577
auction,0.033217918266187745,0.1489000000000014,0.0024623690085825794,0.03063700000000077,td3,JPM,7
clob,0.1121844451536753,0.1329345052652449,0.02226024790738922,0.027796922663858296,td3,JPM,7
auction,0.03535319015583384,0.15470000000000195,0.0028604994348796903,0.031615000000000774,td3,JPM,811
clob,0.12929051690693072,0.14643536791027822,0.03109917815925519,0.03514378160086321,td3,JPM,811
auction,0.0369563209843118,0.1529000000000013,0.002767399911695319,0.030209000000000766,td3,JPM,99
clob,0.11543931765639255,0.13450019341479605,0.023834187135418614,0.02907171385677803,td3,JPM,99
auction,0.03687898638243374,0.17339999999999972,0.003207912380072889,0.040247999999999465,td3,MSFT,123
clob,0.11831495281939729,0.14018208119154868,0.030418279694826914,0.03854247060136974,td3,MSFT,123
auction,0.03619365631822209,0.16719999999999996,0.003127992243713151,0.036805999999999804,td3,MSFT,1618
clob,0.12821849673299462,0.1490175596011363,0.033802291000025526,0.04168237817816438,td3,MSFT,1618
auction,0.0374998756816846,0.15160000000000007,0.00369766400165283,0.03337799999999973,td3,MSFT,2024
clob,0.12477525124070186,0.14441807664487985,0.03283072464600492,0.04043149214222106,td3,MSFT,2024
auction,0.045106943303293845,0.16140000000000168,0.0051252962032724255,0.03547600000000032,td3,MSFT,2718
clob,0.13596958503137746,0.1589628134060589,0.03824122790520636,0.04834672169693875,td3,MSFT,2718
auction,0.04136622515080985,0.14540000000000103,0.0046450441799428645,0.030329999999999812,td3,MSFT,314
clob,0.120851163767564,0.14270909573749402,0.030535409588443668,0.039345175012401715,td3,MSFT,314
auction,0.041229552555963604,0.16180000000000047,0.003995786396619846,0.03570799999999961,td3,MSFT,42
clob,0.11838943396480428,0.14097401020007147,0.02930711422555845,0.03826542287138335,td3,MSFT,42
auction,0.03616098021314869,0.16820000000000004,0.00423401301030139,0.039073999999999526,td3,MSFT,577
clob,0.11751307298573138,0.14045581573142857,0.030768768388604508,0.03940080065113798,td3,MSFT,577
auction,0.050510300889091725,0.14509999999999987,0.007649279630494027,0.03098899999999966,td3,MSFT,7
clob,0.13761408571683542,0.15870226768345896,0.04146824399746097,0.05101882573017057,td3,MSFT,7
auction,0.04390856135978079,0.14880000000000063,0.006066090532444286,0.031899999999999804,td3,MSFT,811
clob,0.14298145018609765,0.16118541295790817,0.04320008348906615,0.051901214530818925,td3,MSFT,811
auction,0.040817049356559415,0.16070000000000045,0.0036801497041496346,0.0368009999999997,td3,MSFT,99
clob,0.12510478318466392,0.1470086266659494,0.03327276228682781,0.04119817597864156,td3,MSFT,99
auction,0.021485415416104377,0.10099999999999905,0.0010057551956115882,0.014355999999999763,td3,PG,123
clob,0.07220639266061973,0.08292527850459674,0.01153492541688369,0.013055226568994658,td3,PG,123
auction,0.02173755512744374,0.10239999999999892,0.001041096153543881,0.01435399999999973,td3,PG,1618
clob,0.07136061175784941,0.08289064706307923,0.0100985640154379,0.0119181459295329,td3,PG,1618
auction,0.025098746537578657,0.09729999999999972,0.0013641395394966024,0.014200999999999868,td3,PG,2024
clob,0.0858853426895196,0.09611302164220321,0.017090934801024468,0.018523466994820558,td3,PG,2024
auction,0.023908399867037602,0.11130000000000105,0.0012889879202892598,0.017927000000000172,td3,PG,2718
clob,0.0777838615109555,0.09056019975330594,0.011874796820024052,0.01439747418662399,td3,PG,2718
auction,0.023139983807355047,0.09179999999999974,0.0011692486471741124,0.013239999999999941,td3,PG,314
clob,0.07301216604053101,0.08421223080835352,0.011022030162429825,0.012836338008320174,td3,PG,314
auction,0.023632834834981888,0.08949999999999957,0.0013593037190769786,0.011196999999999903,td3,PG,42
clob,0.075662428764753,0.08650815907754889,0.011644713525476464,0.013771359482720019,td3,PG,42
auction,0.020304873106075677,0.09919999999999927,0.0008538688500079658,0.013623999999999786,td3,PG,577
clob,0.07387898761449713,0.08371865750138766,0.011603564404295157,0.013010572623639319,td3,PG,577
auction,0.023197365227913866,0.08339999999999943,0.0013481312862905575,0.010155999999999736,td3,PG,7
clob,0.06938778458903146,0.0809321051651268,0.009853388787990894,0.011971509400422442,td3,PG,7
auction,0.02314868656343827,0.09899999999999988,0.0012521635281744225,0.014277999999999852,td3,PG,811
clob,0.0827864805396651,0.09287403027748782,0.015412805071141978,0.016821677244191764,td3,PG,811
auction,0.023180584043164813,0.08790000000000031,0.0010876041012588611,0.011533000000000017,td3,PG,99
clob,0.0717111444844102,0.08310156191477898,0.010283772001544076,0.012147245939644917,td3,PG,99
auction,0.054522880555282406,0.15060000000000084,0.009242594660311243,0.04090000000000057,ddpg,Synthetic,123
clob,0.19047847682506522,0.19929764312575837,0.10828336618173542,0.1073737168983393,ddpg,Synthetic,123
auction,0.044036375902062753,0.15880000000000036,0.00707445695756324,0.04759999999999996,ddpg,Synthetic,1618
clob,0.15224736817662127,0.16652186793243273,0.05130287967348931,0.056700898577601126,ddpg,Synthetic,1618
auction,0.05386583725817111,0.13990000000000047,0.010098113495374714,0.0343169999999999,ddpg,Synthetic,2024
clob,0.18523450598372537,0.19387098206157943,0.09167517175896309,0.09279373124660442,ddpg,Synthetic,2024
auction,0.04657598888322993,0.16369999999999915,0.006173761197512688,0.04318299999999979,ddpg,Synthetic,2718
clob,0.16930625334029095,0.18349366440159234,0.07088510022902209,0.0768527307369669,ddpg,Synthetic,2718
auction,0.04872633511728474,0.1529999999999998,0.006714564874294323,0.043268000000000105,ddpg,Synthetic,314
clob,0.16514124944628591,0.17858972553906063,0.06318288172093904,0.06808684264114648,ddpg,Synthetic,314
auction,0.0457490467062738,0.14809999999999998,0.005870763852093923,0.038082999999999846,ddpg,Synthetic,42
clob,0.17603793416830757,0.18597076310399313,0.08677460130274929,0.0878137848438564,ddpg,Synthetic,42
auction,0.049625630409200205,0.12919999999999957,0.008007400435599176,0.03579600000000002,ddpg,Synthetic,577
clob,0.17609783311825214,0.18711106962519872,0.08366821980686934,0.08688918001467756,ddpg,Synthetic,577
auction,0.062249709454027566,0.14140000000000097,0.011153392479162765,0.03581200000000001,ddpg,Synthetic,7
clob,0.1902730917363441,0.19927242978252768,0.0858968781824173,0.08853647001045628,ddpg,Synthetic,7
auction,0.048441686213179416,0.1439000000000001,0.008045098362299776,0.03339100000000004,ddpg,Synthetic,811
clob,0.17743547691115122,0.18677048694121157,0.07698565937956312,0.08081530355171125,ddpg,Synthetic,811
auction,0.04354634632659058,0.14549999999999966,0.005979764580842805,0.034514999999999935,ddpg,Synthetic,99
clob,0.1415060571081004,0.15459255851536266,0.050052288497425004,0.0543162231989366,ddpg,Synthetic,99
auction,0.05472357701315012,0.15110000000000054,0.00866751551932106,0.04090700000000041,dqn,Synthetic,123
clob,0.19022729078958558,0.1993531733457603,0.10574164854553496,0.10538808004165384,dqn,Synthetic,123
auction,0.043440554706477924,0.15990000000000062,0.005178836539253436,0.048092999999999976,dqn,Synthetic,1618
clob,0.15241476279361957,0.16685722463826347,0.051530869976105426,0.05697004746196867,dqn,Synthetic,1618
auction,0.05909970382193085,0.13780000000000125,0.012290218168599227,0.03387400000000047,dqn,Synthetic,2024
clob,0.19001567637761885,0.19786301750067978,0.09757621514468452,0.09809732591567785,dqn,Synthetic,2024
auction,0.0484859888832297,0.1643999999999991,0.006923232587045307,0.043581999999999683,dqn,Synthetic,2718
clob,0.16872465630064198,0.18317154951372988,0.06968333402242846,0.07589537149064068,dqn,Synthetic,2718
auction,0.0505348528202114,0.15169999999999956,0.008058631642666871,0.04270900000000009,dqn,Synthetic,314
clob,0.16639765362810638,0.1793953584854591,0.06449223585085019,0.06920307290929988,dqn,Synthetic,314
auction,0.046999046706273535,0.14909999999999993,0.006516235755018395,0.03861300000000008,dqn,Synthetic,42
clob,0.17650551868694772,0.18641628832689897,0.0863140654008207,0.08751405309376739,dqn,Synthetic,42
auction,0.051663272042021625,0.129799999999999,0.009847177018560867,0.03609799999999986,dqn,Synthetic,577
clob,0.17726009377282445,0.1880357507956436,0.08518197368039644,0.08826387835317184,dqn,Synthetic,577
auction,0.064413935376571,0.13980000000000056,0.012891172267342422,0.035365999999999995,dqn,Synthetic,7
clob,0.1882835938588835,0.19733383643669355,0.08664481929896731,0.0890921748328689,dqn,Synthetic,7
auction,0.04903489042638678,0.14200000000000013,0.008295437955156009,0.0327,dqn,Synthetic,811
clob,0.17804187058404278,0.18719384883524268,0.07772529927865451,0.08144159638575175,dqn,Synthetic,811
auction,0.04314276063533962,0.1490999999999998,0.006158163854829073,0.03584699999999997,dqn,Synthetic,99
clob,0.14009921387434326,0.15358133273889218,0.047980900484277667,0.05263442576769549,dqn,Synthetic,99
auction,0.05700830677586662,0.1484000000000007,0.009999589959711178,0.039778000000000494,sac,Synthetic,123
clob,0.19093664383784112,0.19981299349004938,0.10630096355913082,0.10581693978674396,sac,Synthetic,123
auction,0.04316304256872955,0.1585000000000002,0.006876675254453327,0.047496999999999845,sac,Synthetic,1618
clob,0.15203156734196419,0.16634989910259596,0.051142466747778836,0.05656662185436809,sac,Synthetic,1618
auction,0.05920445511667334,0.13820000000000046,0.012558671480970758,0.03357600000000021,sac,Synthetic,2024
clob,0.18951053470875473,0.19746607459708915,0.09753167150958567,0.09802080891414701,sac,Synthetic,2024
auction,0.04817932221656265,0.16389999999999913,0.006789468437146074,0.04334699999999974,sac,Synthetic,2718
clob,0.16857845074441946,0.1830763464512181,0.06958419473243158,0.07578264623891409,sac,Synthetic,2718
auction,0.048414855044179986,0.1528999999999996,0.007028149813760557,0.043107000000000235,sac,Synthetic,314
clob,0.16462329934153636,0.178324871134181,0.062872549274632,0.06782523596225946,sac,Synthetic,314
auction,0.04623238003960699,0.14689999999999967,0.005770588199902017,0.03787499999999986,sac,Synthetic,42
clob,0.17643996248610944,0.18572117542759017,0.08714680334250641,0.08792767666935124,sac,Synthetic,42
auction,0.0499220183404764,0.1290999999999988,0.008150341239020363,0.035752999999999764,sac,Synthetic,577
clob,0.17798015407420884,0.18853217644735476,0.08610196257567654,0.08899429711991153,sac,Synthetic,577
auction,0.0628120325227305,0.1381000000000011,0.012084864817462702,0.034543000000000094,sac,Synthetic,7
clob,0.1924671779970373,0.20108831749169007,0.08975456358953388,0.09184696685407974,sac,Synthetic,7
auction,0.04668791361075959,0.1414000000000001,0.0074389960876886764,0.032494000000000085,sac,Synthetic,811
clob,0.1772329138702037,0.18652859851585962,0.0769771140735826,0.0806982643436524,sac,Synthetic,811
auction,0.045123642137505166,0.1486000000000001,0.006452787556042411,0.03515800000000004,sac,Synthetic,99
clob,0.14152434660945745,0.1548087927424326,0.04880884096490065,0.053339052579840535,sac,Synthetic,99
auction,0.058201640109199856,0.1503000000000004,0.01034827854138664,0.04041900000000029,td3,Synthetic,123
clob,0.19116244091256213,0.20001043040088679,0.10630519267158184,0.10588528296323245,td3,Synthetic,123
auction,0.04294304256872949,0.15790000000000032,0.006764292400666102,0.047292999999999835,td3,Synthetic,1618
clob,0.15189485070824343,0.1659745434122325,0.051108926605764694,0.05646667542630669,td3,Synthetic,1618
auction,0.057114030769856675,0.13650000000000087,0.011712406979689281,0.03335100000000032,td3,Synthetic,2024
clob,0.18918205710442304,0.19688363422944277,0.0971672568486382,0.09757905103908308,td3,Synthetic,2024
auction,0.04866265554989645,0.16539999999999902,0.006914518374436756,0.04395199999999968,td3,Synthetic,2718
clob,0.16868810726330327,0.18325422968753835,0.06941814605681451,0.07567425883853468,td3,Synthetic,2718
auction,0.0471996662266506,0.15289999999999945,0.006388677838050354,0.04331300000000002,td3,Synthetic,314
clob,0.1643626693949805,0.1780580856280158,0.062301766847831834,0.06735439981025565,td3,Synthetic,314
auction,0.04480238003960726,0.14559999999999998,0.005242102567150417,0.037180000000000005,td3,Synthetic,42
clob,0.1745474708050222,0.18429529025645067,0.08373084472432143,0.08509053658034156,td3,Synthetic,42
auction,0.04923660537535479,0.13009999999999902,0.011179989381338542,0.03607499999999988,td3,Synthetic,577
clob,0.17404130927688263,0.18531620093555137,0.0816403202454188,0.08498446569633106,td3,Synthetic,577
auction,0.061565365856063876,0.14090000000000072,0.01089005431662371,0.03548499999999995,td3,Synthetic,7
clob,0.18916771681419295,0.19841200388650068,0.08519130125509579,0.08782518067421874,td3,Synthetic,7
auction,0.04868835287984618,0.14290000000000017,0.007891283190500266,0.033197000000000074,td3,Synthetic,811
clob,0.1782535988790486,0.1872882585065183,0.07773866760618155,0.08146233654095932,td3,Synthetic,811
auction,0.04371397388509339,0.14770000000000005,0.006287463983219992,0.035221,td3,Synthetic,99
clob,0.1394201215849142,0.15287642795683587,0.047437077166796154,0.05210140415655017,td3,Synthetic,99
