episode,pnl,objective,training_return,replay_return,potential_adjustment,market_baseline_adjustment,clob_shaping,auction_shaping,inventory_at_auction_open,terminal_inventory,auction_qty,proposal_schedule_arrival_proposed,proposal_schedule_arrival_accepted,proposal_schedule_arrival_rejected,proposal_schedule_arrival_ineligible,proposal_schedule_cancel_proposed,proposal_schedule_cancel_accepted,proposal_schedule_cancel_rejected,proposal_schedule_cancel_ineligible,proposal_buy_arrival_proposed,proposal_buy_arrival_accepted,proposal_buy_arrival_rejected,proposal_buy_arrival_ineligible,proposal_buy_cancel_proposed,proposal_buy_cancel_accepted,proposal_buy_cancel_rejected,proposal_buy_cancel_ineligible,proposal_sell_arrival_proposed,proposal_sell_arrival_accepted,proposal_sell_arrival_rejected,proposal_sell_arrival_ineligible,proposal_sell_cancel_proposed,proposal_sell_cancel_accepted,proposal_sell_cancel_rejected,proposal_sell_cancel_ineligible,loss_clob,n_grad_steps_clob,learning_rate_clob,actor_learning_rate_clob,grad_norm_clob,actor_loss_clob,loss_auction,n_grad_steps_auction,learning_rate_auction,actor_learning_rate_auction,grad_norm_auction,actor_loss_auction
0,6.724358021776425,6.723218594736644,6.211147343506582,-1.283061929302413,0.0,-7.494209272808996,-0.5120712512278658,0.0,0.3375540015731531,0.3375540015731602,0.0,30.0,30.0,0.0,0.0,0.0,0.0,0.0,0.0,11.0,11.0,0.0,0.0,2.0,2.0,0.0,0.0,5.0,5.0,0.0,0.0,3.0,2.0,0.0,1.0,,,,,,,,,,,,
1,20.40290711192756,19.883016120054098,19.24321841543943,6.033990269613405,0.0,-13.209228145826007,-0.7841049302620036,0.1443072256493729,0.4096533240511775,-7.210346675947456,7.619999999998612,30.0,30.0,0.0,0.0,0.0,0.0,0.0,0.0,8.0,8.0,0.0,0.0,1.0,1.0,0.0,0.0,11.0,11.0,0.0,0.0,2.0,2.0,0.0,0.0,,,,,,,,,,,,
2,-5.622860028255673,-5.672460029280434,-5.771209655265367,-6.540001270760484,0.0,-0.7687916154951125,-0.047243754273893046,-0.05150587171094856,0.2592535135617453,2.227105768138582,-1.9678522545768347,30.0,30.0,0.0,0.0,0.0,0.0,0.0,0.0,9.0,9.0,0.0,0.0,1.0,1.0,0.0,0.0,12.0,12.0,0.0,0.0,2.0,2.0,0.0,0.0,,,,,,,,,,,,
3,20.95875383555489,20.95873459753014,20.758068925721155,-0.3831728315222647,0.0,-21.141241757243414,-0.2041768718084711,0.003511199999999801,0.39386117275358856,0.04386117275361556,0.3499999999999801,30.0,30.0,0.0,0.0,0.0,0.0,0.0,0.0,7.0,7.0,0.0,0.0,2.0,1.0,0.0,1.0,8.0,8.0,0.0,0.0,4.0,4.0,0.0,0.0,,,,,,,,,,,,
4,-1.0,-101.0,-101.0,-101.75782271285108,0.0,-0.7578227128510909,0.0,0.0,100.0,100.0,0.0,30.0,30.0,0.0,0.0,0.0,0.0,0.0,0.0,13.0,13.0,0.0,0.0,1.0,1.0,0.0,0.0,9.0,9.0,0.0,0.0,1.0,1.0,0.0,0.0,,,,,,,,,,,,
5,31.97930042317421,-67.74489565135804,-67.70890004107477,-111.46871870285628,0.0,-43.75981866178153,0.0,0.03599561028331814,100.0,99.86200282115928,0.1379971788407155,30.0,30.0,0.0,0.0,0.0,0.0,0.0,0.0,6.0,6.0,0.0,0.0,1.0,1.0,0.0,0.0,5.0,5.0,0.0,0.0,3.0,3.0,0.0,0.0,,,,,,,,,,,,
6,54.0,-46.0,-46.0,-81.49136607623228,0.0,-35.49136607623228,0.0,0.0,100.0,100.0,0.0,30.0,30.0,0.0,0.0,0.0,0.0,0.0,0.0,6.0,6.0,0.0,0.0,0.0,0.0,0.0,0.0,9.0,9.0,0.0,0.0,3.0,2.0,0.0,1.0,,,,,,,,,,,,
7,-78.4354911899523,-178.44531523025174,-178.44531523025086,-131.70080002903913,0.0,46.744515201211655,0.0,5.984795991800969e-23,100.0,100.00491189951593,-0.004911899515934477,30.0,30.0,0.0,0.0,0.0,0.0,0.0,0.0,8.0,8.0,0.0,0.0,0.0,0.0,0.0,0.0,7.0,7.0,0.0,0.0,2.0,2.0,0.0,0.0,,,,,,,,,,,,
8,5.348588442118853,5.346737477962295,5.205446824660548,-4.872703341498409,0.0,-10.07815016615896,-0.1412906533036562,0.0,0.43022832967602653,0.43022832967600877,0.0,30.0,30.0,0.0,0.0,0.0,0.0,0.0,0.0,9.0,9.0,0.0,0.0,1.0,1.0,0.0,0.0,6.0,6.0,0.0,0.0,1.0,1.0,0.0,0.0,,,,,,,,,,,,
9,30.726902917802363,30.129626524825635,30.204981448281224,3.6636625346972402,0.0,-26.54131891358399,0.0,0.07535492345819557,0.19859385394700269,-7.72836588792695,7.926959741873937,30.0,30.0,0.0,0.0,0.0,0.0,0.0,0.0,13.0,13.0,0.0,0.0,3.0,3.0,0.0,0.0,7.0,7.0,0.0,0.0,1.0,0.0,0.0,1.0,,,,,,,,,,,,
10,28.982263492476704,17.41271314856563,17.399233710798477,6.904216479771323,2.6645352591003757e-15,-10.495017231027164,0.0,-0.013479437767314324,36.40417819959524,34.01404172383969,2.3901364757555412,30.0,30.0,0.0,0.0,0.0,0.0,0.0,0.0,6.0,6.0,0.0,0.0,1.0,1.0,0.0,0.0,10.0,10.0,0.0,0.0,2.0,2.0,0.0,0.0,,,,,,,,,,,,
11,15.087307189037746,15.084854171367585,15.087487833865426,-6.834496418738197,0.0,-21.92198425260363,0.0,0.0026336624999997436,0.6827794837423653,0.49527948374236885,0.18749999999998934,30.0,30.0,0.0,0.0,0.0,0.0,0.0,0.0,6.0,6.0,0.0,0.0,2.0,0.0,0.0,2.0,7.0,7.0,0.0,0.0,2.0,2.0,0.0,0.0,,,,,,,,,,,,
12,9.586162620027608,7.15335793985454,7.115958262543035,3.465282854729649,0.0,-3.6506754078133863,-0.03739967731153904,0.0,15.597450689689865,15.597450689689863,0.0,30.0,30.0,0.0,0.0,0.0,0.0,0.0,0.0,10.0,10.0,0.0,0.0,1.0,1.0,0.0,0.0,10.0,10.0,0.0,0.0,3.0,3.0,0.0,0.0,,,,,,,,,,,,
13,18.532767559176136,-36.339816511469984,-36.31060316645711,-38.86114178422366,0.0,-2.5505386177664917,0.0,0.029213345013322296,75.79566594264936,74.0760312588668,1.7196346837825645,30.0,30.0,0.0,0.0,0.0,0.0,0.0,0.0,11.0,11.0,0.0,0.0,0.0,0.0,0.0,0.0,7.0,7.0,0.0,0.0,2.0,2.0,0.0,0.0,,,,,,,,,,,,
14,1.5068330629765114,1.4251967302939028,0.6408503357936528,-2.8583717580343,0.0,-3.4992220938279526,-0.6716050447203656,-0.11274134978126486,0.915457919600172,2.8572072497914576,-1.9417493301912674,30.0,30.0,0.0,0.0,0.0,0.0,0.0,0.0,7.0,7.0,0.0,0.0,2.0,2.0,0.0,0.0,7.0,7.0,0.0,0.0,1.0,1.0,0.0,0.0,,,,,,,,,,,,
15,-26.45695776103872,-27.65238818670927,-27.67788429616219,1.5915736813012313,0.0,29.269457977463425,-0.02591991945371319,0.00042380999999961456,11.016768347717658,10.933574098484682,0.0831942492329764,30.0,30.0,0.0,0.0,0.0,0.0,0.0,0.0,8.0,8.0,0.0,0.0,3.0,3.0,0.0,0.0,4.0,4.0,0.0,0.0,3.0,1.0,0.0,2.0,,,,,,,,,,,,
16,3.4431791807637637,3.439093567901255,3.4390935678983823,6.189998608875537,0.0,2.750905040977151,0.0,0.0,0.6391879897579855,0.6391879897580006,0.0,30.0,30.0,0.0,0.0,0.0,0.0,0.0,0.0,7.0,7.0,0.0,0.0,0.0,0.0,0.0,0.0,10.0,10.0,0.0,0.0,0.0,0.0,0.0,0.0,,,,,,,,,,,,
17,29.44602025763743,27.593717901954317,23.174459563487396,-11.168867499072753,0.0,-34.34332706256017,-4.570182100970101,0.15092376250148148,0.20256849508888308,-13.609931504908879,13.81249999999774,30.0,30.0,0.0,0.0,0.0,0.0,0.0,0.0,10.0,10.0,0.0,0.0,2.0,2.0,0.0,0.0,6.0,6.0,0.0,0.0,3.0,2.0,0.0,1.0,,,,,,,,,,,,
18,8.677943055781725,8.518948233466599,8.174675798464227,13.589364323539813,0.0,5.414688525075573,-0.2663408846032098,-0.0779315504005623,0.47741548267921985,3.987415482679545,-3.5100000000003178,30.0,30.0,0.0,0.0,0.0,0.0,0.0,0.0,7.0,7.0,0.0,0.0,1.0,1.0,0.0,0.0,11.0,11.0,0.0,0.0,2.0,2.0,0.0,0.0,,,,,,,,,,,,
19,-5.884005993512401,-5.884025940857264,-6.098805866993048,-9.440981917772204,0.0,-3.3421760507791585,-0.21883235613572083,0.004052430000000154,0.31533754948159753,-0.04466245051838236,0.3599999999999923,30.0,30.0,0.0,0.0,0.0,0.0,0.0,0.0,10.0,10.0,0.0,0.0,0.0,0.0,0.0,0.0,14.0,14.0,0.0,0.0,2.0,2.0,0.0,0.0,,,,,,,,,,,,
20,-13.0,-113.0,-113.0,-108.36349113146267,0.0,4.636508868537329,0.0,0.0,100.0,100.0,0.0,30.0,30.0,0.0,0.0,0.0,0.0,0.0,0.0,8.0,8.0,0.0,0.0,0.0,0.0,0.0,0.0,10.0,10.0,0.0,0.0,0.0,0.0,0.0,0.0,,,,,,,,,,,,
21,10.769000000000233,-81.67922500000154,-81.6584070068353,-90.56980730893106,0.0,-8.911400302095808,0.0,0.020817993166367673,100.0,96.15000000000092,3.849999999999085,30.0,30.0,0.0,0.0,0.0,0.0,0.0,0.0,8.0,8.0,0.0,0.0,1.0,1.0,0.0,0.0,12.0,12.0,0.0,0.0,0.0,0.0,0.0,0.0,,,,,,,,,,,,
22,-99.62750000000051,-236.40052499999862,-236.44543884945926,-195.39728731152786,0.0,41.0481515379314,0.0,-0.04491384946198148,100.0,116.94999999999919,-16.949999999999186,30.0,30.0,0.0,0.0,0.0,0.0,0.0,0.0,7.0,7.0,0.0,0.0,0.0,0.0,0.0,0.0,7.0,7.0,0.0,0.0,3.0,3.0,0.0,0.0,,,,,,,,,,,,
23,18.566990779790505,-81.53257297977774,-81.53257297977922,-96.14729237945959,0.0,-14.614719399680393,0.0,0.0,100.0,100.04976949477107,-0.049769494771074445,30.0,30.0,0.0,0.0,0.0,0.0,0.0,0.0,9.0,9.0,0.0,0.0,2.0,1.0,0.0,1.0,12.0,12.0,0.0,0.0,1.0,1.0,0.0,0.0,,,,,,,,,,,,
24,-2.9113895550035522,-2.913861099701631,-2.9138610997001706,-3.8482739298896664,1.734723475976807e-18,-0.934412830189498,0.0,0.0,0.4971463263546241,0.4971463263546365,0.0,30.0,30.0,0.0,0.0,0.0,0.0,0.0,0.0,11.0,11.0,0.0,0.0,0.0,0.0,0.0,0.0,9.0,9.0,0.0,0.0,1.0,1.0,0.0,0.0,,,,,,,,,,,,
25,17.04660660731497,12.670506058277663,12.670506058279472,3.0938272248153504,0.0,-9.576678833464127,0.0,0.0,20.91913131331536,20.91913131331535,0.0,30.0,30.0,0.0,0.0,0.0,0.0,0.0,0.0,10.0,10.0,0.0,0.0,2.0,1.0,0.0,1.0,11.0,11.0,0.0,0.0,0.0,0.0,0.0,0.0,,,,,,,,,,,,
26,14.779727316134085,-17.639043201150585,-17.6779420978676,-25.826992797543962,0.0,-8.149050699676343,0.0,-0.03889889671421086,53.49248371440687,56.93748371440792,-3.4450000000010235,30.0,30.0,0.0,0.0,0.0,0.0,0.0,0.0,12.0,12.0,0.0,0.0,3.0,3.0,0.0,0.0,8.0,8.0,0.0,0.0,4.0,4.0,0.0,0.0,,,,,,,,,,,,
27,-8.301385269639068,-8.30140985304225,-9.96922034741982,0.19851149213736458,-1.3877787807814457e-17,10.167731839557192,-1.6696104943774452,0.0017999999999992156,0.16958165303998385,0.04958165303998996,0.11999999999997613,30.0,30.0,0.0,0.0,0.0,0.0,0.0,0.0,10.0,10.0,0.0,0.0,3.0,3.0,0.0,0.0,8.0,8.0,0.0,0.0,1.0,1.0,0.0,0.0,,,,,,,,,,,,
28,-40.84045411482293,-40.84050320996126,-41.18629068669034,6.477347210869839,0.0,47.66363789756018,-0.34578747673091215,0.0,0.07006792299522147,0.0700679229952006,0.0,30.0,30.0,0.0,0.0,0.0,0.0,0.0,0.0,6.0,6.0,0.0,0.0,0.0,0.0,0.0,0.0,11.0,11.0,0.0,0.0,2.0,2.0,0.0,0.0,,,,,,,,,,,,
29,13.829805175548245,-9.071162314078265,-8.966003389318253,-17.52879531768113,3.552713678800501e-15,-8.562791928362879,0.0,0.10515892476005469,49.46495532296272,47.8549553229616,1.610000000001122,30.0,30.0,0.0,0.0,0.0,0.0,0.0,0.0,6.0,6.0,0.0,0.0,2.0,2.0,0.0,0.0,11.0,11.0,0.0,0.0,3.0,3.0,0.0,0.0,,,,,,,,,,,,
30,0.8448005300633668,0.039760177052714285,-0.1681259310265909,5.641151932658626,0.0,5.8092778636852165,-0.11058263962593173,-0.097303468453804,0.22990409818171997,8.97240409818156,-8.742499999999854,30.0,30.0,0.0,0.0,0.0,0.0,0.0,0.0,5.0,5.0,0.0,0.0,3.0,3.0,0.0,0.0,9.0,9.0,0.0,0.0,1.0,1.0,0.0,0.0,,,,,,,,,,,,
31,-14.679449059577165,-14.681125243962827,-14.864864474182102,-2.0982923312554336,0.0,12.76657214292668,-0.18998048022177727,0.0062412499999996455,0.26631251650331933,-0.4094123087624163,0.6757248252657356,30.0,30.0,0.0,0.0,0.0,0.0,0.0,0.0,5.0,5.0,0.0,0.0,2.0,1.0,0.0,1.0,9.0,9.0,0.0,0.0,1.0,1.0,0.0,0.0,,,,,,,,,,,,
32,-4.6292878051363076,-7.2230842579487895,-7.3284316176847355,-1.8718332293599393,0.0,5.456598388324801,-0.10519749473132833,-0.0001498650000000767,16.075844851250082,16.10526762526001,-0.029422774009898484,30.0,30.0,0.0,0.0,0.0,0.0,0.0,0.0,9.0,9.0,0.0,0.0,2.0,2.0,0.0,0.0,7.0,7.0,0.0,0.0,1.0,1.0,0.0,0.0,16.511026640196103,37.0,0.00023447058520450825,0.00023447058520450825,3.770037116231145,0.2217385373595688,1.341336727142334,30.0,0.00023447058520450825,0.00023447058520450825,1.1434913297494254,0.0001646519328157107
33,11.274551682207559,11.272429840941703,11.27255466594102,8.882275937148211,0.0,-2.390278728792821,0.0,0.0001248249999999929,0.47289976065714256,0.46063448262755874,0.012265278029567837,30.0,30.0,0.0,0.0,0.0,0.0,0.0,0.0,12.0,12.0,0.0,0.0,1.0,1.0,0.0,0.0,7.0,7.0,0.0,0.0,3.0,2.0,0.0,1.0,14.042919868376197,41.0,0.00023267171427506018,0.00023267171427506018,4.118108179511093,0.12742373453719275,1.1365834241112074,30.0,0.00023267171427506018,0.00023267171427506018,1.123876656095187,0.008540342934429646
34,12.435992197516637,-17.40265413166268,-17.41285811166006,-26.138295716697453,0.0,-8.725437605037387,0.0,-0.010203979999998005,53.90976208568723,54.624762085687216,-0.7150000000000105,30.0,30.0,0.0,0.0,0.0,0.0,0.0,0.0,8.0,8.0,0.0,0.0,2.0,2.0,0.0,0.0,8.0,8.0,0.0,0.0,2.0,1.0,0.0,1.0,14.344937287844145,39.0,0.00023088664438004886,0.00023088664438004886,4.404534691419357,-0.250391471934946,1.5559362858533858,30.0,0.00023088664438004886,0.00023088664438004886,1.4758341958125432,0.011697991037120421
35,21.86274140162999,5.317729870623101,5.319330670620641,-2.388588522146674,0.0,-7.707919192767311,0.0,0.0016008000000002536,40.79308540581502,40.67555965319578,0.11752575261924829,30.0,30.0,0.0,0.0,0.0,0.0,0.0,0.0,11.0,11.0,0.0,0.0,1.0,1.0,0.0,0.0,10.0,10.0,0.0,0.0,0.0,0.0,0.0,0.0,13.651527781819189,43.0,0.00022911526963719647,0.00022911526963719647,4.625319090000419,-0.31772641837596893,1.097697655359904,30.0,0.00022911526963719647,0.00022911526963719647,1.2869361837704976,0.0006963790549586216
36,6.538100612877213,2.0512349526462295,1.7624532631351286,12.763158161271495,0.0,11.00070489813637,-0.2905809695128596,0.0017992800000000673,21.360044823028034,21.182222877287888,0.17782194574016041,30.0,30.0,0.0,0.0,0.0,0.0,0.0,0.0,8.0,8.0,0.0,0.0,0.0,0.0,0.0,0.0,8.0,8.0,0.0,0.0,2.0,2.0,0.0,0.0,13.343939531933177,44.0,0.00022735748497655967,0.00022735748497655967,4.071367632259022,-0.279786424880678,1.3510445440808931,30.0,0.00022735748497655967,0.00022735748497655967,1.3552896370490393,0.009718891233205795
37,26.31952421875269,25.16495011227877,25.16610597727713,15.77124547488331,1.7763568394002505e-15,-9.394860502393843,0.0,0.0011558649999997678,10.860111011403802,10.745111011403841,0.11499999999997712,30.0,30.0,0.0,0.0,0.0,0.0,0.0,0.0,8.0,8.0,0.0,0.0,2.0,2.0,0.0,0.0,9.0,9.0,0.0,0.0,1.0,0.0,0.0,1.0,13.282783206628293,49.0,0.0002256131861342975,0.0002256131861342975,4.136039383557378,-0.24714567884802818,1.091893137494723,30.0,0.0002256131861342975,0.0002256131861342975,1.2369467347860337,-0.039471055412044126
38,-10.605845345226422,-18.986736652442694,-19.714106262850727,-22.533383123419263,0.0,-2.8192768605685465,-0.7050545604097636,-0.022315049999998456,25.642269096171674,28.949769096171163,-3.307499999999518,30.0,30.0,0.0,0.0,0.0,0.0,0.0,0.0,10.0,10.0,0.0,0.0,1.0,1.0,0.0,0.0,13.0,13.0,0.0,0.0,0.0,0.0,0.0,0.0,12.627232038057768,39.0,0.00022388226964648665,0.00022388226964648665,3.946854456877097,-0.18347192890942096,1.2176117281119028,30.0,0.00022388226964648665,0.00022388226964648665,1.5631335119406382,-0.037496809971829255
39,-37.24002835762476,-37.240870585729,-37.22621533301078,9.667594119006726,0.0,46.89380945201747,-0.006024987281520566,0.020680240000001095,0.37478833513482357,-0.2902116648649766,0.6649999999998144,30.0,30.0,0.0,0.0,0.0,0.0,0.0,0.0,12.0,12.0,0.0,0.0,3.0,3.0,0.0,0.0,9.0,9.0,0.0,0.0,0.0,0.0,0.0,0.0,14.928490301457847,41.0,0.00022216463284298457,0.00022216463284298457,5.020358242639682,-0.04330038914922625,1.1239469602704049,30.0,0.0002221646328429846,0.0002221646328429846,1.647928810119629,-0.06728502148762346
40,26.96270062427463,26.935398366434068,26.949300931435886,15.823139296608666,0.0,-11.126161634827229,0.0,0.013902564999997931,3.235946204405508,1.6523394881367133,1.5836067162687764,30.0,30.0,0.0,0.0,0.0,0.0,0.0,0.0,15.0,15.0,0.0,0.0,1.0,1.0,0.0,0.0,12.0,12.0,0.0,0.0,4.0,4.0,0.0,0.0,11.533549267312754,46.0,0.0002204601738413398,0.0002204601738413398,4.5842149879621426,-0.05175551549410042,1.0112316330273947,30.0,0.0002204601738413398,0.0002204601738413398,1.2383869250615438,-0.1002216536551714
41,2.666538134944858,-8.080636663424182,-7.998441376949531,-5.712332803596698,0.0,2.286108573352832,0.0,0.08219528647688981,36.79156830135672,32.78288394630503,4.00868435505172,30.0,30.0,0.0,0.0,0.0,0.0,0.0,0.0,11.0,11.0,0.0,0.0,0.0,0.0,0.0,0.0,12.0,12.0,0.0,0.0,3.0,3.0,0.0,0.0,12.593283543219933,39.0,0.00021876879154074825,0.00021876879154074825,5.016730015094463,0.05291641007643193,1.1830122763911883,30.0,0.00021876879154074825,0.00021876879154074825,1.572900469104449,-0.1082446664571762
42,13.555303157914633,13.463658300219018,13.432189525217463,10.16648957885143,0.0,-3.2656999463660363,0.0,-0.03146877500000008,0.65479016936969,3.0272901693695395,-2.372499999999839,30.0,30.0,0.0,0.0,0.0,0.0,0.0,0.0,8.0,8.0,0.0,0.0,2.0,2.0,0.0,0.0,5.0,5.0,0.0,0.0,1.0,1.0,0.0,0.0,13.471052959047515,29.0,0.00021709038561605672,0.00021709038561605672,5.245303647271518,-0.05508245434612036,0.7789801662166913,30.0,0.00021709038561605672,0.00021709038561605672,1.3182953317960104,-0.12370390680929025
43,-26.41406133674957,-44.58565042901333,-44.557028330740415,-22.025013710018538,0.0,22.532014620721878,-0.009115749227987635,0.037737847500003606,45.565646912884056,42.628146912883466,2.9375000000005933,30.0,30.0,0.0,0.0,0.0,0.0,0.0,0.0,8.0,8.0,0.0,0.0,2.0,2.0,0.0,0.0,9.0,9.0,0.0,0.0,0.0,0.0,0.0,0.0,11.934184670448303,44.0,0.00021542485651181197,0.00021542485651181197,5.832704787904566,-0.08153623664243655,0.8297793467839559,30.0,0.00021542485651181197,0.00021542485651181197,1.2086653739213944,-0.14462961380680403
44,20.95799293988182,20.310737284948917,20.337614247444126,10.16898789732693,8.881784197001252e-16,-10.168626350117203,0.0,0.026876962500002412,10.68171978763344,8.045220040079101,2.6364997475543475,30.0,30.0,0.0,0.0,0.0,0.0,0.0,0.0,12.0,12.0,0.0,0.0,0.0,0.0,0.0,0.0,5.0,5.0,0.0,0.0,2.0,2.0,0.0,0.0,14.128647757739556,41.0,0.00021377210543635568,0.00021377210543635568,6.369908989929572,-0.11396578515303277,1.090661949912707,30.0,0.00021377210543635568,0.00021377210543635568,1.623918464779854,-0.18964667866627374
45,31.271340431516233,31.127616572599322,31.121597372598703,22.160567871046844,4.440892098500626e-16,-8.961029501551858,0.0,-0.006019199999999652,3.311202702940264,3.7910929679567587,-0.47989026501648385,30.0,30.0,0.0,0.0,0.0,0.0,0.0,0.0,10.0,10.0,0.0,0.0,0.0,0.0,0.0,0.0,11.0,11.0,0.0,0.0,0.0,0.0,0.0,0.0,13.25295082298485,37.0,0.00021213203435596428,0.00021213203435596428,6.306816951648609,0.043651367641157575,0.8007664690415065,30.0,0.00021213203435596425,0.00021213203435596425,1.2500724037488302,-0.21423272987206776
46,-29.443487196558635,-31.993403666527822,-32.42565813097319,-3.843600606866728,0.0,28.582057524106457,-0.6472334167011979,0.21497895225534838,30.455957877858566,15.968457877857798,14.487500000000775,30.0,30.0,0.0,0.0,0.0,0.0,0.0,0.0,11.0,11.0,0.0,0.0,0.0,0.0,0.0,0.0,10.0,10.0,0.0,0.0,1.0,1.0,0.0,0.0,11.965446027119954,45.0,0.00021050454598903418,0.00021050454598903418,6.089549748102824,0.04409055982756874,1.161464116970698,30.0,0.00021050454598903415,0.00021050454598903415,2.000819146633148,-0.16976769169171652
47,-13.69172372842877,-24.62782129779981,-24.42114580566878,-7.104238196709533,0.0,17.316907608959255,0.0,0.2066754921283933,41.12523160787018,33.06977104452197,8.055460563348207,30.0,30.0,0.0,0.0,0.0,0.0,0.0,0.0,10.0,10.0,0.0,0.0,0.0,0.0,0.0,0.0,9.0,9.0,0.0,0.0,3.0,3.0,0.0,0.0,12.47814446145838,44.0,0.0002088895438003116,0.0002088895438003116,6.573302241888913,0.0957479970106347,0.8355457961559296,30.0,0.0002088895438003116,0.0002088895438003116,1.419129995505015,-0.23971128165721894
48,-30.43765716186317,-49.1283180509725,-49.119933686315775,-20.661391985477085,0.0,28.458541700838687,-0.20880725996889993,0.21719162462545805,54.052696988633315,43.232696988632725,10.820000000000604,30.0,30.0,0.0,0.0,0.0,0.0,0.0,0.0,8.0,8.0,0.0,0.0,3.0,1.0,0.0,2.0,9.0,9.0,0.0,0.0,3.0,3.0,0.0,0.0,12.292937186456495,31.0,0.0002072869319951664,0.0002072869319951664,6.887095497500512,0.03309300839900971,0.9309098015228907,30.0,0.0002072869319951664,0.0002072869319951664,1.5872496008872985,-0.21839898029963176
49,2.035655319665471,1.7480470886396349,1.8087603637333134,6.4488543443048485,0.0,4.640093980571535,-0.006661852409507674,0.06737512749999465,0.6095881880649756,-5.362911811934225,5.9724999999991795,30.0,30.0,0.0,0.0,0.0,0.0,0.0,0.0,9.0,9.0,0.0,0.0,2.0,2.0,0.0,0.0,7.0,7.0,0.0,0.0,1.0,1.0,0.0,0.0,13.413561749458314,40.0,0.0002056966155139099,0.0002056966155139099,7.027065044641494,0.1002769950311631,1.1584388196468354,30.0,0.0002056966155139099,0.0002056966155139099,2.015727241834005,-0.2148574491341909
50,15.643824588301694,14.749842819077251,14.810590433062886,5.615165744786498,0.0,-9.195424688276388,-0.021618278510118216,0.08236589250000194,0.11643055475948927,-9.455060915850531,9.571491470610065,30.0,30.0,0.0,0.0,0.0,0.0,0.0,0.0,6.0,6.0,0.0,0.0,2.0,2.0,0.0,0.0,11.0,11.0,0.0,0.0,2.0,2.0,0.0,0.0,11.339140920639037,50.0,0.0002041185000261565,0.0002041185000261565,7.244035301208496,-0.08676462806761265,1.10104007050395,30.0,0.0002041185000261565,0.0002041185000261565,2.1480286449193953,-0.1936922868092855
51,11.588498575878475,4.452197228758543,4.473333857345341,-4.677373486696062,0.0,-9.1507073440414,-0.1602709065889485,0.18140753517555702,40.720330670844135,26.713856604990475,14.00647406585366,30.0,30.0,0.0,0.0,0.0,0.0,0.0,0.0,6.0,6.0,0.0,0.0,2.0,2.0,0.0,0.0,6.0,6.0,0.0,0.0,1.0,1.0,0.0,0.0,11.054403430537173,38.0,0.0002025524919252285,0.0002025524919252285,7.369840722335012,0.009528307293198611,0.9435916731754939,30.0,0.0002025524919252285,0.0002025524919252285,1.493101923664411,-0.20943831702073415
52,13.958260806921942,13.168674864775381,13.255095409774516,8.984812627233469,0.0,-4.2702827825410505,0.0,0.08642054499999698,14.259747623740878,8.885864854624788,5.373882769116104,30.0,30.0,0.0,0.0,0.0,0.0,0.0,0.0,9.0,9.0,0.0,0.0,1.0,1.0,0.0,0.0,7.0,7.0,0.0,0.0,2.0,1.0,0.0,1.0,11.370680154756059,43.0,0.00020099849832260343,0.00020099849832260343,6.734501189963762,-0.16312202243981036,0.8537053282062212,30.0,0.0002009984983226034,0.0002009984983226034,1.3964795410633086,-0.20147097433606784
53,38.041620179213496,37.833811507702904,37.89537138169317,2.3075523390030916,0.0,-35.58781904269007,-0.039411243514223315,0.10097111749999325,14.228603640486,4.558603640486751,9.669999999999241,30.0,30.0,0.0,0.0,0.0,0.0,0.0,0.0,7.0,7.0,0.0,0.0,1.0,1.0,0.0,0.0,11.0,11.0,0.0,0.0,2.0,2.0,0.0,0.0,11.116465703300808,46.0,0.0001994564270424047,0.0001994564270424047,7.2964993611626,-0.23704763971593068,0.7641122579574585,30.0,0.00019945642704240473,0.00019945642704240473,1.472420937816302,-0.25922664801279705
54,18.77654419535611,16.31053755560684,16.52931426374666,3.6371189441027667,0.0,-12.892195319643886,-0.006806360447285442,0.2255830685869928,32.3860239349287,15.703523934930246,16.682499999998463,30.0,30.0,0.0,0.0,0.0,0.0,0.0,0.0,5.0,5.0,0.0,0.0,1.0,1.0,0.0,0.0,6.0,6.0,0.0,0.0,1.0,1.0,0.0,0.0,10.6946457471603,39.0,0.00019792618661593412,0.00019792618661593412,6.734165851886456,-0.32442052191809606,1.0245034818847973,30.0,0.00019792618661593412,0.00019792618661593412,1.8106646438439686,-0.22295470933119457
55,24.40878368819176,23.794140869085926,23.934589210003438,8.235368852333748,0.0,-15.699220357669697,-0.009614112160761579,0.1500624530780934,20.109915937724182,7.839915937724307,12.269999999999875,30.0,30.0,0.0,0.0,0.0,0.0,0.0,0.0,10.0,10.0,0.0,0.0,1.0,1.0,0.0,0.0,12.0,12.0,0.0,0.0,2.0,2.0,0.0,0.0,11.16300499148485,41.0,0.00019640768627624596,0.00019640768627624596,7.249491662513919,-0.33764335087367464,0.8177677502234777,30.0,0.000196407686276246,0.000196407686276246,1.4370285014311472,-0.25466953416665394
56,16.88299265758542,16.80369482382168,17.031529222437857,6.51367490169852,0.0,-10.517854320739337,0.0,0.22783439861589347,24.613487105152387,2.8159871051504872,21.797500000001904,30.0,30.0,0.0,0.0,0.0,0.0,0.0,0.0,5.0,5.0,0.0,0.0,1.0,0.0,0.0,1.0,6.0,6.0,0.0,0.0,0.0,0.0,0.0,0.0,10.238966013255872,38.0,0.0001949008359527637,0.0001949008359527637,7.091324040764256,-0.3177631167989028,0.8956950118144353,30.0,0.0001949008359527637,0.0001949008359527637,1.6389102856318156,-0.23522906402746838
57,18.43307302109679,15.123844927856586,15.351492519226664,1.6719800667152835,-3.552713678800501e-15,-13.679512452511378,0.0,0.22764759137269686,38.04951951198304,18.191283883333256,19.858235628649787,30.0,30.0,0.0,0.0,0.0,0.0,0.0,0.0,4.0,4.0,0.0,0.0,1.0,1.0,0.0,0.0,7.0,7.0,0.0,0.0,2.0,2.0,0.0,0.0,9.578349443582388,39.0,0.00019340554626593685,0.00019340554626593685,6.663107242339697,-0.3757503128757602,0.9186808710296949,30.0,0.00019340554626593685,0.00019340554626593685,1.8310827533404033,-0.27948646545410155
58,27.28525754403927,17.939393274002924,17.991691884876417,7.756062565065295,1.7763568394002505e-15,-10.235629319811126,-0.050845265173791176,0.10314387604871038,44.113147494537834,30.571006313231408,13.542141181306443,30.0,30.0,0.0,0.0,0.0,0.0,0.0,0.0,12.0,12.0,0.0,0.0,1.0,1.0,0.0,0.0,6.0,6.0,0.0,0.0,1.0,0.0,0.0,1.0,10.16635525226593,48.0,0.0001919217285219398,0.0001919217285219398,6.783481910824776,-0.20225707410524288,0.9211975644032161,30.0,0.0001919217285219398,0.0001919217285219398,2.0501823325951896,-0.30881958703200024
59,3.3444803259717446,2.921457163830601,3.0080067721597805,8.528737489153187,0.0,5.520730716993405,-0.001421621776870552,0.08797123010517612,7.031035354520597,6.5040230791498885,0.5270122753707067,30.0,30.0,0.0,0.0,0.0,0.0,0.0,0.0,9.0,9.0,0.0,0.0,1.0,1.0,0.0,0.0,7.0,7.0,0.0,0.0,1.0,1.0,0.0,0.0,9.98520454906282,42.0,0.0001904492947074107,0.0001904492947074107,7.0093027126221426,-0.267755640404565,0.895799309015274,30.0,0.00019044929470741072,0.00019044929470741072,1.5915773948033651,-0.3178823133309682
60,39.78867252613054,39.56155299290091,39.702167513204174,4.397779018640683,0.0,-35.30438849456348,0.0,0.1406145203032711,18.74518823697477,4.765705962705102,13.979482274269674,30.0,30.0,0.0,0.0,0.0,0.0,0.0,0.0,12.0,12.0,0.0,0.0,1.0,1.0,0.0,0.0,10.0,10.0,0.0,0.0,5.0,5.0,0.0,0.0,9.566113969554072,46.0,0.00018898815748423097,0.00018898815748423097,7.226395866145259,-0.29239527087496675,0.8947968234618505,30.0,0.00018898815748423097,0.00018898815748423097,1.7206346770127614,-0.32075683772563934
61,22.014644793072076,15.418022569479161,15.404965186983315,4.978836747600608,0.0,-10.426128439382705,0.0,-0.013057382500000627,27.105637028010804,25.68389032758261,1.42174670042817,30.0,30.0,0.0,0.0,0.0,0.0,0.0,0.0,13.0,13.0,0.0,0.0,4.0,4.0,0.0,0.0,7.0,7.0,0.0,0.0,2.0,2.0,0.0,0.0,9.071577816593404,49.0,0.0001875382301843446,0.0001875382301843446,7.374228414224119,-0.261201181486249,0.8338662981987,30.0,0.00018753823018434463,0.00018753823018434463,1.8218593587478003,-0.35516926646232605
62,13.619880643182114,11.610194050462628,11.837057121082868,6.7485535593627946,0.0,-5.0885035617200804,0.0,0.2268630706190051,40.36384153340964,14.176341533412234,26.187499999997407,30.0,30.0,0.0,0.0,0.0,0.0,0.0,0.0,7.0,7.0,0.0,0.0,0.0,0.0,0.0,0.0,11.0,11.0,0.0,0.0,0.0,0.0,0.0,0.0,8.839738845825195,30.0,0.0001860994268046179,0.0001860994268046179,6.6865978558858234,-0.3052626798550288,0.7204096113642057,30.0,0.0001860994268046179,0.0001860994268046179,1.6743858635425568,-0.38393786748250325
63,17.805285638416535,16.347577758365947,16.573288234374544,5.477005920119856,0.0,-11.096282314254692,0.0,0.2257104760096262,19.338557388155948,12.073557388154441,7.265000000001503,30.0,30.0,0.0,0.0,0.0,0.0,0.0,0.0,6.0,6.0,0.0,0.0,0.0,0.0,0.0,0.0,6.0,6.0,0.0,0.0,1.0,1.0,0.0,0.0,9.53923985764787,37.0,0.00018467166200173744,0.00018467166200173744,7.925679864110173,-0.24673882706297767,0.7267599339286487,30.0,0.00018467166200173744,0.00018467166200173744,1.6797890822092691,-0.35775104562441506
64,3.9676390299009654,1.3730465294747165,1.5919268564287385,-1.5822559943807848,0.0,-3.1741828508095193,0.0,0.21888032695299706,36.54023882463506,16.107738824634104,20.432500000000964,30.0,30.0,0.0,0.0,0.0,0.0,0.0,0.0,8.0,8.0,0.0,0.0,2.0,2.0,0.0,0.0,8.0,8.0,0.0,0.0,1.0,0.0,0.0,1.0,8.709206369188097,36.0,0.00018325485108714856,0.00018325485108714856,6.65485942363739,-0.27204255966676605,0.8226728508869807,30.0,0.00018325485108714856,0.00018325485108714856,1.93459250330925,-0.37423884073893227
65,79.42310432594978,79.41834262988591,79.29866275502783,12.672377461024922,0.0,-66.62628529400293,-0.11967987485689946,-2.168404344971009e-19,0.6900504375668817,0.6900504375668906,0.0,30.0,30.0,0.0,0.0,0.0,0.0,0.0,0.0,10.0,10.0,0.0,0.0,3.0,2.0,0.0,1.0,10.0,10.0,0.0,0.0,0.0,0.0,0.0,0.0,8.292056074848881,54.0,0.00018184891002203166,0.00018184891002203166,7.497794058587816,-0.3234783795972665,0.6699456304311753,30.0,0.00018184891002203166,0.00018184891002203166,1.572984778881073,-0.4094992160797119
66,2.245810810543844,-0.8580495241853261,-0.697225355387139,6.318058853166624,0.0,7.01528420855376,-0.0645283145211124,0.22535248332008712,40.40527606490166,17.617776064898685,22.787500000003007,30.0,30.0,0.0,0.0,0.0,0.0,0.0,0.0,2.0,2.0,0.0,0.0,2.0,0.0,0.0,2.0,9.0,9.0,0.0,0.0,2.0,2.0,0.0,0.0,9.284644027088964,43.0,0.00018045375541231749,0.00018045375541231749,7.10606510140175,-0.26715972884134814,0.5923018385966619,30.0,0.00018045375541231749,0.00018045375541231749,1.3814897894859315,-0.40043954650561014
67,-26.608854164562217,-37.89437326772198,-41.14557992014821,-24.40999793563595,0.0,16.735581984512258,-3.474079777612154,0.2228731251891659,20.97230974900893,33.59392668795918,-12.621616938950249,30.0,30.0,0.0,0.0,0.0,0.0,0.0,0.0,10.0,10.0,0.0,0.0,2.0,2.0,0.0,0.0,11.0,11.0,0.0,0.0,1.0,1.0,0.0,0.0,9.007049603895707,33.0,0.00017906930450374052,0.00017906930450374052,7.707409128998265,-0.35290920082479715,0.906228631734848,30.0,0.00017906930450374052,0.00017906930450374052,2.4422816753387453,-0.42792256275812784
68,39.09300938590434,39.09216411954186,39.09905526643063,-1.6216009492928902,-5.551115123125783e-17,-40.72065621572352,-0.00035317311147764485,0.007244320000002553,0.269265350796573,-0.2907346492038263,0.5600000000004002,30.0,30.0,0.0,0.0,0.0,0.0,0.0,0.0,3.0,3.0,0.0,0.0,2.0,2.0,0.0,0.0,7.0,7.0,0.0,0.0,2.0,2.0,0.0,0.0,8.031457018852233,40.0,0.0001776954751769305,0.0001776954751769305,7.234242045879364,-0.24077429119497537,0.9583563953638077,30.0,0.0001776954751769305,0.0001776954751769305,2.0760785659154255,-0.35900509158770244
69,34.40862779881882,34.40824040670045,34.41080014419894,8.540982183446847,0.0,-25.869817960752105,0.0,0.0025597374999999905,0.4250660842368461,0.19682279298088742,0.22824329125595869,30.0,30.0,0.0,0.0,0.0,0.0,0.0,0.0,10.0,10.0,0.0,0.0,1.0,1.0,0.0,0.0,4.0,4.0,0.0,0.0,1.0,1.0,0.0,0.0,9.379364808400473,39.0,0.0001763321859425413,0.0001763321859425413,7.980937609305749,-0.25935057885944846,0.8545855452617009,30.0,0.0001763321859425413,0.0001763321859425413,1.8877238134543102,-0.42387233177820843
70,14.560623651863352,13.011179543268588,13.242372905448208,-1.1164458491906126,-1.7763568394002505e-15,-14.358818754638824,0.0,0.23119336217804223,27.892556746924384,12.447666884178595,15.444889862745761,30.0,30.0,0.0,0.0,0.0,0.0,0.0,0.0,8.0,8.0,0.0,0.0,1.0,1.0,0.0,0.0,6.0,6.0,0.0,0.0,1.0,1.0,0.0,0.0,7.8915558978915215,32.0,0.00017497935593641746,0.00017497935593641746,7.1271204352378845,-0.29219846008345485,0.7774235253532727,30.0,0.00017497935593641746,0.00017497935593641746,1.7063503523667654,-0.3846470952033997
71,21.71966914706942,21.7186466727248,21.718646672724443,12.902924093361094,0.0,-8.81572257936334,0.0,4.2690460541616737e-19,0.31976152748882214,0.319761527488823,0.0,30.0,30.0,0.0,0.0,0.0,0.0,0.0,0.0,11.0,11.0,0.0,0.0,3.0,3.0,0.0,0.0,8.0,8.0,0.0,0.0,1.0,1.0,0.0,0.0,8.417687161024226,43.0,0.00017363690491479776,0.00017363690491479776,7.3603698431059374,-0.3951175037239279,0.8552572836478551,30.0,0.00017363690491479776,0.00017363690491479776,1.873937932650248,-0.3807118515173594
72,3.343033177216057,3.07022172053017,3.289442388523276,8.620018082363215,0.0,5.33057569383994,-0.0025097191268841357,0.22173038712196091,20.333465260631158,5.223135616522773,15.110329644108381,30.0,30.0,0.0,0.0,0.0,0.0,0.0,0.0,9.0,9.0,0.0,0.0,4.0,3.0,0.0,1.0,9.0,9.0,0.0,0.0,1.0,1.0,0.0,0.0,8.49526433646679,48.0,0.00017230475324955523,0.00017230475324955523,7.286227395137151,-0.3494947561994195,0.8557190562287966,30.0,0.00017230475324955523,0.00017230475324955523,2.1780008733272553,-0.42445395787556967
73,-0.5388018166718684,-0.5589440068709675,-0.5528756893679385,7.489878975706795,2.498001805406602e-16,8.042754665074735,0.0,0.006068317500000231,2.0939552585214045,1.4192318414938057,0.6747234170275597,30.0,30.0,0.0,0.0,0.0,0.0,0.0,0.0,10.0,10.0,0.0,0.0,3.0,3.0,0.0,0.0,15.0,15.0,0.0,0.0,2.0,2.0,0.0,0.0,7.888781254941767,44.0,0.0001709828219234744,0.0001709828219234744,7.62584216486324,-0.3498069630427794,0.7837721352775892,30.0,0.0001709828219234744,0.0001709828219234744,1.8890856583913167,-0.44860524535179136
74,-18.12837062180649,-18.303407216615614,-18.532688853015802,2.260032322208481,-5.329070518200751e-15,20.792721175224294,-0.2887661614013268,0.05948452500000266,10.960659037314073,4.183737501434857,6.7769215358791985,30.0,30.0,0.0,0.0,0.0,0.0,0.0,0.0,11.0,11.0,0.0,0.0,2.0,2.0,0.0,0.0,11.0,11.0,0.0,0.0,1.0,1.0,0.0,0.0,9.076819189133182,31.0,0.00016967103252556393,0.00016967103252556393,8.485948139621366,-0.4156425790861249,0.9990371247132619,30.0,0.00016967103252556393,0.00016967103252556393,2.3069018562634787,-0.4345976154009501
75,4.519959044493589,2.98741326627389,3.2128308725091252,4.358058173073887,0.0,1.1452273005647615,0.0,0.22541760623264465,32.57710329824704,12.379603298247076,20.19749999999994,30.0,30.0,0.0,0.0,0.0,0.0,0.0,0.0,9.0,9.0,0.0,0.0,2.0,2.0,0.0,0.0,10.0,10.0,0.0,0.0,3.0,3.0,0.0,0.0,7.935447533925374,36.0,0.00016836930724640594,0.00016836930724640594,7.26089953051673,-0.3897908396191067,0.6826192378997803,30.0,0.00016836930724640594,0.00016836930724640594,1.923356306552887,-0.5032467226187388
76,24.73473466151135,24.559465509714304,24.653255147213127,11.476283910672937,3.3306690738754696e-16,-13.176971236540185,0.0,0.09378963749999304,0.5215705744493846,-4.186515875964737,4.708086450414147,30.0,30.0,0.0,0.0,0.0,0.0,0.0,0.0,16.0,16.0,0.0,0.0,3.0,3.0,0.0,0.0,6.0,6.0,0.0,0.0,0.0,0.0,0.0,0.0,8.439713414510091,45.0,0.00016707756887354052,0.00016707756887354052,7.881406609217326,-0.41767090355808084,0.8467114716768265,30.0,0.00016707756887354052,0.00016707756887354052,2.27888972957929,-0.48190025289853416
77,12.150834695158439,11.55743194132659,11.560884701326396,8.216346741123639,1.1102230246251565e-16,-3.344537960202756,0.0,0.003452759999999333,8.097190765858258,7.703263943497255,0.3939268223610155,30.0,30.0,0.0,0.0,0.0,0.0,0.0,0.0,8.0,8.0,0.0,0.0,3.0,2.0,0.0,1.0,8.0,8.0,0.0,0.0,2.0,2.0,0.0,0.0,8.104233327366057,42.0,0.00016579574078688598,0.00016579574078688598,7.4554040886106945,-0.3246723608601661,0.9421805784106254,30.0,0.00016579574078688598,0.00016579574078688598,2.1661077121893566,-0.4448315918445587
78,26.98015250371296,25.124410136701606,25.132180286697007,15.858667788842041,-1.7763568394002505e-15,-9.273512497854966,0.0,0.007770149999999558,14.397563514299875,13.622563514299921,0.774999999999956,30.0,30.0,0.0,0.0,0.0,0.0,0.0,0.0,6.0,6.0,0.0,0.0,3.0,2.0,0.0,1.0,9.0,9.0,0.0,0.0,0.0,0.0,0.0,0.0,7.252767388885085,37.0,0.00016452374695419386,0.00016452374695419386,6.889624666523289,-0.45138246762125117,0.8087411848207314,30.0,0.00016452374695419386,0.00016452374695419386,2.262659905354182,-0.4888895690441132
79,25.04378315301324,25.043450916517042,25.04440158151698,11.944270726587789,-2.0816681711721685e-17,-13.100130854929208,0.0,0.0009506649999998116,0.27606281213742534,0.18227355710583032,0.09378925503161277,30.0,30.0,0.0,0.0,0.0,0.0,0.0,0.0,7.0,7.0,0.0,0.0,0.0,0.0,0.0,0.0,10.0,10.0,0.0,0.0,1.0,1.0,0.0,0.0,7.6206038892269135,40.0,0.00016326151192653943,0.00016326151192653943,7.265899419784546,-0.3985094353556633,0.7100008815526963,30.0,0.00016326151192653943,0.00016326151192653943,1.9249004542827606,-0.5217950304349264
80,17.271672156234303,17.264787173268488,17.265639128266205,9.634983567883381,1.7763568394002505e-15,-7.630655560382828,0.0,0.0008519549999999013,0.9422579747019739,0.8297579747019581,0.11250000000000426,30.0,30.0,0.0,0.0,0.0,0.0,0.0,0.0,13.0,13.0,0.0,0.0,2.0,2.0,0.0,0.0,10.0,10.0,0.0,0.0,1.0,1.0,0.0,0.0,8.048046726650663,45.0,0.00016200896083384592,0.00016200896083384592,7.891148683759901,-0.44586763327771967,0.7895159194866816,30.0,0.00016200896083384592,0.00016200896083384592,2.187469098965327,-0.47510886391003926
81,25.40998637974837,25.406047401475895,25.40143038147664,4.05379917891942,0.0,-21.347631202557217,0.0,-0.004617019999999907,0.2251128004172216,0.6276128004172552,-0.4025000000000425,30.0,30.0,0.0,0.0,0.0,0.0,0.0,0.0,9.0,9.0,0.0,0.0,3.0,3.0,0.0,0.0,8.0,8.0,0.0,0.0,1.0,0.0,0.0,1.0,7.910333135853643,46.0,0.00016076601938044396,0.00016076601938044396,7.817426608956379,-0.4449937298246052,0.6940938701232274,30.0,0.00016076601938044396,0.00016076601938044396,2.0842812856038413,-0.51391042470932
82,9.083656843010496,9.083544886815037,9.087219151818934,5.385691677391468,1.3877787807814457e-17,-3.701527474427464,0.0,0.003674265000000388,0.261690645281746,-0.1058093547183212,0.3675000000000388,30.0,30.0,0.0,0.0,0.0,0.0,0.0,0.0,7.0,7.0,0.0,0.0,2.0,2.0,0.0,0.0,10.0,10.0,0.0,0.0,1.0,1.0,0.0,0.0,7.374003285169602,40.0,0.0001595326138406645,0.0001595326138406645,7.791412198543549,-0.4398262955248356,1.0104662239551545,30.0,0.0001595326138406645,0.0001595326138406645,2.387672315041224,-0.4528924564520518
83,14.206680183184522,14.161000244629502,14.23938657713235,5.79130545920919,3.3306690738754696e-16,-8.448081117923156,0.0,0.0783863324999981,10.117286563729934,2.1372865637302763,7.979999999999677,30.0,30.0,0.0,0.0,0.0,0.0,0.0,0.0,8.0,8.0,0.0,0.0,0.0,0.0,0.0,0.0,7.0,7.0,0.0,0.0,4.0,3.0,0.0,1.0,7.293335951291597,39.0,0.00015830867105446586,0.00015830867105446586,7.230604813649104,-0.48882497698068617,0.8477857828140258,30.0,0.00015830867105446586,0.00015830867105446586,2.560740421215693,-0.4937332312266032
84,43.67107242846715,43.66409846804421,42.84760382842805,-1.4600821632688732,1.1102230246251565e-16,-44.307685991696935,-0.8340856396199285,0.017590999999997643,0.8755707201462855,-0.8351024142545018,1.7106731344007953,30.0,30.0,0.0,0.0,0.0,0.0,0.0,0.0,9.0,9.0,0.0,0.0,0.0,0.0,0.0,0.0,9.0,9.0,0.0,0.0,0.0,0.0,0.0,0.0,8.409833853895014,44.0,0.000157094118423094,0.000157094118423094,8.483379006385803,-0.44264135831459,0.7983067164818446,30.0,0.000157094118423094,0.000157094118423094,2.4832229216893515,-0.5210836132367452
85,-2.135991706931236,-2.1550236977484016,-1.959755687784626,3.328728345628665,0.0,5.288484033413293,0.0,0.19526800996204405,26.899564816061215,1.3795648160621354,25.519999999999072,30.0,30.0,0.0,0.0,0.0,0.0,0.0,0.0,12.0,12.0,0.0,0.0,1.0,1.0,0.0,0.0,11.0,11.0,0.0,0.0,1.0,0.0,0.0,1.0,8.706273310893291,37.0,0.0001558888839047765,0.0001558888839047765,8.681056692793563,-0.45669998559686875,0.7466027066111565,30.0,0.0001558888839047765,0.0001558888839047765,2.255620062351227,-0.4919455806414286
86,33.35889673525387,33.35720182736833,33.35670032736846,-2.502466264221466,0.0,-35.85916659158994,0.0,-0.0005015000000000428,0.36169258987037267,0.4116925898703584,-0.05000000000000426,30.0,30.0,0.0,0.0,0.0,0.0,0.0,0.0,5.0,5.0,0.0,0.0,0.0,0.0,0.0,0.0,6.0,6.0,0.0,0.0,0.0,0.0,0.0,0.0,7.817381359281994,42.0,0.0001546928960104493,0.0001546928960104493,7.891276904514858,-0.48166944051072713,0.9070037494103114,30.0,0.0001546928960104493,0.0001546928960104493,2.6577409048875174,-0.49742639660835264
87,-2.8341197082172584,-3.376708167915759,-3.3157555223726107,6.514860566473022,-8.881784197001252e-16,9.830616088845634,0.0,0.060952645542202206,11.98606041041242,7.36606041041275,4.619999999999678,30.0,30.0,0.0,0.0,0.0,0.0,0.0,0.0,13.0,13.0,0.0,0.0,1.0,1.0,0.0,0.0,9.0,9.0,0.0,0.0,1.0,1.0,0.0,0.0,6.5645903618105,31.0,0.00015350608379951624,0.00015350608379951624,7.1581392134389565,-0.5114184971898794,0.6160940090815227,30.0,0.00015350608379951624,0.00015350608379951624,2.074526180823644,-0.5018773436546325
88,28.443210268076655,28.41514628461824,28.64549090653609,24.725610318734557,0.0,-3.9198805878015492,0.0,0.23034462191811622,31.85078710736134,1.675230833599283,30.17555627376205,30.0,30.0,0.0,0.0,0.0,0.0,0.0,0.0,7.0,7.0,0.0,0.0,1.0,1.0,0.0,0.0,6.0,6.0,0.0,0.0,4.0,3.0,0.0,1.0,7.812097407676078,37.0,0.00015232837687564123,0.00015232837687564123,8.628999188139632,-0.5575922175000111,0.9510884130994479,30.0,0.00015232837687564123,0.00015232837687564123,2.217059411605199,-0.4472593585650126
89,5.619322458471361,5.619289398768435,5.556036940183087,7.787732598128773,-3.469446951953614e-17,2.2316956579456875,-0.06270262358543732,-0.0005498350000003871,0.0024975677096108484,0.0574975677096532,-0.055000000000038796,30.0,30.0,0.0,0.0,0.0,0.0,0.0,0.0,8.0,8.0,0.0,0.0,2.0,2.0,0.0,0.0,14.0,14.0,0.0,0.0,3.0,2.0,0.0,1.0,8.18230066066835,41.0,0.0001511597053825727,0.0001511597053825727,9.084094611609855,-0.47315639967010137,0.8935702840487162,30.0,0.0001511597053825727,0.0001511597053825727,2.5376137415568034,-0.46093682050704954
90,1.8724016571447863,1.8719972575234212,1.7995817002885541,8.948407246357638,0.0,7.148825546069082,-0.07534134723547936,0.002925790000000253,0.1089031026184557,-0.20109689738160474,0.3100000000000307,30.0,30.0,0.0,0.0,0.0,0.0,0.0,0.0,9.0,9.0,0.0,0.0,1.0,1.0,0.0,0.0,12.0,12.0,0.0,0.0,1.0,0.0,0.0,1.0,7.587083689709927,47.0,0.00015,0.00015,8.83589506149292,-0.6073435026666393,0.7912121002872785,30.0,0.00015,0.00015,2.2260382692019145,-0.5217246413230896
91,28.459330058101465,28.443892938968418,28.458105253968935,2.9631771436667242,0.0,-25.494928110302215,0.0,0.014212314999999434,0.28253796303270917,-1.2424620369671935,1.5249999999998813,30.0,30.0,0.0,0.0,0.0,0.0,0.0,0.0,9.0,9.0,0.0,0.0,3.0,2.0,0.0,1.0,6.0,6.0,0.0,0.0,0.0,0.0,0.0,0.0,7.041886832263018,37.0,0.00014884919193944152,0.00014884919193944152,8.855004652126416,-0.517169355169723,0.8269915079077085,30.0,0.00014884919193944152,0.00014884919193944152,2.154603232940038,-0.5340084274609883
92,10.443552751174183,10.438726843895555,10.457473093893958,7.5820040301005145,-4.40619762898109e-16,-2.8754690637934437,0.0,0.018746250000001814,1.1803124962528528,-0.6946875037473501,1.8750000000001812,30.0,30.0,0.0,0.0,0.0,0.0,0.0,0.0,11.0,11.0,0.0,0.0,2.0,2.0,0.0,0.0,9.0,9.0,0.0,0.0,3.0,3.0,0.0,0.0,6.6995423596079755,41.0,0.00014770721294016467,0.00014770721294016467,7.537734363137222,-0.6318993777036667,0.9772014518578848,30.0,0.00014770721294016467,0.00014770721294016467,2.595732351144155,-0.4608678698539734
93,-2.327067460566468,-8.613411766531062,-8.414674002884146,-2.4419674621651466,0.0,5.972706540718997,-0.026763188723805342,0.22550095237164722,37.94258324538092,25.072583245378993,12.870000000001916,30.0,30.0,0.0,0.0,0.0,0.0,0.0,0.0,13.0,13.0,0.0,0.0,3.0,3.0,0.0,0.0,11.0,11.0,0.0,0.0,0.0,0.0,0.0,0.0,7.68619031655161,38.0,0.00014657399526513687,0.00014657399526513687,8.356577026216607,-0.4621651572616477,0.8588524257143338,30.0,0.00014657399526513687,0.00014657399526513687,2.5448418974876406,-0.490261310338974
94,10.908693410823616,10.475891661752842,10.111719416279593,6.610988866464199,0.0,-3.5007305498153913,-0.5456292963820033,0.18145705090786102,5.573733025326419,-6.578766974675234,12.152500000001652,30.0,30.0,0.0,0.0,0.0,0.0,0.0,0.0,10.0,10.0,0.0,0.0,0.0,0.0,0.0,0.0,6.0,6.0,0.0,0.0,3.0,3.0,0.0,0.0,8.06926262920553,44.0,0.00014544947169700768,0.00014544947169700768,9.333115220069885,-0.5752743055874651,0.7830320052802563,30.0,0.00014544947169700768,0.00014544947169700768,2.5238544921080273,-0.494881879289945
95,27.987570006636044,27.987521974536136,27.98729650203781,4.416402822730712,0.0,-23.570893679307098,0.0,-0.0002254725000000087,0.04680519454453247,0.06930519454453332,-0.022500000000000853,30.0,30.0,0.0,0.0,0.0,0.0,0.0,0.0,6.0,6.0,0.0,0.0,3.0,2.0,0.0,1.0,9.0,9.0,0.0,0.0,3.0,3.0,0.0,0.0,6.568599737208823,46.0,0.00014433357553412176,0.00014433357553412176,8.440837849741397,-0.6386611306149027,1.0404091507196427,30.0,0.00014433357553412176,0.00014433357553412176,2.8525353372097015,-0.477028951048851
96,11.614373595924917,8.07365019620162,8.2266520840921,-0.10483494395622359,-1.7763568394002505e-15,-8.331487028048327,0.0,0.15300188789154043,36.90931003710079,18.8168100371006,18.092500000000204,30.0,30.0,0.0,0.0,0.0,0.0,0.0,0.0,7.0,7.0,0.0,0.0,0.0,0.0,0.0,0.0,11.0,11.0,0.0,0.0,1.0,1.0,0.0,0.0,7.191012924909591,40.0,0.00014322624058656249,0.00014322624058656249,8.707573866844177,-0.6369571253657341,0.9813714454571406,30.0,0.00014322624058656249,0.00014322624058656249,2.5283708373705545,-0.47772388259569804
97,29.176025500353585,29.169265112422693,29.1706941024219,6.637471828232094,0.0,-22.533222274189818,0.0,0.0014289900000000542,0.9871246596448771,0.8222157825590198,0.164908877085855,30.0,30.0,0.0,0.0,0.0,0.0,0.0,0.0,5.0,5.0,0.0,0.0,5.0,4.0,0.0,1.0,7.0,7.0,0.0,0.0,0.0,0.0,0.0,0.0,6.3721971789071725,43.0,0.00014212740117222579,0.00014212740117222579,7.994506281475688,-0.619919328527017,0.7697857941190401,30.0,0.00014212740117222579,0.00014212740117222579,2.3458874543507893,-0.48310258189837135
98,13.985146004753144,13.896917908671936,13.935469076170977,8.229171813084003,1.3877787807814457e-17,-5.706297263086969,0.0,0.03855116750000298,0.40967853454874614,-2.9703214654513035,3.380000000000056,30.0,30.0,0.0,0.0,0.0,0.0,0.0,0.0,12.0,12.0,0.0,0.0,1.0,1.0,0.0,0.0,8.0,8.0,0.0,0.0,1.0,1.0,0.0,0.0,6.300957700480586,46.0,0.00014103699211292427,0.00014103699211292427,7.757416891015095,-0.6077840924263,0.7905189782381058,30.0,0.00014103699211292427,0.00014103699211292427,2.5045317888259886,-0.5207772076129913
99,8.490757564546584,2.46956670924817,2.6557651056460267,-2.2857777540661073,0.0,-4.9415428597121425,0.0,0.1861983963983602,42.69561495469437,24.538114954695306,18.157499999999064,30.0,30.0,0.0,0.0,0.0,0.0,0.0,0.0,10.0,10.0,0.0,0.0,0.0,0.0,0.0,0.0,9.0,9.0,0.0,0.0,0.0,0.0,0.0,0.0,6.986897623216784,37.0,0.0001399549487305211,0.0001399549487305211,8.577781187521445,-0.6146493057409922,0.833785971502463,30.0,0.0001399549487305211,0.0001399549487305211,2.8846531947453817,-0.5391064882278442
100,12.170672832179916,12.163218402830475,12.159217202828948,9.996525325048943,6.938893903907228e-18,-2.1626918777800044,0.0,-0.004001199999999771,0.5457778122819406,0.8633903722790235,-0.3176125599971295,30.0,30.0,0.0,0.0,0.0,0.0,0.0,0.0,9.0,9.0,0.0,0.0,5.0,5.0,0.0,0.0,9.0,9.0,0.0,0.0,2.0,2.0,0.0,0.0,6.513370281174069,42.0,0.00013888120684309353,0.00013888120684309353,8.385078555061703,-0.5720203816890717,0.703651296099027,30.0,0.00013888120684309353,0.00013888120684309353,2.4628617127736407,-0.5092473208904267
101,12.667115088916034,6.408594753957127,6.627067999570402,-1.83776905462656,0.0,-8.464837054196957,0.0,0.21847324561508896,44.78953486618583,25.017034866184495,19.77250000000135,30.0,30.0,0.0,0.0,0.0,0.0,0.0,0.0,11.0,11.0,0.0,0.0,1.0,1.0,0.0,0.0,7.0,7.0,0.0,0.0,1.0,1.0,0.0,0.0,6.00017508646337,41.0,0.00013781570276112607,0.00013781570276112607,8.062004252177912,-0.6324489471458253,0.9345099449157714,30.0,0.00013781570276112607,0.00013781570276112607,2.3837531487147015,-0.514125386873881
102,10.243422395287794,10.233850537009028,10.22777310700928,5.910020165306018,0.0,-4.31775294170327,0.0,-0.006077430000000231,0.3713884995411263,0.9783587419125174,-0.6069702423713893,30.0,30.0,0.0,0.0,0.0,0.0,0.0,0.0,10.0,10.0,0.0,0.0,1.0,0.0,0.0,1.0,10.0,10.0,0.0,0.0,1.0,1.0,0.0,0.0,7.611507624387741,40.0,0.00013675837328373252,0.00013675837328373252,9.373973429203033,-0.6136960923671723,0.7768330812454224,30.0,0.00013675837328373252,0.00013675837328373252,2.336524188518524,-0.5420116702715556
103,34.19200299599825,34.19100997203886,34.20054797203953,3.164387311519416,0.0,-31.03616066052011,0.0,0.009537999999999245,0.6348771732505583,-0.3151228267493664,0.9499999999999247,30.0,30.0,0.0,0.0,0.0,0.0,0.0,0.0,10.0,10.0,0.0,0.0,1.0,1.0,0.0,0.0,9.0,9.0,0.0,0.0,0.0,0.0,0.0,0.0,6.2785136818885805,40.0,0.0001357091556949073,0.0001357091556949073,7.899333035945892,-0.6415030375123024,0.7284664789835612,30.0,0.0001357091556949073,0.0001357091556949073,2.4117872337500255,-0.551065864165624
104,0.7164341360403341,-0.3659297352389934,-0.18828701892681465,2.2885493745396213,0.0,2.476836393466441,-0.051809987362958054,0.22945270367397622,34.56360319966991,10.40367180989158,24.15993138977831,30.0,30.0,0.0,0.0,0.0,0.0,0.0,0.0,6.0,6.0,0.0,0.0,0.0,0.0,0.0,0.0,8.0,8.0,0.0,0.0,0.0,0.0,0.0,0.0,6.354366335001859,44.0,0.0001346679877598054,0.0001346679877598054,8.19452906738628,-0.6954654509370978,0.821578108270963,30.0,0.0001346679877598054,0.0001346679877598054,2.4334810376167297,-0.5300642947355906
105,33.427384384221355,33.4070813929296,33.42610420293209,2.6798325268840566,0.0,-30.746271676048046,0.0,0.01902280999999732,0.707614345227654,-1.4248856547722273,2.1324999999998546,30.0,30.0,0.0,0.0,0.0,0.0,0.0,0.0,11.0,11.0,0.0,0.0,0.0,0.0,0.0,0.0,12.0,12.0,0.0,0.0,3.0,3.0,0.0,0.0,6.331979534842751,44.0,0.00013363480772105087,0.00013363480772105087,8.061151406981729,-0.6180084198713303,0.7020552193125089,30.0,0.00013363480772105087,0.00013363480772105087,2.3071565707524617,-0.5594544986883799
106,7.7664945426233025,7.71240215704413,7.596806817325252,12.664004959202865,5.898059818321144e-17,5.0671981418776,-0.1815473297176453,0.06595198999999952,2.507645514669079,-2.325776979402215,4.833422494071285,30.0,30.0,0.0,0.0,0.0,0.0,0.0,0.0,8.0,8.0,0.0,0.0,3.0,2.0,0.0,1.0,12.0,12.0,0.0,0.0,0.0,0.0,0.0,0.0,7.393356235130973,46.0,0.00013260955429507377,0.00013260955429507377,9.236733426218448,-0.6805887351865354,0.7406151721874873,30.0,0.00013260955429507377,0.00013260955429507377,2.7215671300888062,-0.556290739774704
107,-16.908557057415237,-17.172626365487986,-17.470520170124082,6.365633129145032,-3.552713678800501e-15,23.836153299269107,-0.5244094632301994,0.22651565859447093,9.976016997712179,5.138767440473916,4.8372495572382705,30.0,30.0,0.0,0.0,0.0,0.0,0.0,0.0,17.0,17.0,0.0,0.0,2.0,2.0,0.0,0.0,5.0,5.0,0.0,0.0,2.0,1.0,0.0,1.0,6.471844634494266,37.0,0.00013159216666847485,0.00013159216666847485,8.240614014702874,-0.6774932013617622,0.8798238918185234,30.0,0.00013159216666847485,0.00013159216666847485,2.6473979731400807,-0.581826408704122
108,-54.40676308129696,-68.81331784221,-68.70902661511268,-20.856038252387645,0.0,47.85298836272504,-0.12386200324675656,0.22815323034554344,60.690967595246754,37.9559675952452,22.735000000001573,30.0,30.0,0.0,0.0,0.0,0.0,0.0,0.0,12.0,12.0,0.0,0.0,1.0,1.0,0.0,0.0,7.0,7.0,0.0,0.0,1.0,1.0,0.0,0.0,6.563452939192454,36.0,0.0001305825844944186,0.0001305825844944186,8.156298306253221,-0.7284055004517237,0.8853943049907684,30.0,0.0001305825844944186,0.0001305825844944186,2.649766969680786,-0.46586634516716
109,12.837559198480681,12.196622740471625,12.272630079721075,8.502367932847246,0.0,-3.7702621468738253,-0.0015910882495973055,0.07759842750000708,0.14527388604206237,-8.005850723121542,8.151124609163615,30.0,30.0,0.0,0.0,0.0,0.0,0.0,0.0,11.0,11.0,0.0,0.0,1.0,1.0,0.0,0.0,6.0,6.0,0.0,0.0,3.0,3.0,0.0,0.0,6.9484244130906605,42.0,0.0001295807478890537,0.0001295807478890537,8.955826963697161,-0.6631969312826792,0.894698382417361,30.0,0.0001295807478890537,0.0001295807478890537,2.9432214577992757,-0.5408758600552876
110,47.778351880743244,47.741701371024774,47.774299721024725,6.517841353558402,3.3306690738754696e-16,-41.25645836746631,0.0,0.03259835000000236,0.4755677155234821,-1.9144322844768595,2.3900000000003487,30.0,30.0,0.0,0.0,0.0,0.0,0.0,0.0,11.0,11.0,0.0,0.0,3.0,3.0,0.0,0.0,10.0,10.0,0.0,0.0,1.0,1.0,0.0,0.0,6.20013165473938,41.0,0.00012858659742796092,0.00012858659742796092,8.682415078325969,-0.6221244959604173,0.7867587695519129,30.0,0.00012858659742796092,0.00012858659742796092,2.6875605463981627,-0.5760187645753224
111,23.32369947261839,22.6223919178058,22.607629594434407,9.84589332412586,0.0,-12.761736270308559,-0.026036780871770304,0.011274457500000747,9.676856969637953,8.374410754271553,1.3024462153663674,30.0,30.0,0.0,0.0,0.0,0.0,0.0,0.0,9.0,9.0,0.0,0.0,2.0,2.0,0.0,0.0,6.0,6.0,0.0,0.0,1.0,1.0,0.0,0.0,6.557718005291251,43.0,0.00012760007414262835,0.00012760007414262835,8.242024039113245,-0.6780561748005095,0.699762279788653,30.0,0.00012760007414262835,0.00012760007414262835,2.339906386534373,-0.5199956794579824
112,37.26831255372002,37.257175740103264,37.11230834869967,1.2575021740438634,0.0,-35.854806174655806,-0.13682899140648175,-0.008038400000000685,0.34227259274777566,1.055311026037305,-0.7130384332895454,30.0,30.0,0.0,0.0,0.0,0.0,0.0,0.0,8.0,8.0,0.0,0.0,3.0,3.0,0.0,0.0,12.0,12.0,0.0,0.0,5.0,5.0,0.0,0.0,6.4866181197373765,46.0,0.0001266211195169537,0.0001266211195169537,8.082187963568646,-0.6968335055786631,0.8931723694006602,30.0,0.0001266211195169537,0.0001266211195169537,2.632688802480698,-0.591893978913625
113,20.620711123015223,20.61034902531285,20.60483747531178,10.485208407646613,0.0,-10.119629067665176,0.0,-0.005511549999999688,0.46794389346246135,1.0179438934624185,-0.5499999999999687,30.0,30.0,0.0,0.0,0.0,0.0,0.0,0.0,8.0,8.0,0.0,0.0,1.0,1.0,0.0,0.0,7.0,7.0,0.0,0.0,3.0,3.0,0.0,0.0,5.779979658126831,50.0,0.00012564967548377338,0.00012564967548377338,8.18204861164093,-0.6866033339500427,0.647451751679182,30.0,0.00012564967548377338,0.00012564967548377338,2.173477323849996,-0.6136557618776958
114,25.450962885013723,25.27876054906081,25.157122478009466,11.947947494526336,0.0,-13.209174983483132,-0.2947403320658566,0.17310226101224865,0.6054144751241068,4.149726930207746,-3.544312455083675,30.0,30.0,0.0,0.0,0.0,0.0,0.0,0.0,17.0,17.0,0.0,0.0,2.0,2.0,0.0,0.0,10.0,10.0,0.0,0.0,8.0,5.0,0.0,3.0,6.143237634138628,33.0,0.00012468568442141814,0.00012468568442141814,8.744843771963408,-0.6914010556305156,0.6913660819331805,30.0,0.00012468568442141814,0.00012468568442141814,2.6648332754770916,-0.5371902704238891
115,20.938700239509608,20.290026734784536,20.33692811978383,5.7416923562519955,0.0,-14.595235763531834,0.0,0.04690138500000024,12.166526972422162,8.054026972422374,4.112499999999745,30.0,30.0,0.0,0.0,0.0,0.0,0.0,0.0,5.0,5.0,0.0,0.0,1.0,1.0,0.0,0.0,4.0,4.0,0.0,0.0,2.0,2.0,0.0,0.0,6.3550370534261065,39.0,0.00012372908915029538,0.00012372908915029538,8.661930365440172,-0.740007946365758,0.7542188704013825,30.0,0.00012372908915029538,0.00012372908915029538,2.593296863635381,-0.5425255020459493
116,-2.527412369022655,-2.8265843180237447,-3.1972400445633564,14.112529095299365,0.0,17.30976913986273,-0.43012634153683393,0.05947061499999944,0.9375571854452716,-5.469661314936141,6.407218500381409,30.0,30.0,0.0,0.0,0.0,0.0,0.0,0.0,10.0,10.0,0.0,0.0,1.0,1.0,0.0,0.0,8.0,8.0,0.0,0.0,2.0,2.0,0.0,0.0,6.472289966982465,43.0,0.00012277983292949724,0.00012277983292949724,8.977229473202728,-0.7221753935922276,0.9909506529569626,30.0,0.00012277983292949724,0.00012277983292949724,2.74610804716746,-0.513005522886912
117,-11.690939440393777,-11.979623933803254,-12.640418640738105,9.73379410757141,0.0,22.374212748309503,-0.8910761645492471,0.23028145761564603,17.845923237140298,5.372936751995839,12.47298648514447,30.0,30.0,0.0,0.0,0.0,0.0,0.0,0.0,6.0,6.0,0.0,0.0,3.0,3.0,0.0,0.0,9.0,9.0,0.0,0.0,1.0,1.0,0.0,0.0,6.054886614404073,41.0,0.0001218378594534353,0.0001218378594534353,8.085950043143296,-0.7616810843348503,0.8139412711064021,30.0,0.0001218378594534353,0.0001218378594534353,2.573618646462758,-0.5443590879440308
118,-9.595776940190262,-9.602670062267489,-9.479443348689916,8.342109487023976,0.0,17.821552835713874,-0.02618565269898454,0.1494123662723736,11.904751719228983,-0.830248280770638,12.734999999999612,30.0,30.0,0.0,0.0,0.0,0.0,0.0,0.0,9.0,9.0,0.0,0.0,4.0,4.0,0.0,0.0,8.0,8.0,0.0,0.0,0.0,0.0,0.0,0.0,7.092814766842386,46.0,0.00012090311284850061,0.00012090311284850061,9.669375808342643,-0.693503006644871,0.9220393598079681,30.0,0.00012090311284850062,0.00012090311284850062,3.049923221270243,-0.5283251961072286
119,9.013306197830389,7.382399159551638,7.541127623663552,5.505698761691757,0.0,-2.0354288619718,0.0,0.15872846411249408,24.817730681614037,12.770697076819067,12.047033604794967,30.0,30.0,0.0,0.0,0.0,0.0,0.0,0.0,6.0,6.0,0.0,0.0,1.0,1.0,0.0,0.0,13.0,13.0,0.0,0.0,2.0,2.0,0.0,0.0,5.606159961741904,46.0,0.00011997553766974952,0.00011997553766974952,8.017732822376749,-0.7997613989788553,0.7833327283461888,30.0,0.00011997553766974952,0.00011997553766974952,2.62907433907191,-0.5170417467753092
120,16.885923656325904,15.870339558093669,15.882251673095183,4.844938723535029,0.0,-11.037312949560153,0.0,0.011912114999999095,10.518675824851925,10.077619253733664,0.44105657111825836,30.0,30.0,0.0,0.0,0.0,0.0,0.0,0.0,10.0,10.0,0.0,0.0,1.0,1.0,0.0,0.0,9.0,9.0,0.0,0.0,0.0,0.0,0.0,0.0,6.094265167529766,39.0,0.00011905507889761495,0.00011905507889761495,8.791169441663301,-0.7636904999613762,0.7572060172756513,30.0,0.00011905507889761495,0.00011905507889761495,2.3308090647061666,-0.526316350698471
121,18.72303672367707,18.260727453513756,18.490443639108463,4.46464015448704,8.881784197001252e-16,-14.025803484621413,0.0,0.2297161855935922,30.111550730623435,6.799332836119397,23.312217894504016,30.0,30.0,0.0,0.0,0.0,0.0,0.0,0.0,10.0,10.0,0.0,0.0,3.0,3.0,0.0,0.0,11.0,11.0,0.0,0.0,2.0,2.0,0.0,0.0,5.535101258477499,43.0,0.00011814168193464292,0.00011814168193464292,8.035407310308413,-0.8100129621369498,0.8298240567247073,30.0,0.00011814168193464293,0.00011814168193464293,2.312247125307719,-0.5229632874329885
122,10.064193546557362,7.078584298554675,7.229943964550039,6.288496466373029,0.0,-0.9414474981770119,0.0,0.1513596659963701,28.488783679505772,17.27891561413125,11.209868065374545,30.0,30.0,0.0,0.0,0.0,0.0,0.0,0.0,11.0,11.0,0.0,0.0,4.0,2.0,0.0,2.0,8.0,8.0,0.0,0.0,0.0,0.0,0.0,0.0,5.855530807707045,45.0,0.00011723529260225412,0.00011723529260225412,8.085696273379856,-0.7923787132553433,0.6836716746290524,30.0,0.00011723529260225412,0.00011723529260225412,2.315857787926992,-0.635056096315384
123,5.013507342166122,3.1873962629810046,2.950005266274548,19.62845873871425,0.0,16.678453472439717,-0.4641292868584763,0.22673829015246047,0.02586774895321753,13.51336774895554,-13.48750000000232,30.0,30.0,0.0,0.0,0.0,0.0,0.0,0.0,7.0,7.0,0.0,0.0,0.0,0.0,0.0,0.0,9.0,9.0,0.0,0.0,3.0,3.0,0.0,0.0,6.310516986582014,36.0,0.00011633585713753009,0.00011633585713753009,9.088577621512943,-0.7912937303384145,0.8406665553649266,30.0,0.00011633585713753009,0.00011633585713753009,2.7241400996843974,-0.5221369544665019
124,22.277790598124266,22.041052343461473,22.10665315866659,8.753466392969974,0.0,-13.35318676569661,-0.00092841729296822,0.0665292324999954,0.7719244465551469,-4.865575553444766,5.6374999999999105,30.0,30.0,0.0,0.0,0.0,0.0,0.0,0.0,8.0,8.0,0.0,0.0,0.0,0.0,0.0,0.0,10.0,10.0,0.0,0.0,2.0,2.0,0.0,0.0,6.054756541584814,43.0,0.00011544332219002444,0.00011544332219002444,9.02148460787396,-0.8067203788530259,0.8722226997216542,30.0,0.00011544332219002443,0.00011544332219002443,2.745746038357417,-0.49346899390220644
125,-29.93596430143225,-33.764332269270575,-34.78341787460789,-4.210966647268254,0.0,30.57245122733964,-1.1691265005135119,0.15004089517413877,29.79076549197916,19.566215699103203,10.224549792875946,30.0,30.0,0.0,0.0,0.0,0.0,0.0,0.0,10.0,10.0,0.0,0.0,2.0,2.0,0.0,0.0,9.0,9.0,0.0,0.0,2.0,1.0,0.0,1.0,7.112919236484327,38.0,0.00011455763481859824,0.00011455763481859824,10.443465772428011,-0.7679092695838526,0.7167565375566483,30.0,0.00011455763481859824,0.00011455763481859824,2.43378457625707,-0.5438792824745178
126,7.277536072929812,7.266847720589333,7.2843173605897045,8.252550488003173,0.0,0.9682331274134717,0.0,0.01746964000000038,0.558655120897015,-1.0338448791031654,1.5925000000001823,30.0,30.0,0.0,0.0,0.0,0.0,0.0,0.0,9.0,9.0,0.0,0.0,3.0,3.0,0.0,0.0,11.0,11.0,0.0,0.0,0.0,0.0,0.0,0.0,6.6707757115364075,44.0,0.00011367874248827988,0.00011367874248827988,9.203780380162327,-0.7377396266568791,0.8863619541128477,30.0,0.00011367874248827986,0.00011367874248827986,2.8478891213734943,-0.53521768450737
127,17.49435890285656,17.41040731555893,17.428837749898538,10.565320997770096,5.551115123125783e-17,-6.863516752128432,-0.009154095658772121,0.027584529999998424,0.23906574487426724,-2.8974400303997605,3.136505775274003,30.0,30.0,0.0,0.0,0.0,0.0,0.0,0.0,11.0,11.0,0.0,0.0,1.0,1.0,0.0,0.0,11.0,11.0,0.0,0.0,3.0,2.0,0.0,1.0,6.076178707727572,41.0,0.00011280659306714877,0.00011280659306714877,9.219833612442017,-0.7366086485840025,0.7508763735493024,30.0,0.00011280659306714875,0.00011280659306714875,2.5575178722540537,-0.46007264653841656
128,4.926173639242057,4.889590266475605,4.93432415397701,9.51769050389665,-1.3877787807814457e-17,4.583366349919634,0.0,0.044733887499995816,0.30482196210485313,-1.9126780378948247,2.2174999999996885,30.0,30.0,0.0,0.0,0.0,0.0,0.0,0.0,10.0,10.0,0.0,0.0,1.0,1.0,0.0,0.0,10.0,10.0,0.0,0.0,1.0,1.0,0.0,0.0,5.954487743831816,42.0,0.00011194113482324331,0.00011194113482324331,8.631623869850522,-0.8415283731051854,0.6810984839995702,30.0,0.00011194113482324331,0.00011194113482324331,2.7716647426287335,-0.5219897488753001
129,13.51040257853856,12.877664342857663,13.099843640848057,4.453011813973934,8.881784197001252e-16,-8.646831826874127,0.0,0.22217929798978517,30.589484494177555,7.954484494176199,22.635000000001337,30.0,30.0,0.0,0.0,0.0,0.0,0.0,0.0,14.0,14.0,0.0,0.0,1.0,1.0,0.0,0.0,8.0,8.0,0.0,0.0,4.0,4.0,0.0,0.0,6.786441729182289,42.0,0.0001110823164214923,0.0001110823164214923,9.735977763221378,-0.8252468222663516,0.7469768385092418,30.0,0.0001110823164214923,0.0001110823164214923,2.7387347877025605,-0.549221138159434
130,16.642850766403978,16.64166737207014,16.641667372066923,7.969549413029167,0.0,-8.672117959037756,0.0,0.0,0.3440049903476563,0.3440049903476403,0.0,30.0,30.0,0.0,0.0,0.0,0.0,0.0,0.0,2.0,2.0,0.0,0.0,3.0,2.0,0.0,1.0,9.0,9.0,0.0,0.0,0.0,0.0,0.0,0.0,5.8870246807734175,36.0,0.00011023008692066991,0.00011023008692066991,8.820723136266073,-0.9263265430927277,0.9173882613579433,30.0,0.0001102300869206699,0.0001102300869206699,3.368658379713694,-0.5292883157730103
131,0.181430777900081,-0.32626952567223344,-0.9669371126823435,4.381760173025621,0.0,5.348697285707961,-0.7316884695097912,0.09102088249999975,0.09719085883038758,-7.125309141169346,7.222499999999727,30.0,30.0,0.0,0.0,0.0,0.0,0.0,0.0,9.0,9.0,0.0,0.0,3.0,2.0,0.0,1.0,11.0,11.0,0.0,0.0,3.0,3.0,0.0,0.0,6.677475058755209,43.0,0.00010938439577037412,0.00010938439577037412,9.92965057284333,-0.9120227921576727,0.7836782058080037,30.0,0.00010938439577037412,0.00010938439577037412,2.713820974032084,-0.5413743178049724
132,14.975172107248,14.51316134824566,14.740265032146436,6.084939865033053,-3.552713678800501e-15,-8.655325167113377,0.0,0.22710368390297103,35.18213733127544,6.797137331276595,28.384999999998882,30.0,30.0,0.0,0.0,0.0,0.0,0.0,0.0,14.0,14.0,0.0,0.0,0.0,0.0,0.0,0.0,13.0,13.0,0.0,0.0,2.0,2.0,0.0,0.0,5.84453480773502,36.0,0.00010854519280802836,0.00010854519280802836,9.236161722077263,-0.8282806211047702,0.7400782922903697,30.0,0.00010854519280802836,0.00010854519280802836,2.662781572341919,-0.49756078521410624
133,4.226306818152807,4.195142254169459,4.006426178999572,10.017973270700832,3.3306690738754696e-16,6.011547091701262,-0.4120721922508892,0.22335611708180966,0.2986133038213836,1.76534880358947,-1.4667354997681041,30.0,30.0,0.0,0.0,0.0,0.0,0.0,0.0,11.0,11.0,0.0,0.0,1.0,1.0,0.0,0.0,7.0,7.0,0.0,0.0,3.0,3.0,0.0,0.0,6.40378840579543,43.0,0.00010771242825590599,0.00010771242825590599,9.019323016321936,-0.82803298803893,0.6927838544050853,30.0,0.00010771242825590599,0.00010771242825590599,2.2531756003697714,-0.5836287319660187
134,25.16240593960663,25.16023983917823,24.692813622598763,12.512344552651252,2.7755575615628914e-17,-12.180469069947522,-0.46287567657580553,-0.004550539999999059,0.005413840404131065,0.4654138404040502,-0.45999999999990493,30.0,30.0,0.0,0.0,0.0,0.0,0.0,0.0,10.0,10.0,0.0,0.0,4.0,4.0,0.0,0.0,12.0,12.0,0.0,0.0,2.0,2.0,0.0,0.0,5.452902410088516,41.0,0.00010688605271817784,0.00010688605271817784,8.39261430647315,-0.8694310516119004,0.6865622783700626,30.0,0.00010688605271817784,0.00010688605271817784,2.562100330988566,-0.533312181631724
135,-2.1906745840697113,-2.2158613879660494,-1.992188990145663,5.581131526536466,0.0,7.573320516682129,0.0,0.22367239782021214,26.626950167755027,-1.587035094014567,28.213985261769576,30.0,30.0,0.0,0.0,0.0,0.0,0.0,0.0,11.0,11.0,0.0,0.0,1.0,1.0,0.0,0.0,11.0,11.0,0.0,0.0,4.0,4.0,0.0,0.0,6.302077462798671,38.0,0.00010606601717798211,0.00010606601717798211,9.315893612409893,-0.8450755916143718,0.7756596008936564,30.0,0.00010606601717798212,0.00010606601717798212,2.4549647688865663,-0.5524514218171438
136,2.0730981708966283,1.7694306783960116,-0.24633944119684284,21.77882106739659,-1.1102230246251565e-16,22.025160508593437,-2.22913147306587,0.21336135347309215,0.3308806041201535,5.5106033471900036,-5.179722743069881,30.0,30.0,0.0,0.0,0.0,0.0,0.0,0.0,11.0,11.0,0.0,0.0,1.0,1.0,0.0,0.0,10.0,10.0,0.0,0.0,2.0,2.0,0.0,0.0,5.674547465642293,45.0,0.00010525227299451709,0.00010525227299451709,9.426518281300863,-0.8742839901343636,0.5600115478038787,30.0,0.00010525227299451708,0.00010525227299451708,2.281944328546524,-0.5692508816719055
137,35.26640991478962,35.24128417625597,35.469084917383945,4.990187764275858,0.0,-30.478897153108107,0.0,0.22780074112608226,24.355110044560945,1.5851100445600714,22.770000000000856,30.0,30.0,0.0,0.0,0.0,0.0,0.0,0.0,6.0,6.0,0.0,0.0,2.0,2.0,0.0,0.0,8.0,8.0,0.0,0.0,1.0,1.0,0.0,0.0,5.868067930726444,34.0,0.00010444477190015582,0.00010444477190015582,8.812191486358643,-0.9659996874192182,0.8651279936234156,30.0,0.00010444477190015582,0.00010444477190015582,2.985170425971349,-0.5369947632153829
138,14.163776477986422,8.993111762465698,9.000167447464149,2.6746801860384912,0.0,-6.325487261425654,0.0,0.007055684999999053,23.394095662582345,22.739095662582372,0.654999999999994,30.0,30.0,0.0,0.0,0.0,0.0,0.0,0.0,8.0,8.0,0.0,0.0,0.0,0.0,0.0,0.0,10.0,10.0,0.0,0.0,3.0,3.0,0.0,0.0,6.574064383506775,50.0,0.0001036434659975832,0.0001036434659975832,11.0969628572464,-0.9017183470726013,0.6293536558747291,30.0,0.0001036434659975832,0.0001036434659975832,2.453752601146698,-0.5354493618011474
139,6.9695812941063195,-5.959266748650391,-5.737715657125946,-6.349599165784079,0.0,-0.6118835086581355,0.0,0.22155109152293082,46.54920736143114,35.95670736143218,10.592499999998939,30.0,30.0,0.0,0.0,0.0,0.0,0.0,0.0,9.0,9.0,0.0,0.0,2.0,2.0,0.0,0.0,10.0,10.0,0.0,0.0,0.0,0.0,0.0,0.0,6.8558322588602705,42.0,0.00010284830775695495,0.00010284830775695495,10.00878722327096,-0.9292344252268473,0.6904249986012777,30.0,0.00010284830775695495,0.00010284830775695495,2.3719743410746257,-0.5502953747908275
140,24.393361439326327,24.38063575744523,24.60653788144598,10.960477342506188,0.0,-13.64606053893979,0.0,0.22590212400149054,17.599418359286233,-1.1280816407112653,18.7274999999975,30.0,30.0,0.0,0.0,0.0,0.0,0.0,0.0,6.0,6.0,0.0,0.0,2.0,2.0,0.0,0.0,6.0,6.0,0.0,0.0,1.0,1.0,0.0,0.0,6.395553432192121,35.0,0.00010205925001307825,0.00010205925001307825,9.311308479309082,-0.8254180410329033,0.7248088349898656,30.0,0.00010205925001307825,0.00010205925001307825,2.5285533050696056,-0.5292022307713826
141,-72.59356092398411,-113.413493587401,-115.5858673986921,-74.41258151591359,0.0,41.17328588277853,-2.395573523388066,0.22319971209746164,68.26547868299266,63.8904786829907,4.375000000001982,30.0,30.0,0.0,0.0,0.0,0.0,0.0,0.0,13.0,13.0,0.0,0.0,1.0,1.0,0.0,0.0,9.0,9.0,0.0,0.0,4.0,3.0,0.0,1.0,5.606301259994507,40.0,0.00010127624596261425,0.00010127624596261425,9.25583153963089,-0.9744613498449326,0.8235812991857528,30.0,0.00010127624596261425,0.00010127624596261425,3.206878916422526,-0.5667271812756857
142,9.923620083080735,9.16750222039403,9.221251275395597,6.638096983582157,0.0,-2.5831542918134374,0.0,0.05374905500000495,13.11550379613962,8.69550379613915,4.4200000000004565,30.0,30.0,0.0,0.0,0.0,0.0,0.0,0.0,11.0,11.0,0.0,0.0,1.0,1.0,0.0,0.0,7.0,7.0,0.0,0.0,0.0,0.0,0.0,0.0,7.3679714847255395,37.0,0.00010049924916130171,0.00010049924916130171,11.612635341850487,-0.8841973323571054,0.6867004419366519,30.0,0.0001004992491613017,0.0001004992491613017,2.62104218006134,-0.5280353367328644
143,24.89793301866915,24.895924910969434,24.90393451096964,11.853310302137933,3.469446951953614e-17,-13.050624208831705,0.0,0.008009599999999546,0.2633682924183063,-0.4481191470708181,0.7114874394891173,30.0,30.0,0.0,0.0,0.0,0.0,0.0,0.0,9.0,9.0,0.0,0.0,1.0,0.0,0.0,1.0,11.0,11.0,0.0,0.0,2.0,2.0,0.0,0.0,6.824646030153547,42.0,9.972821352120236e-05,9.972821352120236e-05,10.734238880021232,-0.7983506066458566,0.7740972096721331,30.0,9.972821352120236e-05,9.972821352120236e-05,2.8268760720888775,-0.6096816082795461
144,32.95096836567973,27.87688208661773,28.108267942873177,16.403758902926658,-3.552713678800501e-15,-11.704509039946503,0.0,0.23138585625534502,58.72073257201877,22.52573257202082,36.19499999999796,30.0,30.0,0.0,0.0,0.0,0.0,0.0,0.0,7.0,7.0,0.0,0.0,1.0,1.0,0.0,0.0,9.0,9.0,0.0,0.0,2.0,2.0,0.0,0.0,7.235601745000699,41.0,9.896309330796706e-05,9.896309330796706e-05,10.932501083467065,-0.8789541900157929,1.010820166269938,30.0,9.896309330796706e-05,9.896309330796706e-05,3.507458249727885,-0.4941243648529053
145,23.503724436011908,22.603361288621823,22.655831004207233,12.26945933817871,0.0,-10.386371666028534,-0.026780846492087562,0.07925056207676226,0.9062532577270872,-9.488746742273637,10.395000000000717,30.0,30.0,0.0,0.0,0.0,0.0,0.0,0.0,13.0,13.0,0.0,0.0,1.0,1.0,0.0,0.0,7.0,7.0,0.0,0.0,3.0,3.0,0.0,0.0,6.9946895517954015,41.0,9.820384313812298e-05,9.820384313812298e-05,10.6152201396663,-0.9285179036004203,0.6926761363943418,30.0,9.8203843138123e-05,9.8203843138123e-05,2.548976457118988,-0.5358587016661962
146,6.484333089731081,6.1078797614057825,6.283682026306559,2.315322457370762,0.0,-3.9683595689358016,0.0,0.1758022648987369,26.1468444057665,6.135579258108386,20.011265147658108,30.0,30.0,0.0,0.0,0.0,0.0,0.0,0.0,3.0,3.0,0.0,0.0,3.0,2.0,0.0,1.0,11.0,11.0,0.0,0.0,1.0,1.0,0.0,0.0,7.280998322698805,36.0,9.745041797638186e-05,9.745041797638186e-05,10.986230942938063,-0.8612702240546545,0.918737605214119,30.0,9.745041797638186e-05,9.745041797638186e-05,3.0241410811742147,-0.566600505510966
147,45.18091061326001,45.179593961977915,45.18406042697883,4.56411205422703,0.0,-40.619948372751786,0.0,0.004466465000001253,0.9603568977015584,0.3628568977015876,0.5974999999999859,30.0,30.0,0.0,0.0,0.0,0.0,0.0,0.0,9.0,9.0,0.0,0.0,3.0,2.0,0.0,1.0,9.0,9.0,0.0,0.0,1.0,1.0,0.0,0.0,7.040015819745186,39.0,9.670277313296842e-05,9.670277313296842e-05,10.295268181042793,-0.9046810614435297,0.7432301670312882,30.0,9.670277313296842e-05,9.670277313296842e-05,2.7968380669752757,-0.6076998591423035
148,39.302633470811024,39.30248138474406,39.302481384742876,4.117718315030481,0.0,-35.18476306971238,0.0,0.0,0.12332317988318664,0.12332317988318486,0.0,30.0,30.0,0.0,0.0,0.0,0.0,0.0,0.0,11.0,11.0,0.0,0.0,5.0,5.0,0.0,0.0,8.0,8.0,0.0,0.0,1.0,1.0,0.0,0.0,7.152789819531325,41.0,9.596086426096993e-05,9.596086426096993e-05,10.213841327806799,-0.9268637413070315,0.7929125015934309,30.0,9.596086426096992e-05,9.596086426096992e-05,2.8995455304781594,-0.5868623892466227
149,6.71545696352089,6.715228443299897,6.721732098299466,6.078964700470405,1.0408340855860843e-17,-0.6427673978290549,0.0,0.006503654999999881,0.9161688529405723,0.15116885294058413,0.7650000000000183,30.0,30.0,0.0,0.0,0.0,0.0,0.0,0.0,5.0,5.0,0.0,0.0,1.0,1.0,0.0,0.0,6.0,6.0,0.0,0.0,2.0,2.0,0.0,0.0,6.46437912865689,38.0,9.522464735370536e-05,9.522464735370536e-05,10.084994014940763,-0.9840597416225233,0.8740495473146439,30.0,9.522464735370536e-05,9.522464735370536e-05,2.975598990917206,-0.5249525864919027
