env_seed,pnl,objective,opening_inventory,final_inventory,price_edge,risk_relief,fees,auction_value
1202632574,0.8658393421214423,0.8310118717169431,0.7087119494974985,1.8662119494982115,0.11575000000007797,-0.0298047441308937,0.002,0.08394525586918428
2124558654,-40.883573723629524,-41.61130464157433,8.439961722355662,8.530714612181109,-0.011797875677306094,-0.015401379196515422,0.0,-0.027199254873821514
1714748616,10.981020869678105,10.981013780620938,0.22387209112933704,0.026625283410640244,-0.027614553080621395,0.0004940980746992527,0.0,-0.027120455005922143
1898011230,26.988684363201173,26.98076488384884,0.8776131257605897,0.8899145662552866,0.0014761728593651014,-0.00021743136726062317,0.0,0.0012587414921044783
767118193,39.249617927839196,39.22966950168583,0.5765381176853452,-1.4123889745170206,0.019889270922005823,-0.016624464141930802,0.056,-0.05273519321992498
1003775508,1.8196652226633887,1.8165866366943706,0.554850067046786,0.5548500670467745,0.0,1.2712053631958043e-16,0.0,1.2712053631958043e-16
539531727,3.829623213981904,3.8005051492617272,9.24440306126479,1.706401615100524,-0.37690007230819067,0.8254718148710416,0.0,0.44857174256285093
1573914570,19.983701408315305,19.96312886170411,0.7892748260516953,-1.4343133064709388,-0.22235881325228093,-0.014342999100806636,0.046,-0.28270181235308756
651671679,29.36524288658984,29.362399143322893,0.5553706439444994,0.5332675938915217,-0.007294006517481152,0.0002406222546047504,0.0,-0.007053384262876401
1245736900,3.778533502130449,3.764402453375878,0.5887591218197201,-1.188740878180388,-0.1422000000000049,-0.010664675719311524,0.025,-0.1778646757193164
437248997,10.430085011618095,10.420419995480605,0.7093918606028069,-0.9831081393971823,-0.13539999999999847,-0.004632648018594775,0.028,-0.16803264801859324
65203010,-71.27746149007908,-74.9183129679061,16.663658410547484,19.08101537609315,-0.048347139310903516,-0.8640763615929324,0.0,-0.912423500903836
1677984384,-25.351583291274437,-25.368781971999272,0.8277661493574158,-1.311437407001716,-0.042784071127174104,-0.01034671274461381,0.0,-0.053130783871787914
1783535484,-1.4173374176461948,-1.7762323324821618,0.6896454179699987,-5.990783878892369,-0.8684558085921721,-0.35413880681069687,0.0,-1.222594615402869
735439411,-22.00835828359959,-22.012726925432027,0.5215429792763331,-0.6609570207233197,-0.17737499999995304,-0.0016485710401101335,0.0,-0.17902357104006317
159187088,-8.687281835699745,-8.688667582909643,0.37225625715346666,0.37225625715348976,0.0,-1.7208456881689927e-16,0.129,-0.12900000000000017
1695559284,1.465960685510654,1.457071130123893,0.9428443873069057,0.9428443873068835,-2.5934809855243293e-15,4.18554080283684e-16,0.43500000000000016,-0.43500000000000233
1735530327,-9.243220717715303,-10.554020350176,11.161515819976259,11.449015819976392,-0.08337500000003728,-0.0650052784648939,0.0,-0.14838027846493118
1680799361,-16.898450147250784,-16.98500621761506,6.092557909632333,2.942041304337413,0.18903099631765802,0.28463654845796116,0.021,0.45266754477561916
560780911,-6.940289104979456,-6.940413067043377,0.8068352518329363,-0.11133825215084825,-0.06427214527887189,0.0063858691720831175,0.0,-0.05788627610678877
1247136764,22.811812273261342,22.80579172606389,0.7808357951273592,0.7759218515708346,-0.0009827887113018278,7.649819207063091e-05,0.063,-0.0639062905192312
1770963861,-43.07765056259814,-43.15699819039636,0.12812890251872489,-2.8168710974807336,-0.11779999999999655,-0.07918345764161659,0.0,-0.19698345764161312
1877734138,6.598212647128981,6.597923212337753,0.8298721682889578,-0.17012783171113632,-0.019999999999997728,0.006597443365778836,0.049,-0.0624025566342189
80487468,-54.709155410919266,-63.70241852398997,20.858741032374,29.98876975314376,-0.27390086162310323,-4.6423923385142745,0.0,-4.916293200137377
1828126960,29.746832378143356,29.742157583891142,0.6537246706254791,0.6837246706250493,0.0020999999999712755,-0.00040123480236940956,0.001,0.0006987651976018659
1979006041,-19.930302064582065,-20.057740227093653,0.7798482112207807,3.569848211221144,0.11160000000002991,-0.12135653018614549,0.0,-0.00975653018611558
1405686337,14.555730182005544,13.348916683699901,12.678006352943981,10.985506352943604,0.27080000000007437,0.40050495254723656,0.032,0.6393049525473109
1002042369,17.843749679334564,17.843243162503867,0.4049407121007107,-0.22505928789930252,0.0189000000000009,0.0011332529724688953,0.22599999999999998,-0.20596674702753018
1195216106,34.99291792647023,34.98956196613977,0.4733023050290086,-0.579306510446804,0.0,-0.0011158096110028034,0.07700000000000001,-0.07811580961100281
644499193,-18.22415522704614,-21.24264354007826,13.369836672569647,17.373797262061387,0.20019802947457555,-1.2309629865202352,0.0,-1.0307649570456596
1300737978,10.097464310352734,7.037717999886243,24.64716444359874,17.492130546238474,0.2146510169208162,3.015080840631488,0.0,3.2297318575523044
1073351039,13.109961789612775,13.108766661512162,0.0442937517754558,-0.3457062482244768,-0.011699999999998222,-0.001175508736150979,0.046,-0.058875508736149204
2137582184,-13.47065583069525,-13.596100169381257,0.9856877705610714,-3.541812229438593,-0.5432999999999805,-0.11572853487567124,0.0,-0.6590285348756517
1676359236,-10.133936968553622,-10.134096111554648,0.5886518929815026,0.1261518929810297,-0.01850000000001644,0.003305967510080092,0.001,-0.01619403248993635
723651683,15.029586513617687,15.002387960631,0.3033016193712115,-1.649198380628861,-0.21477500000000443,-0.026278634263556585,0.0,-0.24105363426356102
1419637598,-37.70121823867521,-39.856582132121474,13.648657629581862,14.681157629581756,-0.0929249999999932,-0.2925053425508344,0.0,-0.3854303425508276
1075391219,24.988201943289635,24.986188528532402,0.5287109043952825,0.4487109043952371,-0.00640000000000399,0.0007819374470328589,0.008,-0.013618062552971131
477512663,-3.0954381232531887,-3.098132598909728,0.7265833898845528,0.519083389884484,-0.031125000000004028,0.002584758568021609,0.0,-0.02854024143198242
1134358697,-102.12786716607116,-102.91820546426601,0.8819322420830105,8.890097289652454,1.841877960941003,-0.7825602533986034,0.0,1.0593177075423996
1084076430,18.20043641665633,18.09458160555344,0.4530114778693104,-3.2535336344179595,-0.7042435713345688,-0.103802617112076,0.033,-0.8410461884466448
707212436,21.397040062940505,21.39672856733539,0.9898230647195589,0.17649238088822417,-0.08946637522144431,0.00948600138939226,0.0,-0.07998037383205205
1876244211,0.003797620396653656,-1.4990312071428002,25.674542201618507,12.258991914262175,-4.02466508620686,5.088992345087444,0.0,1.064327258880584
1130414172,-43.55376268763757,-46.27642430936615,0.7928423448440043,-16.500489755545377,-0.34586664200771905,-2.716375631890802,0.0,-3.062242273898521
1202113902,11.208881935212048,11.208853028732076,0.9112647467879071,0.05376474678788279,-0.051450000000001626,0.008275127907412633,0.0,-0.043174872092588995
1903116756,10.469182550197452,10.468493861255412,0.8256511247820555,-0.2624288364567502,0.0435231984495595,0.006128308856498296,0.07900000000000001,-0.02934849269394222
422761302,39.52412951562322,39.496632691906065,0.09300425787969857,-1.658216623881236,-0.052536626452830026,-0.027410325797323307,0.189,-0.2689469522501533
716995144,-13.557573280739234,-17.214772330786204,29.937475666373913,19.12380466865045,-0.3244101299317162,5.305325442700335,0.0,4.9809153127686185
2053878917,18.46762362493064,18.46527407365266,0.4562593638082575,-0.48472170138918014,-0.15996678108356344,-0.0002678252073490564,0.0,-0.1602346062909125
581815267,-29.451504373250717,-29.453659274459287,0.4242091348271373,0.4642091348271489,-0.014400000000002229,-0.00035536730786181746,0.13,-0.14475536730786406
152599839,-21.477113382272364,-31.32752423782367,31.647864193444207,31.38536419344422,0.11025000000000314,0.16546222451557355,0.0,0.2757122245155767
1477827732,-55.23314863177802,-55.76795108694196,0.7304675222826944,-7.313018905786745,-0.7239137785262769,-0.5294666271528454,0.0,-1.2533804056791222
1508169003,6.475883940244297,6.474629654472449,0.7081789383344272,-0.3541589716283178,0.021246758199250496,0.0037608883151564886,0.011,0.014007646514406984
766716989,25.623290866080104,25.622544073721603,0.1542249812916623,-0.2732750187083779,-0.008549999999998623,-0.0005089389099565071,0.177,-0.18605893890995512
1152958808,-96.25409642001796,-97.55780605983827,0.12410170753632599,-11.41801050892979,1.2696323438112649,-1.3035556274821767,0.0,-0.0339232836709118
99383184,-25.402230681218498,-25.409727409590918,0.7441635043252717,-0.865836495674623,-0.09659999999999616,-0.001958935160724428,0.0,-0.09855893516072059
1884479183,27.8811913963898,27.876663148432005,0.5562543624083531,-0.67292257784928,0.0860423858180434,-0.001434058800809968,0.048,0.03660832701723343
750706178,-12.759783785517357,-13.124068247796881,0.1148649796949428,-6.035598249382776,-0.18451389687233866,-0.3641525226439211,0.0,-0.5486664195162598
1817682476,-16.622463514495394,-16.622977245107283,0.7991562621878359,0.2266562621880146,-0.03434999999999053,0.00587277670204991,0.0,-0.028477223297940616
1042990304,13.796482742402077,13.787511047184893,0.3536749010650908,-0.9471903302496678,-0.24716439394981596,-0.00772083586075073,0.0,-0.2548852298105667
1108039791,1.6951724126920453,1.667011611652521,0.6393819755591892,-1.6781180244406029,-0.27809999999998486,-0.0240727079328246,0.0,-0.3021727079328095
1425572694,-7.2706049142018605,-7.284200871841541,0.9685170513196937,1.1660170513196313,0.003949999999998251,-0.004215704852711336,0.097,-0.09726570485271309
1735557126,15.055732931638223,15.055086212264733,0.7024238471802278,0.254306778024117,-0.03584936553248714,0.004287273237384644,0.028,-0.059562092295102495
1353732788,4.496313796347662,4.48190292264515,0.5861568766011089,-1.200452985439756,-0.05359829586122733,-0.010975074862644556,0.19599999999999998,-0.2605733707238719
940329249,12.084207707570268,12.084110728269112,0.9909780692112946,0.09847806921136337,-0.008925000000004051,0.009723396035421474,0.053000000000000005,-0.05220160396458258
371140811,-31.712721657629388,-32.21034251252385,0.639224655442078,7.054224655442052,1.6037499999999936,-0.493534773293215,0.020999999999999998,1.0892152267067787
1927074785,-12.222440096918945,-12.2353340521768,0.42008152487460393,-1.1355155330445408,-0.10889179405432939,-0.01112927038244455,0.0,-0.12002106443677393
357676500,48.79848090532627,48.79775502758114,0.4180271937651696,0.26942118423232997,0.01783272114394058,0.0010215896021403157,0.131,-0.1121456892539191
1956460483,-16.632418165321724,-20.557866655584178,20.240244611139843,19.812744611139703,0.025650000000008978,0.1712265289253014,0.0,0.19687652892531038
950659910,15.296580821887982,15.29632250608342,0.9864954345592594,0.16072205964362085,-0.04954640249493875,0.009473416619501745,0.05,-0.09007298587543701
1929821862,-45.13299020175509,-49.590270416990826,33.49942570031047,21.112271822889483,-1.238715387742205,6.7648350072704835,0.0,5.526119619528279
1530964271,14.714082375596263,13.73108585385813,16.23690705635761,9.914618105293487,-1.3276806797235152,1.653374985829821,0.0,0.3256943061063058
1039561123,11.177963939027904,10.42594080927198,24.557614805394422,8.671926716456525,-7.14855964002187,5.2787413195453485,0.0,-1.8698183204765213
2033770822,-38.776491979026105,-45.16657596737549,26.764610017553537,25.278615445370797,0.1931792943837483,0.7733595055678814,0.0,0.9665387999516297
1995875399,11.511037508025765,11.364191153253897,3.4071156032828327,3.832053689235949,-0.0,-0.030761987430535067,0.0,-0.030761987430535067
531993114,-27.086081107539897,-27.086344581987685,0.027318960010319415,0.16231896001034585,-0.02430000000000376,-0.00025601119202794823,0.027,-0.05155601119203171
1047986578,14.203700820156882,14.134485424670409,0.8016181043899451,-2.6308818956097957,-0.41189999999998417,-0.06278947963361663,0.0,-0.4746894796336008
579771905,26.975491292838953,26.96567025766708,0.8778241065417518,-0.9910113607759394,0.2616369654244756,-0.002115283551611544,0.003,0.25652168187286406
1372588245,-15.338177201745538,-15.355125636253897,1.0243615328965348,1.301861532896588,-0.10545000000001893,-0.006455269007577151,0.143,-0.2549052690075961
320685970,-21.962731394026836,-21.966959382658008,0.6752298540649377,0.6502298540649338,0.002250000000000277,0.00033136492703251977,0.029,-0.026418635072967205
1363750732,8.65860121796999,8.65834663113395,0.16955777512832526,0.1595577751283468,0.0019999999999996305,3.2911555025596335e-05,0.43500000000000016,-0.43296708844497495
1574666743,62.69882585967997,62.54973406516265,0.7340572300321213,-3.8612406622395206,0.04595297892273952,-0.1437033943476946,0.012,-0.10975041542495508
1569991180,-59.64953624654855,-59.65650585506023,0.27734181206254505,0.8348418120626953,-0.08362500000001617,-0.006200423704499885,0.062,-0.15182542370451607
376784156,-29.476940340930014,-29.477687923568656,0.9961165834617844,-0.2734195747638697,-0.05078144632903361,0.009174899839835228,0.0,-0.04160654648919838
930460386,19.97592578589177,19.975757996614988,0.880590659805705,-0.12953350021706633,0.1414173824031915,0.0075866098245856205,0.118,0.03100399222777711
228034093,-16.91221701971088,-17.151555880349875,5.839443807246383,4.892227106737754,0.4357196822339602,0.10165217914088476,0.28,0.2573718613748449
617281634,3.792279756376782,3.501702458320924,0.5880222201174092,5.39052222011799,0.624325000000121,-0.28711959674233983,0.017,0.3202054032577812
871908029,18.58698302981675,18.539863907559013,0.4968060497218829,-2.1706939502780354,-0.08002500000000028,-0.044650959747334,0.021,-0.14567595974733427
1871181429,-6.4924984606350336,-6.529362074908087,0.48318841306866034,1.9199899550011492,0.2586242775478619,-0.03452890384781505,0.0,0.22409537370004684
1034487167,-10.344782688398555,-11.935303683459768,13.276585923511675,12.611585923511814,0.20614999999995215,0.17215634278267003,0.20500000000000002,0.1733063427826222
418523138,23.731314771517646,22.779487245784043,0.46616484964160065,9.756164849640474,1.3934999999997502,-0.9496544290631894,0.0,0.44384557093656074
413849587,33.38658399107044,33.38537995939401,0.4619915959259373,0.34699159592597395,-0.022999999999999302,0.0009303306706294013,0.0,-0.0220696693293699
1767142361,18.320204945220933,18.31738652362701,0.5603212609887152,0.5308880855624927,0.0,0.00032117756123775323,0.38300000000000006,-0.38267882243876233
73968934,-22.307351303312316,-22.61488916358914,3.9893903826831263,-5.545609617317334,-1.2395500000000237,-0.14838550402237888,0.0,-1.3879355040224026
1476768142,29.82465697344055,29.82464277167465,0.43481476960184295,-0.03768523039813987,0.014175000000000115,0.0018764370727374288,0.002,0.014051437072737543
2006540029,41.41061315182886,41.41057825330131,0.29657497571261615,0.059074975712343214,-0.06412500000007887,0.0008446686346352492,0.016,-0.07928033136544362
1083134953,-41.02537842152263,-41.027987854784854,0.49832612131967835,0.5108261213196919,-0.0046250000000009305,-0.0001261440303300576,0.08600000000000001,-0.090751144030331
1978568123,-11.18792187045391,-11.204070246174807,0.6157625947003851,1.270762594700395,-0.07205000000000092,-0.0123567399905753,0.038,-0.12240673999057622
598782939,18.592900839776732,18.539382467181156,0.0940961745607467,-2.3134038254393694,-0.24074999999999508,-0.05342983169490542,0.253,-0.5471798316949005
696026687,14.018082876378685,13.883268084427375,3.6717133868442176,3.671713386844208,-0.0,7.283063041541027e-16,0.0,7.283063041541027e-16
1849470620,28.613530316384626,28.57701450002418,0.37330419474780285,-1.910911205693406,0.09136861601766277,-0.035122256142283204,0.24099999999999996,-0.1847536401246204
452614947,-3.4878350396356836,-3.488335069577731,0.023886507105046917,-0.22361349289503063,0.01485000000000347,-0.0004943242898303645,0.0,0.014355675710173106
1951337700,20.57251525918946,20.551169982708856,0.6749437786998129,1.461002275172779,-0.24367813390661563,-0.01678978543654455,0.0,-0.26046791934316016
673927504,13.993737181219403,13.993072573474594,0.2676473155858332,0.2577998729265161,0.004037451490314149,5.1743110593747284e-05,0.42000000000000015,-0.41591080539909225
1397290030,15.54682866246003,15.544970369990642,0.4310791655123296,0.43107916551231185,-0.0,1.529332216421153e-16,0.0,1.529332216421153e-16
1358237755,20.277514811965695,20.133940275326946,0.020876926797626538,-3.789123073202406,-0.11430000000000526,-0.1435701781780233,0.07300000000000001,-0.3308701781780286
1674080591,27.013112642484497,27.01302067354219,0.756599560842588,-0.09590043915745206,-0.034099999999995315,0.005632460012366049,0.074,-0.10246753998762927
73040308,-2.9158735127621185,-3.5134584014180605,0.5378614964367898,7.7303614964369025,1.0069500000000193,-0.5946919387624496,0.0,0.4122580612375697
616698250,-8.749710523915274,-8.751332735614767,0.5777668928167543,0.4027668928167927,0.03849999999999761,0.001715934124858331,0.3800000000000001,-0.33978406587514415
1968475116,9.049877268091223,5.271101524222754,10.851573393216142,19.439073393216223,-0.9446250000000013,-2.6012092927849033,0.0,-3.5458342927849045
1318820895,34.506974972808166,34.452167836376724,0.3764075961969553,-2.341092403803027,-0.08152500000000291,-0.05339030964669467,0.0,-0.13491530964669757
1661063413,3.1105932942459185,3.1044858834360443,0.781499252070887,0.7814992520709181,0.0,-4.851674617611934e-16,0.06000000000000001,-0.0600000000000005
384727916,-10.995021780117895,-13.351611434397526,21.133612804602535,15.351187753003448,-0.983012258771767,2.109706247468972,0.0,1.126693988697205
1327329833,-10.406184396990284,-14.18424970459033,34.952245966442945,19.437245966443,-2.172100000000003,8.438529673387222,0.0,6.266429673387219
1997384922,-45.347686043461884,-45.573770560094516,4.4873345568763625,4.754834556876087,0.0053499999999935014,-0.024722802379262384,0.001,-0.020372802379268883
1004908443,29.15958645252233,29.153587002703464,0.39974783409120107,-0.774561154387708,0.046972359539147086,-0.0044014665102581245,0.026000000000000002,0.016570893028888957
154363515,31.151500597546548,31.15107570760399,0.21106152699530867,0.20612858670175677,0.00039463522348393124,2.057973921927754e-05,0.43500000000000016,-0.434584785037297
2014446275,13.596769595184014,13.370005345461411,8.639477002493038,4.761977002491751,-1.5510000000004862,0.5196413790434578,0.0,-1.0313586209570285
1304474003,-13.288116745407024,-14.617148763041534,17.011398557234017,11.528365094992916,0.43864267697928044,1.5648447910961256,0.0,2.0034874680754062
1150463758,32.92690863033022,32.92676117259392,0.4810678229242029,-0.12143217707581666,-0.09037499999999847,0.0021668047662365976,0.0,-0.08820819523376187
722704839,-35.674961503809755,-35.71772852810827,0.7071233773401246,-2.068018962642979,-0.804791278595122,-0.037766789590700386,0.0,-0.8425580681858224
2067026967,7.048843542314746,7.045473187826859,0.5930475422294421,0.5805475422294526,-0.00012500000000005684,0.00014669938555723905,0.093,-0.09297830061444282
1900202723,2.8483363485775044,1.2468547387247948,21.472465862667022,12.65496586266715,0.26452500000000667,3.009186292381297,0.0,3.2737112923813037
1729566117,14.178032318301732,14.17791040028014,0.9233483496975765,-0.11041649405374754,-0.25844121093783456,0.008403803727301169,0.003,-0.2530374072105334
263165174,2.77258391075884,2.7699761606405984,0.02723250143364453,0.510661347493778,0.09185148075143595,-0.0026003340268982763,0.0,0.08925114672453768
1798040284,6.371912080166891,6.371606546598466,0.37520481459006305,-0.17479518540993122,0.1319999999999965,0.0011022529604907138,0.169,-0.03589774703951279
1719712801,5.203938923245005,2.09312784779397,20.999991532105668,17.63749153210579,-0.20175000000000107,1.2991853680340626,0.0,1.0974353680340616
1937508014,8.147134585019288,8.096592670594077,0.5593471042832476,-2.2481528957170536,-0.3649750000000271,-0.04741322259450919,0.020999999999999998,-0.4333882225945363
1554146986,9.497026107435886,6.6477891316144575,22.56073836785798,16.879682982276144,0.34086332313484136,2.240632181207963,0.0,2.5814955043428043
736551086,-51.27347285599493,-51.40465438265971,0.6148079087764842,3.621899041452963,-0.03007091132677994,-0.12740163901783777,0.011,-0.16847255034461772
1934617883,-104.38526677793561,-138.33979118863954,4.027498934799937,-58.270510904490905,-5.606820885535502,-33.79231693400579,0.0,-39.399137819541295
1866589806,24.513971193537667,24.22782758682946,0.6218690774686166,-5.349239260943623,0.7762440839935643,-0.2822763952130901,0.074,0.41996768878047414
1550772836,-5.246432413723596,-5.318265773778004,0.6506720318445076,-2.680174622191757,-0.6994777973475972,-0.06759961912416067,0.0,-0.7670774164717579
805140357,-10.092541420617126,-10.422891167116484,7.075517891697004,5.747605992927475,0.3186988557047006,0.17027978785788583,0.065,0.4239786435625864
1235318337,29.35402240430267,29.34752214931399,0.8062415884013632,0.806241588401388,-0.0,-4.007905118896815e-16,0.0,-4.007905118896815e-16
1071155847,-8.881156685046822,-8.947816535000305,0.39500379951304865,2.581856889013864,0.021868530894988032,-0.06509956993718605,0.011,-0.05423103904219802
1562674616,20.965370385238202,20.9650220478386,0.2216379917391862,0.18663799173916695,-0.015049999999999803,0.00014289659421750216,0.0,-0.014907103405782302
139719931,4.808782467371202,4.788958034087823,0.9613640649479578,1.407992659191768,0.04019657348194732,-0.01058222462964645,0.0,0.02961434885230087
1665521694,1.2525664420866378,1.223743780970471,0.36085019708585264,-1.69772380310128,-0.39112906003555037,-0.02752053246879775,0.027999999999999997,-0.4466495925043481
2116675256,7.9940928367374875,7.962090625114239,0.48858380231908427,-1.7889161976808303,-0.20497500000000135,-0.029615070304362657,0.079,-0.31359007030436403
1119937587,15.515019598309518,15.492293667051472,0.4674877692685726,-1.507512230731356,-0.11850000000000031,-0.02054048311388923,0.035,-0.17404048311388956
1420634725,-34.5423772165359,-34.5615249178467,0.9118578624105851,1.3837521928004373,-0.05662731964677542,-0.01083285369840017,0.0,-0.0674601733451756
1565636724,9.752622923410774,9.737583335267901,0.743640014397414,-1.2263599856026133,-0.05910000000000263,-0.009509583432742557,0.013000000000000001,-0.08160958343274519
1065222117,18.475123032951743,18.47509484733788,0.9180901251301492,0.05309012513013123,-0.02595000000000115,0.0084007091647516,0.11,-0.12754929083524955
1152188745,-17.425263506157165,-17.42577577801657,0.13133423501578534,0.22633423501578598,-0.023750000000000604,-0.000339785046529995,0.042,-0.0660897850465306
1537392607,17.38406621875998,17.380832149107984,0.5932520016187652,0.5686888122685212,-0.001473791361016618,0.0002854097222529012,0.065,-0.06618838163876371
227851923,-19.958647034558453,-20.124579117676472,5.0258984131697275,4.073476195069971,0.028572666542993515,0.08666446547700257,0.0,0.11523713201999608
2052732323,18.57519696124291,18.06645964693775,0.7513179874127474,-7.132582381614374,-3.074721143920576,-0.5030925271230584,0.0,-3.577813671043635
200203989,-16.944352641974547,-19.409142346667497,20.520201859529962,15.699648737130875,-0.24102765611994112,1.7459971388656184,0.0,1.5049694827456772
1684247968,15.05294508107545,15.051966942275351,0.385252106323577,0.3127521063235541,-0.013775000000000807,0.0005060530541693297,0.0,-0.013268946945831478
279513966,-16.085915058837855,-16.094488259597476,0.9034158039271034,0.9259158039270972,-0.002699999999999778,-0.0004115996117670806,0.03,-0.03311159961176686
1526387066,24.710555204810124,24.707991769038006,0.5338038388276658,0.5063038388276491,0.004950000000000802,0.0002860296113553856,0.087,-0.0817639703886438
157374347,-48.922350822831504,-52.643684695625716,23.633259116204286,19.29075911620434,-0.6079499999999957,1.863975491742321,0.0,1.2560254917423253
393382022,-76.26196866732244,-78.95819279048544,0.4845675148055193,-16.420183078038477,0.33809501185705304,-2.6938760663989636,0.0,-2.3557810545419104
798663967,21.8783623563304,17.992875602674825,19.2966638878069,19.711638069058523,-0.09544406168787671,-0.16187438166566323,0.0,-0.2573184433535399
1363010260,11.25669946115704,11.255308905528308,0.6320984541822554,-0.3729015458177969,-0.03015000000000239,0.002604928929062944,0.0,-0.027545071070939446
342382084,-4.022819771016657,-4.06202573294211,0.09845588270766825,1.9800495429522196,0.03763187320488353,-0.03910902631705548,0.0,-0.0014771531121719472
169504417,32.555234214798475,32.546264805351186,0.9470696620255694,0.947069662025553,-0.0,3.1086244689504386e-16,0.0,3.1086244689504386e-16
114091129,26.866767818455628,26.862869289427927,0.8385528704786225,-0.624382016693398,-0.21944023307581018,0.0031331801381782264,0.0,-0.21630705293763194
1851215889,16.98998845809001,16.464115952282437,0.8592067357105293,7.25170673571108,0.5753250000000684,-0.518490143660671,0.0,0.05683485633939733
1559728228,30.398536915314253,30.398101516269662,0.20866217783586194,0.2086621778358353,-0.0,1.111610803405938e-16,0.0,1.111610803405938e-16
479786295,-37.41666330006774,-43.214415543497964,14.897457320530307,24.078522054790295,-2.3870768309076458,-3.5784098972600056,0.0,-5.965486728167651
419993758,-5.720991554791908,-8.182241281404886,0.8480321414812124,-15.688370618432554,-5.29164888317253,-2.4540581414831264,0.0,-7.7457070246556565
782326312,26.621895417802545,26.606249059154138,0.36966381203163223,-1.2508540541728812,0.0648207146481906,-0.014279845309149752,0.038000000000000006,0.01254086933904084
76023496,24.367663852200277,23.6947018626985,0.9434277807192046,8.203426049534285,0.798599809569654,-0.6640614297274492,0.005,0.12953837984220484
700133142,8.357324861426605,8.34301416212244,0.3662266489567543,-1.1962733510433348,-0.1250000000000013,-0.01296947972010356,0.0,-0.13796947972010487
157914983,34.4756701817385,34.47160055842149,0.7529359934198538,0.6379359934198305,-0.016099999999999847,0.0015995027848659615,0.017,-0.031500497215133885
1301437821,-48.70183317589824,-49.852951952401796,8.64402034905136,10.729020349051247,-0.312749999999996,-0.4039278985554175,0.022,-0.7386778985554134
1256179397,-27.160488557463395,-27.160835278762747,0.21577997051144848,0.18620453790195243,-0.0020702802826654534,0.00011888865738641938,0.0,-0.001951391625279034
210325079,20.514957870455166,20.511670277735316,0.3375362180237431,0.5733753325570494,-0.018867129162662293,-0.0021482857350713517,0.001,-0.022015414897733645
586685917,46.69165788382634,46.687114814108504,0.608477024291517,-0.6740229757085743,-0.06412499999999985,-0.0008406268269238199,0.0,-0.06496562682692367
32633702,-35.88287484666216,-35.92700417258912,0.06042854223970551,-2.1006981203153243,-0.28094646613213836,-0.04409280983979121,0.0,-0.32503927597192955
665974719,28.902737642660824,28.899842485172982,0.5380666768942604,0.5380666768942506,0.0,1.049160758270773e-16,0.253,-0.2529999999999999
1777095753,40.98551849426856,40.98441335396334,0.5763803457205512,0.3324365060007701,-0.024394383971980276,0.0022170027241094205,0.07400000000000001,-0.09617738124787087
1633276083,19.69916931928674,19.698839977112154,5.3835221295629765,-0.1814778704372646,-0.8904000000000165,0.2894937630203584,0.0,-0.6009062369796581
1943121152,29.27665731398169,29.275241381882175,0.04514026217287892,-0.3762887321614046,0.008428579886684127,-0.0013955556668260108,0.081,-0.07396697578014189
127033848,-66.03992537007292,-66.04834577271703,0.4381875652401277,-0.9176275194277754,0.10846520677342739,-0.006500319220801012,0.007,0.09496488755262637
587309302,5.821819569066225,5.818336300580323,0.6126922132578159,0.5901922132578217,0.0020250000000001534,0.0002706489959659486,0.09899999999999999,-0.09670435100403389
124760402,7.162183696536886,7.117468331026408,0.7875913548202078,-2.114600801817636,0.08706576469913925,-0.038512364088602584,0.0,0.048553400610536666
1030927555,6.678499557711301,6.674566504813089,0.6072521737514478,0.6271405662378831,-0.004375446347016136,-0.0002455008729531405,0.127,-0.13162094721996928
389818986,-20.77413728843021,-35.72317590237016,48.54730780355777,38.66398662054904,1.7789978129416382,8.61937233579386,0.0,10.398370148735498
68390341,-30.808147988765995,-32.43797126285663,6.653953203966452,12.766453203966375,0.12224999999997399,-1.187072341684879,0.0,-1.064822341684905
352508899,-43.80064133301312,-45.092089189275086,0.353311264054625,-11.364188735945767,-0.5858749999999868,-1.2901995677688876,0.0,-1.8760745677688744
1708266319,-26.15201021739267,-26.308468192306396,13.160476898096846,3.9554768980961494,-1.6569000000000595,1.5755235469396842,0.0,-0.08137645306037533
1576190945,7.862058625273843,7.569295253951358,5.435761234082335,5.4107612340823605,0.007499999999999503,0.0027116306170384165,0.166,-0.1557883693829621
1616490127,2.655687596965203,-1.8184722448847692,21.247209912559924,21.152209912559897,0.04654999999999025,0.04027944883387534,0.23099999999999998,-0.1441705511661344
1129916971,-24.323053252936486,-24.33520669293338,0.9824264146369757,1.1024264146369855,-0.0072000000000001195,-0.002501823395128958,0.078,-0.08770182339512908
349293115,34.27761865750713,34.275999862939244,0.112316700734155,-0.4023424620750281,0.0,-0.001492644155247897,0.119,-0.1204926441552479
1421917339,25.76733161702266,25.767330415655714,0.6680633264881095,0.010960688593415147,0.032855131894741034,0.004461884715039165,0.19900000000000004,-0.16168298339021983
1080472503,27.705076206556843,27.69785878041385,0.9995543621802483,0.8495543621802542,0.05400000000000196,0.0027736630865406453,0.43500000000000016,-0.37822633691345753
1001480616,10.32564807901872,10.31329003346687,0.9358591110831469,1.111667466099857,0.05625867360534113,-0.003599722793875385,0.0,0.05265895081146574
997026567,3.425852995194873,2.724496149825356,0.32118222636479743,-8.37470504178814,-0.5217532360891957,-0.7003252651441904,0.0,-1.2220785012333861
1762135670,6.634576329184711,6.467404302823915,16.35105047651811,4.088667586889343,-1.96198126234056,2.5063964904956366,0.0,0.5444152281550767
430783188,3.9832557069239556,2.9100838198511454,13.04940098206869,10.359400982068461,0.16140000000002047,0.6296967728353429,0.0,0.7910967728353633
300735265,-29.942291788600997,-30.650315630584743,7.609415261821397,8.414415261821503,-0.29785000000002365,-0.12899183571534245,0.14,-0.5668418357153662
1472242479,4.699794344866459,3.965816478255226,9.442250822820853,8.567250822820778,0.3500000000000263,0.15758313939937765,0.31500000000000006,0.19258313939940386
1570355073,26.473824493897876,26.458275188617794,0.15303146470799334,-1.2469685352919875,-0.1960000000000006,-0.015315118988175709,0.008,-0.2193151189881763
1761334961,0.9206898080319661,0.911269647783672,0.0669248999544294,-0.9705751000460539,-0.07262500000002735,-0.00937537082595497,0.0,-0.08200037082598231
1564796171,-1.0867096287001914,-4.926887954329732,19.49721050108448,19.59637294406682,-0.0178492397368254,-0.03876615239355147,0.0,-0.05661539213037686
7534221,27.630629413481074,27.585726147480578,0.4965390746867655,2.1190390746868673,-0.03244999999999565,-0.04243775547358985,0.0,-0.0748877554735855
1025373908,-40.89722839622118,-43.12791982896731,22.09472608254532,14.935499431710106,-0.28636906603335266,2.6510777738809566,0.0,2.364708707847604
1187409346,-30.869081020015074,-35.723634954063584,35.22805229433446,22.033052294333864,-1.0556000000000259,7.555602750475129,0.0,6.500002750475103
1806972063,18.965960732270105,18.930555129437725,0.17336234007753148,-1.8816376599223315,-0.4931999999999794,-0.035105057822808296,0.0,-0.5283050578227877
444013009,6.725903421469411,6.523532671122619,4.647730978561057,4.49856366351297,0.03729182876202367,0.013643282143968883,0.0,0.05093511090599256
887794974,34.99912283963045,34.99842478789186,0.6842066877650694,0.2642066877650917,-0.10499999999998977,0.003983336177226465,0.019,-0.12001666382276331
222231751,14.710987159611483,14.693050366540898,0.21074224049107215,-1.3392831317755023,0.2325038058399971,-0.017492670151312003,0.019,0.1960111356886851
781752649,21.269661385389554,21.269657758286183,0.7484550443165574,-0.01904495568346931,-0.07674999999999867,0.005598222430259146,0.0,-0.07115177756973952
252934894,54.258516426692964,54.25837335792215,0.7470103195931728,-0.11961135849506821,-0.08666216780881873,0.005437175404976584,0.009000000000000001,-0.09022499240384216
82994874,12.38447778563993,12.382641331634685,0.3210386803131655,0.4285386803131104,-0.003224999999998255,-0.0008057956626728333,0.003,-0.007030795662671088
1015210948,8.497268262212557,8.49433403424216,0.23401422287594187,-0.5416851456701665,-0.13962588633828754,-0.002386601405314785,0.003,-0.14501248774360234
858011393,6.986308695479238,6.922655702931025,0.34204553056926557,-2.5229544694308847,-0.8595000000000372,-0.06248304109838867,0.0,-0.9219830410984259
1640616642,32.55045028789944,32.546483173135385,0.6422395560338146,0.6298503603278689,-0.0017344873988333926,0.0001576017092936488,0.16999999999999998,-0.17157688568953972
131915791,-39.550080165961845,-42.332487301752,13.185548959162531,16.680548959162465,-0.03495000000001707,-1.043820122245439,0.0,-1.0787701222454562
2018299534,25.001017923823383,25.00055564269696,0.8882054609728414,-0.21500723858171122,-0.12135339695100465,0.007426808282594447,0.0,-0.11392658866841021
353947456,-114.33040433831229,-128.7057055336165,33.287274422781934,37.91477442278169,-1.203149999999963,-3.294874810328283,0.0,-4.498024810328246
1727886855,14.999484195489378,14.979943001239095,0.6053982169774201,1.3978982169773229,-0.05547499999999818,-0.015876124239089393,0.013000000000000001,-0.08435112423908757
260921087,-2.075278672291257,-2.078613731414549,0.3525002923558418,-0.5774997076442951,-0.01859999999999942,-0.0020924945621829246,0.001,-0.021692494562182345
627982734,37.16792410972813,37.155345130851025,0.4334395300690801,-1.1215604699304258,-0.12439999999998078,-0.010700280614840525,0.009000000000000001,-0.1441002806148213
2142033759,-11.503853858244272,-11.511524299401781,0.8758105478646172,0.875810547864619,0.0,-3.1086244689504386e-17,0.10099999999999999,-0.10100000000000002
1585972158,-8.459322498247275,-8.543280967566888,0.8766346410089341,2.8975587883529412,0.06062772442032201,-0.07627358638144503,0.0,-0.015645861961123025
311130523,40.72471853061233,40.717761094500915,0.8415266008524185,0.8341124691200607,-0.0003707065866192396,0.00012423408800661507,0.183,-0.18324647249861262
941536589,1.9422334861992567,-6.854986940816195,42.43702623802181,29.660108609065226,2.0443068206331914,9.211791532250063,0.0,11.256098352883253
1613287925,-7.479393324747186,-7.48072801991938,0.6571651984559423,-0.36533480154417397,-0.020449999999997796,0.002983965808423171,0.027999999999999997,-0.04546603419157462
1412821030,8.870682731028865,8.832355586925745,0.6020480010527365,-1.9577319556854373,-0.7423361874540595,-0.034702526147403316,0.0,-0.7770387136014628
235131514,28.986154172836905,28.984775274703306,0.37133517657214554,0.371335176572146,0.0,-3.3306690738754695e-18,0.0,-3.3306690738754695e-18
380105518,-41.00941323506231,-43.360253089239464,9.228144159642582,15.332448774338545,1.0377317844983256,-1.4992534078657007,0.0,-0.4615216233673751
1398681126,18.432528712295607,18.432412692340453,1.3152125596920712,0.10771255969198634,-0.12074999999999948,0.017181820816563702,0.0,-0.10356817918343578
975999625,-4.281110205072764,-5.1829697236863534,16.03970023558719,9.496628447052085,0.06543071788538428,1.6708603178613692,0.0,1.7362910357467536
944543555,10.43150058255007,10.430542725154634,0.33199271323177015,0.3094927132317373,0.003375000000000256,0.00014433422095449968,0.08,-0.07648066577904525
2052420991,23.62401829113295,23.601792284120794,0.3866610746914887,-1.4908389253086782,-0.07509999999999065,-0.02073093914533958,0.14100000000000001,-0.23683093914533024
1745043119,-7.738458787629497,-7.867033448358777,3.4932308980077806,3.5857308980078244,-0.009250000000005271,-0.006548039661317535,0.0,-0.015798039661322805
2016234106,3.2174155684806465,1.44648791281456,7.08767018664193,13.307620582456078,0.18659851187443086,-1.268576968919958,0.0,-1.081978457045527
221812754,-3.598891194040334,-4.361976822942183,20.055477256005446,8.735477256005243,-3.396000000000031,3.2591360507596687,0.0,-0.13686394924036227
1174196672,33.392099637723774,33.39167074114819,0.19209818337732543,0.20709818337734642,0.0004500000000000341,-5.987945501328459e-05,0.15200000000000002,-0.15160987945501328
1415747514,12.288449322362794,10.03490293962224,0.7956833786166584,-15.011816621383815,-3.00342500000005,-2.247215262350486,0.0,-5.250640262350537
1490883619,11.071457500020042,9.311961012258283,15.74210134252715,13.264601342527257,0.6689249999999592,0.718641059022192,0.035,1.3525660590221513
219250727,4.591125375176489,4.563992235805363,0.6980247698906084,1.6472139925075422,-0.13288649116636878,-0.022260753577318004,0.0,-0.15514724474368677
1100981710,40.394140661559504,40.39183075492635,0.5201136309968604,0.4806148804549923,-0.010664662646301826,0.0003952752583397168,0.0,-0.01026938738796211
63486663,-10.50779750203219,-11.270647116328092,20.122953781141476,8.734126254502517,-0.2277765505327337,3.286483074483659,0.0,3.0587065239509252
749359880,3.5516629893882055,3.548009341025295,0.7669642105609284,0.6044541639289553,-0.024376506994790846,0.0022286926399029574,0.0,-0.022147814354887888
754456382,19.07483648295056,19.041520579802857,0.548461223609138,-1.8252644506400575,-0.45100787810734444,-0.03030780600967518,0.0,-0.48131568411701964
2006146310,-9.585795802482608,-9.958935215790646,14.366013839782468,6.108513839781647,-0.5780250000000029,1.690684123140175,0.0,1.1126591231401721
1758561668,13.833477114128982,13.72713486380719,0.17042701241895486,3.261015950923761,0.2781530044653973,-0.10605179665617152,0.0,0.17210120780922578
1500424989,21.265902942497632,21.252093385901016,0.9826566600646061,1.1751406978151713,0.005774521132516697,-0.00415341548092201,0.0,0.0016211056515946865
1703367621,20.65958357303316,20.64626249653391,0.6458303201325322,-1.1541696798673238,-0.32399999999998685,-0.009150108475225516,0.0,-0.33315010847521237
1834077160,8.991326726232728,7.623264658322673,14.575684171745394,11.696418545478165,0.40309718767741665,0.7564436228346364,0.0,1.159540810512053
1694527304,3.339991850838487,3.2956447149004786,0.9758759682848819,2.1058759682851296,0.2260000000000485,-0.03482379688324876,0.0,0.19117620311679973
380886787,10.206809850311402,10.201528787740605,0.07579080294820528,-0.7267091970517381,-0.02407499999999916,-0.005223620112680483,0.0,-0.02929862011267964
947121161,3.037536150972941,3.0210037018753746,0.96720868886473,1.2857857168893456,-0.025486162241968,-0.007177522619412183,0.021,-0.05366368486138019
1102142103,-7.286856191842162,-11.235141812212195,19.12279345623776,19.87029345623771,-0.12707499999999078,-0.29147332467073567,0.0,-0.41854832467072645
1707251186,11.834113256472847,11.763670192437504,0.4458887733299548,-2.654111226669752,-0.4649999999999736,-0.06845489605352724,0.0,-0.5334548960535008
322886563,17.106003129480086,17.097761647393806,0.9078260894180801,0.9078260894180765,-0.0,6.439293542825907e-17,0.0,6.439293542825907e-17
960450037,-46.435413770273954,-49.281375222702025,23.758979935189288,16.869977630180998,0.0688900230501181,2.7989298231791992,0.0,2.867819846229317
105718252,27.787948843778576,27.786422631765518,0.41274735823651554,0.3906676353446551,-0.0011039861445946062,0.00017739180425438094,0.05,-0.05092659434034023
1097465716,12.969261544250315,12.969229869207863,0.6611919694538813,-0.056280584976336145,0.07892198098732565,0.0043400731622502365,0.006,0.07726205414957589
20498688,-6.79286201278228,-8.556358869080182,13.094002107526705,13.279671894658772,-0.09840498717999381,-0.0489679443787631,0.0,-0.14737293155875691
1853821439,17.267728044820817,12.967117451193818,0.3022313225940536,20.737913573035737,3.6784228050796353,-4.299697155903429,0.001,-0.6222743508237937
696214953,-51.67191210191595,-55.798049219731155,18.071012625952108,20.312895209238896,-0.08967530333148536,-0.860522144542,0.0,-0.9501974478734854
1343220472,38.437152904299076,38.4367408426057,0.20299302780496475,0.2029930278049683,0.0,-1.4432899320127036e-17,0.12,-0.12000000000000001
1779397040,42.07785393113877,41.512909335624975,0.09872036500908621,-7.516279634990937,-0.4569000000000198,-0.5648471384091197,0.023,-1.0447471384091394
1504367768,-79.02941807403113,-79.04447762560636,0.12967364603480291,1.2271736460350802,0.34022500000008404,-0.01489139903047073,0.0,0.32533360096961333
715338238,15.366960956291296,15.366828049656398,0.6177851399345826,0.11528513993452227,-0.010049999999998808,0.0036836781563426946,0.045,-0.05136632184365611
171778411,-23.680321932175502,-23.688583386031173,0.5785745984590136,-0.9089254015414099,0.05950000000002638,-0.004913968195852044,0.0,0.05458603180417433
1366819888,18.614493185626007,18.61418291059734,0.1510967772434384,-0.17614625419467184,0.029451872829432475,-8.197266773460704e-05,0.013000000000000001,0.016369900161697867
1351035726,-4.111118047349926,-4.113345816005378,0.41727207564412083,0.4719924422543166,-0.012038480654244958,-0.00048660880432841477,0.183,-0.19552508945857336
1728468951,45.57051322078025,45.568261918677074,0.7144788828996127,0.4744788828995925,0.01440000000000109,0.0028534986379183326,0.276,-0.2587465013620806
7731907,-12.958399031267035,-12.970998488236305,0.9024730272602142,1.122473027260325,-0.0748000000000371,-0.0044548813199474305,0.235,-0.3142548813199845
1465498801,11.922164772043514,11.921223967615159,0.35327464592008084,-0.3067253540799637,-0.09240000000000388,0.00030722532614479395,0.077,-0.16909277467385908
1128209802,11.425227758176334,7.641437969753209,23.04696593772219,19.4519659377224,-0.1078499999999983,1.5278366009221451,0.0,1.419986600922147
1395328914,13.134443978195907,13.133841933926202,0.6407459703712703,0.245365904254366,0.1383830231409068,0.0035035097157645814,0.23599999999999996,-0.09411346714332858
737379629,23.5599878260423,23.55955657030151,0.21766697878810248,0.20766697878811335,9.999999999988916e-05,4.253339575757534e-05,0.28800000000000003,-0.28785746660424255
1949742542,24.816172443566103,24.80673315500548,0.292755425358564,-0.9715600115598768,0.11378838932264762,-0.008582231169853542,0.095,0.010206158152794076
2020720309,7.21571874154688,6.751951384579855,8.250636008887284,6.810046673606758,0.05762357341120894,0.2169625885444502,0.0,0.2745861619556591
779313321,31.34295599028337,31.284347683675506,0.10541473611569074,-2.420915252706443,-0.2778962987704307,-0.05849718394196359,0.0,-0.3363934827123943
1915380775,-11.73434906446164,-11.750683656949226,0.1380685618382813,1.2780685618379763,0.2849999999999291,-0.016143963209905018,0.0,0.26885603679002407
1460519144,24.503580724072833,24.502874885540773,0.5056762187436306,0.26567621874365077,0.0480000000000025,0.0018512458499693194,0.21399999999999997,-0.16414875415002816
2074807571,-45.44505268546709,-46.06220411720999,6.531767654360394,7.855898622964129,-0.25158488403473406,-0.19051154483741023,0.0,-0.4420964288721443
900123003,-36.267083939728764,-36.27548366738873,0.17650028150345065,0.9165002815036694,0.1480000000000437,-0.008088204166255079,0.0,0.13991179583378863
1135692563,-63.62441479757284,-65.62685169081985,11.578248719580245,14.150748719580227,-0.07717500000000191,-0.6618784591223985,0.08600000000000001,-0.8250534591224004
2043361052,35.04843959760923,35.04842583799023,0.04709396042990477,0.03709396042990232,-0.0010000000000000996,8.418792085982771e-06,0.081,-0.08199158120791412
843333442,6.524856573198122,5.828663389682367,0.9801391718192747,8.343819170594212,2.1354671996447836,-0.6865864555544091,0.0,1.4488807440903746
353417389,-21.971171844601486,-25.989116336204994,23.829811028302032,20.04481102830233,0.3784999999999494,1.6606544448423437,0.0,2.039154444842293
424808910,-2.1422610657162875,-2.144164955524364,0.29010941299003434,0.43633585780641526,-0.036556611204096784,-0.0010622550930223793,0.014,-0.05161886629711916
2110665949,-29.151848620289456,-29.156207705794174,0.6302337089784231,0.6602337089785291,0.0018000000000075972,-0.0003871402253884532,0.0,0.001412859774619144
1490100063,-52.20511406507285,-53.216653948954686,0.06996608814246486,-10.057533911858503,-0.911474999999978,-1.0114909313469382,0.0,-1.9229659313469163
1736585178,-16.230804544155035,-16.2643494825555,0.4834722660994828,-1.8315277339004101,-0.46299999999998764,-0.031207484079590026,0.0,-0.49420748407957765
863893592,17.410093072245218,16.71198397059342,11.412697473289398,8.355292344686688,-0.7337772308646355,0.6043875345164623,0.0,-0.1293896963481732
2046270410,17.8441025588927,17.824271166578875,0.07176023654257335,-1.408239763457393,-0.08880000000000147,-0.019779896998338885,0.0,-0.10857989699834036
117517725,22.93373064415247,22.933730396855605,0.3153724112478642,-0.004972895165467117,-0.028831077577199073,0.0009943502808996525,0.23399999999999999,-0.2618367272962994
940815950,24.295541974275693,24.268969575740478,0.634006503675252,-1.6301042462129338,-0.18112885999105158,-0.022552756068189198,0.0,-0.2036816160592408
1324941331,9.580615949156709,9.57927194025576,0.4966072695608972,0.366607269560955,-0.023399999999992396,0.0011221789008579086,0.0,-0.02227782109913449
64661212,32.869966774665954,32.68271392689697,0.6122722097062763,4.327272209706485,0.22290000000002017,-0.18350407518119435,0.0,0.03939592481882581
1854895246,30.401887591722932,30.378019143831235,0.8949416782423469,1.544941678242148,0.06499999999998017,-0.01585924181714436,0.019,0.03014075818283581
879362092,15.800225158684043,15.75475053668858,0.43002205180302155,-2.1324779481969713,-0.9993749999999931,-0.04362543234509485,0.0,-1.0430004323450879
155968498,11.616134732348655,11.61603345927838,0.7982288108546669,-0.10063452204583401,-0.20673856656711878,0.006270419274510622,0.0,-0.20046814729260815
1609379131,-18.91281218407312,-24.445907575022883,0.23746741749592104,-23.5225325825043,-2.6136000000000092,-5.532531483206043,0.0,-8.146131483206052
1743645655,19.218641387660682,19.18783587079868,0.9160511579359394,1.7551500466342569,0.15942878885267622,-0.02241401962244459,0.0,0.13701476923023165
1345788033,-31.871135043684262,-35.855519798322604,18.313172269389824,19.960923712690096,-0.08238757216503344,-0.6306619689548535,0.0,-0.7130495411198869
1506410196,18.62238002398194,18.582915800550616,0.48093956972532226,-1.986560430274496,-0.024675000000010647,-0.03715119473404812,0.052000000000000005,-0.11382619473405878
734812811,-48.845821995108054,-49.69361469792002,14.662565925975244,9.207565925976118,-0.2181999999999985,1.302115692523738,0.0,1.0839156925237394
2001204334,19.006994262497756,19.00657179057379,0.20554121824216054,0.20554121824214633,-0.0,5.842548667089886e-17,0.0,5.842548667089886e-17
1746508753,-7.391295811137752,-13.995591587734918,25.626035893941562,25.69882444120191,-0.010190396616450404,-0.03735862022135279,0.0,-0.047549016837803194
1607147264,30.816571178169397,30.52440024922803,0.8252837940428464,5.405283794042347,1.4655999999998,-0.28535999553427077,0.0,1.1802400044655292
1456005942,21.870408700189728,21.86491822223304,0.21347759458053872,0.7409775945795207,0.07912499999984521,-0.005034751122809596,0.0,0.07409024887703561
1595538931,31.68455658660736,31.68450504010245,0.3917958946659468,0.07179589466602421,0.06399999999998363,0.0014834937258619482,0.43500000000000016,-0.3695165062741546
2037076975,23.488493924756767,23.461074652934474,0.9370509951619681,1.6558765600820493,0.17970639123001517,-0.018638626146951262,0.0,0.16106776508306392
922286724,-6.365995316336921,-6.853043566640218,6.032652795887827,6.978884225313508,-0.10408545723682376,-0.12311925274596504,0.0,-0.2272047099827888
699330154,-7.905985073512056,-7.921404458061459,0.8768130763453854,1.2417481447299352,0.12407792325074422,-0.007731372840899775,0.0,0.11634655040984444
1377232363,8.320897704412113,8.314774495459847,0.7825093579163394,0.7825093579163496,0.0,-1.5987211554602254e-16,0.3560000000000001,-0.35600000000000026
987011049,17.301842292732545,17.23248962405501,0.23901051497175274,-2.6334894850281163,-0.25852499999999945,-0.06878140841486591,0.0,-0.32730640841486536
808089667,0.5058394596217113,0.47906966242404725,0.678646610922442,1.6361478294354719,-0.2298002924431183,-0.022164184972498894,0.0,-0.2519644774156172
2015846335,22.177925127078314,22.174089229169006,0.6193462609322751,0.6193462609322831,0.0,-9.880984919163893e-17,0.32200000000000006,-0.3220000000000002
928331244,1.3978585444492637,1.3687995052130961,0.8170776520550476,-1.7046712068949725,-0.27739237448450393,-0.02238288034128973,0.0,-0.29977525482579365
1601489464,-15.452432909064752,-15.46202521563251,0.9794032146035505,0.9794032146035541,0.0,-6.88338275267597e-17,0.066,-0.06600000000000007
1132032149,25.309748367089924,25.22135294618084,0.9581367427195175,2.9731367427194213,0.16119999999999007,-0.07921516073159084,0.0,0.08198483926839924
1677304860,17.536018416627485,12.627965824986418,35.19762586937425,22.15412510491233,-2.2173951299585464,7.480676076763366,0.0,5.263280946804819
903878090,27.037914327720266,27.03644655767063,0.6529108700882631,-0.3831148717598294,-0.010360257418471413,0.0027951559931586227,0.10600000000000001,-0.1135651014253128
1377519076,-6.20009912264868,-6.4865002546196475,0.1587794200947883,-5.351645840028724,-0.6612510312148452,-0.28614902292851113,0.0,-0.9474000541433563
1943661346,-61.846306512103254,-62.444470491354984,5.274106149075749,7.73410614907586,0.04920000000002767,-0.3200020225345441,0.08,-0.3508020225345164
1335631520,54.26149177738513,54.25903690003559,0.407623322995434,0.49546718857473265,-0.023717843706411845,-0.0007933096150430977,0.43200000000000016,-0.4565111533214551
828836110,-41.213019800168695,-41.21312020450923,0.87442781096901,-0.10020196631665845,-0.16568706213856862,0.0075458356254233,0.0,-0.15814122651314533
99648600,5.26759060625956,5.265303907063199,0.14819443706136326,0.47819443706105247,0.003299999999993713,-0.002067083284602025,0.009000000000000001,-0.007767083284608314
917213465,-12.888317040518814,-13.623619652477519,13.522478786905168,8.57497878690498,0.29685000000002243,1.0932717134642986,0.0,1.3901217134643211
1619390795,-18.67274182690987,-19.35984396630031,7.439162438934545,8.289162438934584,-0.11900000000000167,-0.1336907614618937,0.12200000000000001,-0.3746907614618954
577669131,27.900653068124825,27.869650301437378,0.41746252356665536,-1.760760253056786,-0.544555694155855,-0.029260017101619573,0.024,-0.5978157112574747
1892892678,-35.78173405836824,-35.80365632882078,0.8849446834801142,1.4806171163585922,-0.029783621643922027,-0.014090999524343133,0.025,-0.06887462116826516
969974631,-13.331311194755472,-13.339762105191207,0.9589614994009139,-0.9192883353842978,-0.2441724785220716,0.0007451611375961587,0.0,-0.24342731738447546
311831982,14.284442592801497,12.956324908132945,21.59783037968367,11.524398833208402,0.0,3.336545086427318,0.0,3.336545086427318
633196901,11.81466318736966,11.801550231422,0.3823818424433796,-1.1451181575566896,-0.12220000000000278,-0.011650797213356337,0.0,-0.13385079721335913
131996985,24.286079932362643,24.27045516255068,0.5325092075554778,-1.2499907924445979,-0.17824999999999722,-0.012789109250649109,0.054000000000000006,-0.24503910925064631
1833479134,-16.39743554465349,-29.442028382856474,36.11480124208728,36.11729895521395,-0.0003996341002665637,-0.0018041506482927617,0.0,-0.0022037847485593255
359076107,25.493547227801173,25.493471299811453,0.13713666835396054,0.08713666835399181,-0.011499999999999545,0.00011213666835390606,0.0,-0.01138786333164564
335924090,-44.95296907344325,-49.152500413162365,2.004981575913604,20.492758086014472,2.403410946313029,-4.1593318285215855,0.001,-1.7569208822085565
1257987145,-18.8002248324971,-18.80358193054686,0.6069046987863658,0.5794046987863717,0.004399999999995905,0.00032623508433243245,0.064,-0.05927376491567166
238493528,-9.63854627289818,-11.22743639300814,12.632218882989278,12.605118484607592,0.007859115530689392,0.006839418967548738,0.051000000000000004,-0.03630146550176187
744212987,18.93330645290007,18.93157471750561,0.7686412493924735,0.4161412493924219,-0.05992500000000269,0.004176358308217367,0.0,-0.055748641691785325
1824030909,22.898556254795096,22.89329542011127,0.4278161161748102,0.7253161161746497,-0.04462499999998402,-0.003430568391237794,0.036,-0.0840555683912218
311014341,55.696978081644716,55.69673371615675,0.1636780604110868,-0.15632193958894902,0.028800000000005592,2.3539586630843477e-05,0.3990000000000001,-0.37017646041336366
467222588,-21.921519714169335,-22.620219021662365,0.6482570127636507,-8.358823526627585,-0.5404248323633674,-0.6944969359470557,0.0,-1.2349217683104232
531443561,-8.96076722568614,-9.639234627327982,8.236913266763494,8.236913266763477,0.0,2.842170943040401e-15,0.0,2.842170943040401e-15
919122152,-4.562782188672237,-4.584074809561426,3.601699125862794,1.4591991258628525,0.47134999999998,0.10842974504321902,0.052000000000000005,0.527779745043199
612233965,-7.155300206719403,-7.315109714113558,0.5773578376998216,-3.9976181332657976,-1.097994233031722,-0.15647608666662108,0.0,-1.254470319698343
279136832,29.517272765021495,29.516502777862357,0.8166103400738933,0.2774864247377923,0.05391239153360735,0.005898537316018372,0.174,-0.11418907115037427
1274020358,-30.596200581030644,-30.59634032329372,3.999464782790639,-0.11821263175950136,-0.24706064487301865,0.15981744322475067,0.0,-0.08724320164826799
509774083,-22.68072658539322,-22.687086846018627,0.7700124215588744,0.7975124215589011,-0.00467500000000425,-0.00043106933185780736,0.07100000000000001,-0.07610606933186206
296914879,-18.515533258845608,-18.523352679955217,0.6025870407746652,-0.8842749068931415,-0.10408033633675758,-0.004188309692513061,0.0,-0.10826864602927064
380340509,-74.81434154470844,-75.53290008403715,15.683216769736362,-8.476783230263154,3.1407999999998295,1.7410743431366922,0.0,4.881874343136522
1943476184,43.712324587691995,43.70573379637977,0.8191943185267405,0.8118368870795307,0.0003678715723611549,0.00012000200283508123,0.304,-0.30351212642480374
1125217916,-48.11034620892098,-48.11148795733106,0.13868655807114294,0.33789767831094564,-0.21913223226380713,-0.000949408796183068,0.091,-0.3110816410599902
1938736026,-18.465579758364985,-18.46598066906323,0.14098932162482924,0.20022754512008922,-0.007700969054385606,-0.00020213081012587824,0.065,-0.07290309986451149
1940157388,-24.369168068340514,-24.479818890158544,2.8664218286026966,3.3264218286024776,0.009199999999993923,-0.028487080823130242,0.0,-0.01928708082313632
1855914678,15.483444926916404,15.483388859549184,0.8148781458232577,0.07487814582329477,0.05919999999999776,0.006584196558184159,0.071,-0.005215803441818073
1051613351,-36.297406626043085,-37.786563985615274,0.44189646207814803,-12.203103537920946,-3.667049999999813,-1.487204634740215,0.0,-5.154254634740028
1925788965,28.749349870719016,28.27042971069836,0.3928155674377507,6.920405768599538,1.2402421382207247,-0.4773771193204433,0.0,0.7628650189002815
686246359,30.015229984475315,29.95648160516969,0.3536935038947888,-2.4238064961053762,-0.4999500000000031,-0.05749738835865248,0.069,-0.6264473883586557
1960755633,9.38675709712287,9.359586054464634,0.8512427937449019,-1.6483641180951705,-0.1999685529472004,-0.019924899719210437,0.08700000000000001,-0.3068934526664108
972842241,6.209527740246907,6.20951698791216,0.4222092471156458,-0.03279075288431876,0.018199999999995317,0.0017718541487523997,0.121,-0.10102814585125228
1174627525,25.950959307830505,25.931977987554724,0.836712963280462,1.3777271237723872,0.07033184086394506,-0.01198043444656563,0.069,-0.010648593582620575
321422727,-31.85225444646312,-31.853162261825037,0.6387997447584297,0.30129974475854837,-0.040499999999986866,0.0031728357771186855,0.0,-0.03732716422286818
1517941245,23.30455513599784,23.30062928680176,0.9209340261330397,-0.6265659738669136,-0.06190000000000837,0.004555345608818163,0.047,-0.1043446543911902
1787075831,-20.254954714224166,-21.449448954772837,3.6542920198365465,10.929292019836746,-0.3637499999999887,-1.0609557388862612,0.001,-1.4257057388862497
1682813998,4.3427449689406785,4.34269687823984,0.7326038285831942,-0.06934745910158002,-0.11227318027587208,0.005318992995709088,0.0,-0.10695418728016298
1012656582,12.509888797500025,12.509809716866963,0.8789272922460185,0.08892729224595719,-0.015799999999998048,0.007646051217487202,0.0,-0.008153948782510845
727987664,21.032988368284773,20.565510678378516,0.02059168597520511,-6.837234016078854,-0.7543608272259446,-0.4674734497309448,0.136,-1.3578342769568894
277310391,27.72393524988681,27.59138270402042,0.5123922186068768,3.6407766460796736,0.18770306564837416,-0.12992708800950278,0.078,-0.02022402236112862
551290549,8.903733509302503,3.431773685258883,19.939720553088748,23.392220553089054,-0.44882500000002823,-1.4960352666909216,0.013000000000000001,-1.9578602666909497
2049518179,38.41106274680533,38.30763453699139,3.6235256499901,3.216025649990047,-0.040750000000001126,0.027871171547422725,0.0,-0.0128788284525784
509854283,-48.13334554089124,-48.72693093880737,4.869449350317936,7.704449350317837,-0.48194999999998567,-0.3564700281630118,0.0,-0.8384200281629974
1710156765,4.363648302193106,4.353984388416971,0.863052072686628,0.9830520726866077,-0.039600000000001294,-0.002215324974447507,0.055,-0.09681532497444881
1789186992,25.356456347641142,25.354288088004736,0.6253507354668955,0.46564574908467166,0.007985249319110203,0.0017423757870836205,0.0,0.009727625106193825
84794743,14.982396292538935,14.9823343411424,0.593709209458197,0.07870920945809878,0.06695000000001752,0.0034629548574195844,0.20799999999999996,-0.13758704514256287
1487220134,-21.896961185102555,-21.91959070455128,0.771400245174263,-1.5043111197064134,-0.04551422729760421,-0.016678936066174502,0.0,-0.06219316336377871
682327302,-18.003007806453752,-18.00520043739355,0.06207780959616116,-0.4682553726120816,-0.037123322754581536,-0.002154094395358222,0.0,-0.03927741714993976
1159224072,-25.619417839912785,-25.625300729188726,0.2244999527989222,0.7669999527992868,0.0379750000000294,-0.0053788869878738975,0.0,0.0325961130121555
1153453558,20.40410446052556,20.386828916879622,0.9208466528164223,1.3143646239129372,-0.03935179710965104,-0.008795958065905881,0.0,-0.04814775517555692
1053397382,20.014508902148183,20.01369587574975,0.8601361777170098,0.28513617771706024,0.005749999999994408,0.006585316043745325,0.10800000000000001,-0.09566468395626028
1318901348,1.7130019453036949,1.711634223346291,0.9438518782680916,-0.36982725121386206,-0.06568395647409364,0.007540841723698034,0.055,-0.11314311475039561
45030771,-23.30209429440621,-23.309795193956795,0.2275476938938965,0.8775476938939217,0.039000000000002456,-0.007183120020621098,0.016,0.01581687997938136
590047755,26.110646381817453,26.110637046164392,0.41944569905479057,-0.030554300945218493,-0.036000000000000594,0.0017500112914931097,0.16799999999999998,-0.20224998870850747
1560860869,-31.238603829144267,-32.015478242578546,15.09654795445499,8.81404795445474,1.8219250000001028,1.502183187977314,0.0,3.3241081879774166
1405551450,-25.17792860918569,-25.188080556864907,0.8960987370108313,1.0075687410402399,-0.051276201853514086,-0.002122018214490069,0.055,-0.10839822006800415
1886439221,-6.847090675011714,-7.514020790329824,0.8140789368500947,8.16657893685055,1.5440250000001545,-0.6603028701638809,0.0,0.8837221298362736
1070146628,-1.7065832957162492,-1.7135416719259227,0.8538888364703752,0.8341688204238698,0.0017748014441820424,0.00033288524081380834,0.329,-0.3268923133150042
75433554,10.290774258095553,10.242619740237915,0.4017628560856963,-2.1944137681312226,-0.6750059222963637,-0.04654038393233735,0.0,-0.7215463062287011
1558799408,19.83019992264417,19.81885515892194,0.24488199140976974,-1.065118008590007,0.07859999999997022,-0.010745091825059274,0.0,0.06785490817491095
568230291,-19.858054524609543,-19.92742750530396,2.8571801159433363,-2.6338751051334883,-0.2745527610538253,0.012261801455000328,0.0,-0.262290959598825
492405674,-14.914357598872623,-14.914905376118982,2.725953584441683,-0.2340464155587103,0.38480000000008185,0.0737604521989458,0.11699999999999999,0.34156045219902764
359593592,7.687490493972291,6.095207334775191,14.343570280333324,12.61857028033327,0.3967500000000219,0.46509692467151353,0.0,0.8618469246715355
299570547,-16.569095265687952,-16.58266963019923,0.2127226811928864,1.1650907480225237,-0.02857104200488977,-0.013121855120337934,0.026000000000000002,-0.0676928971252277
1329852192,-9.288127471070766,-9.313204631362234,0.9574956364360361,1.5835769729150755,-0.056347320283116155,-0.01590918135352824,0.0,-0.07225650163664439
767432161,-101.40921127747242,-107.00654082907573,10.812623978899182,-23.658676107515635,-5.170695012962418,-4.428201178512656,0.0,-9.598896191475074
1433818834,20.963327642473814,20.956717905512797,0.2531363208769619,-0.8130028881263018,-0.11727531299035841,-0.005968956991545839,0.0,-0.12324426998190426
2051347241,6.416016594221219,6.397808772333644,0.33063637637701504,-1.3493636236232085,-0.20160000000001144,-0.017114617753738327,0.0,-0.21871461775374976
1651502692,25.32152975234203,25.319256487465857,0.32933701142610516,-0.4767876756137869,-0.0725512218335916,-0.0011886362052211912,0.0,-0.07373985803881279
1682292240,-94.03613232920509,-101.83473263560263,29.460613417487608,27.92597412159071,0.4757381817280271,0.8806771229489687,0.082,1.2744153046769957
635131396,25.174910011979446,25.121876163283215,0.6495920839895604,-2.3029079160103407,-0.5019249999999924,-0.0488141499404119,0.035,-0.5857391499404043
437336412,18.18573470875692,18.167443238830195,0.3087337254770546,-1.3524596085179676,-0.11628353337966507,-0.01733830479425633,0.026000000000000002,-0.1596218381739214
1192672776,6.004523371457253,6.00446418752491,0.5755689059331957,-0.07693109406698895,-0.05220000000001365,0.0032536117224279196,0.0,-0.04894638827758573
480473980,-10.735444575668225,-10.882648072863635,0.29171079435791114,3.836710794357714,0.46084999999995824,-0.14635254531996075,0.0,0.31449745467999746
962252385,-8.514768016131711,-20.321289060005615,30.362476002971903,34.3606185099656,-0.0,-2.587721553563457,0.0,-2.587721553563457
666160977,31.543625906442685,31.539433826940922,0.34813554874170904,-0.647462701764508,-0.36837135268730536,-0.002980095898785054,0.0,-0.3713514485860904
2060585026,10.388804226514432,10.38861845284378,0.10370118465164069,-0.13629881534838217,0.07200000000000205,-7.8234313672187e-05,0.35300000000000004,-0.2810782343136702
275392946,20.6463888862545,20.49411763883364,6.209694862136843,3.9021948621366818,-0.2538250000000168,0.23333185538762788,0.0,-0.02049314461238891
1900407461,9.88960517899081,9.883467516481561,0.6317763724706253,0.7834323524879703,-0.02274839700259725,-0.0021462486611269296,0.081,-0.10589464566372418
1601222202,11.340818694128247,11.284436672115682,0.3105101176766709,-2.374489882323462,-0.10739999999998427,-0.055417856680769075,0.185,-0.3478178566807534
270343955,10.774073860162389,10.729340909303488,8.170030856860336,2.1150165687034193,-0.36330085728934103,0.6227610911616006,0.0,0.2594602338722596
298353528,-0.26792507363621554,-0.2897404928075148,0.9820043727524421,1.4770043727524733,-0.09899999999999948,-0.012172093290250098,0.01,-0.12117209329024957
350016834,16.113179970911776,16.110766160481163,0.022245313308829395,-0.4913054478240175,0.015406522833985978,-0.0024088618909735046,0.102,-0.08900233905698753
1411892841,-22.32314632037553,-22.356391911885037,0.07454698273933502,-1.823337366191705,0.1518307479145073,-0.03319001898315365,0.045000000000000005,0.07364072893135362
1850461026,31.4966318460818,31.43455071689728,0.32824844645489293,-2.491608500236773,-0.6767656672059819,-0.061003658758520915,0.075,-0.8127693259645027
729660505,-3.7170198614873953,-3.759006211134347,0.6834429083857572,-2.0490570916143813,-0.5191750000000218,-0.037315407556724044,0.027999999999999997,-0.5844904075567459
1598174193,11.22057543104711,11.145825063410486,0.29905134620153717,2.734051346200779,0.024349999999970024,-0.07385605055997341,0.0,-0.04950605056000339
1660100628,3.1709804837590636,2.849807089491618,8.292216197282855,5.667216197282805,1.023750000000028,0.36643510035735544,0.16899999999999998,1.2211851003573833
874166232,-37.91571539156932,-38.164124876386715,0.9740694699954844,4.984069469995328,-0.3608999999999975,-0.23892137149362228,0.045,-0.6448213714936198
525007933,-27.691902552345535,-27.697585287757143,0.6788392011302022,0.7538392011301838,-0.004499999999999915,-0.0010745088016950255,0.10800000000000001,-0.11357450880169495
1626278242,39.11950673660431,37.30229331893828,7.622905845767534,13.4804058457675,0.8200499999999976,-1.2361264823316576,0.0,-0.41607648233165995
453539772,29.5692888554986,29.56634969621947,0.8128598632151949,-0.5421401367846288,-0.08129999999998967,0.0036682522931336926,0.0,-0.07763174770685598
29667132,16.17991156501006,16.161665872303658,0.5817338208853755,-1.3507661791147325,0.1739250000000134,-0.014861550322783156,0.21400000000000002,-0.054936550322769784
2122884215,-3.5163351423935527,-3.5257374801387273,0.9771565239906579,0.9696565239905688,0.003075000000040983,0.0001460109786003272,0.013000000000000001,-0.009778989021358691
1922187059,-19.93967872007306,-21.710620145991236,0.9995397444438225,-13.307672320575733,0.42921636195060214,-1.7609506289109471,0.0,-1.331734266960345
1442664565,18.99341584355527,18.99262941746959,0.22632177163795575,0.28043289494622486,-0.009198890962400631,-0.000274210642505774,0.08,-0.0894731016049064
596443625,28.018876828068183,27.988094957502124,0.7466531604691795,-1.7544762912635274,-0.2501129451732598,-0.02520696114567208,0.028999999999999998,-0.3043199063189319
1101871379,8.730464416540563,8.68080821259251,0.23913279623738504,-2.2283672037627476,-0.24675000000000277,-0.049084359005690956,0.04,-0.3358343590056937
828615994,-26.31403244392881,-26.40703518359377,3.8896350546410474,3.049635054641124,0.19319999999997584,0.058289868917964935,0.13999999999999999,0.1114898689179408
1076876363,8.298340554882932,7.993620076782525,0.7542727996698062,5.520149256137979,1.2867866432463926,-0.2990312035371896,0.022000000000000002,0.965755439709203
1465321994,-167.07400021897593,-167.08086872210183,8.854643932036481,-0.8287643287382735,-0.193668165215456,0.7771786885056148,0.0,0.5835105232901587
1973961604,-7.237110862669273,-8.717785932095952,13.429929736150243,12.168299262537383,0.3154076184032191,0.322955057752647,0.014,0.624362676155866
748579165,45.78427839559845,45.76059964535932,0.43910668638908135,1.5387901169142604,0.08797467444202559,-0.021750603418814043,0.0,0.06622407102321154
1205199653,-1.2975279059955938,-1.308402106379443,5.2990008549759295,1.0427943413659904,-0.04256206513612122,0.269919900226507,0.0,0.22735783509038582
684145863,32.452400171331405,32.452204841040704,0.9059471330563866,-0.13976061344369461,-0.10457077465000325,0.008012071788229285,0.039,-0.13555870286177396
576236758,4.944555815458443,0.36708084823808473,28.391774031417512,21.395034394037225,-0.9095761528594998,3.4834533592903796,0.0,2.57387720643088
686847650,9.317914361367002,-7.533187557141424,34.09009368869823,41.0500936886975,-0.06960000000002813,-5.229757041466193,0.0,-5.299357041466221
812198784,21.294415101363935,21.288162595544993,0.8180894665536869,0.7907278810653567,-0.001915310984180665,0.0004401979339198692,0.029,-0.030475113050260797
1224257351,26.471521694619863,26.46958272533199,0.9783288634524752,-0.44033728979887243,-0.07093330766256255,0.007632304362767957,0.041,-0.10430100329979458
1270101372,13.742818625596833,13.559377404597853,0.6461990984450239,-4.28300386410029,0.29575217775272966,-0.17926548825066854,0.17100000000000004,-0.05451331049793892
1633410136,-1.110190126903035,-1.1482458144034162,12.611574902385655,1.9507867002925074,-0.4264315280836414,1.5524625276844561,0.0,1.1260309996008147
768568600,13.75455600146961,13.754349487957997,0.9137942201537186,-0.14370577984633925,-0.05287499999999811,0.008143685256250982,0.0,-0.04473131474374713
589306561,19.224592888707832,19.220690544658968,0.22626612078224184,-0.6246874457569415,0.22124792730019385,-0.0033903804747248763,0.036,0.18185754682546898
943842110,-1.0768269417058036,-1.0865102193432319,1.0559635353590835,-0.9840364646408313,0.0,0.0014673122426522834,0.0,0.0014673122426522834
1050268402,28.217182091513678,27.888029870681674,0.6911873934438262,5.737178930728971,0.15137974611855956,-0.3243748207034476,0.0,-0.17299507458488803
317577732,-31.178955215990428,-31.19412102654894,1.2414954550673656,1.2314954550673631,0.0026999999999975047,0.0002472990910135331,0.015,-0.012052700908988962
1839386508,16.11185002170896,16.103087016304848,1.9486092566635023,0.9361092566635305,-0.11137499999999505,0.02920777494743539,0.0,-0.08216722505255966
1551711768,-23.871161259777015,-23.876454149412268,0.7349726956808098,0.7275224831751772,0.004544629628440236,0.00010895899870940196,0.41600000000000015,-0.4113464113728505
902734756,5.7374128264782485,5.114218681750756,0.7811721622070564,7.894264656872688,0.21339277483987595,-0.6170918452574202,0.0,-0.40369907041754427
116714441,-3.4812279428879265,-3.6714122396828506,0.026012460368022516,4.3610124603688565,0.9103500000002129,-0.1901775303139803,0.0,0.7201724696862326
687036444,-34.13830415646749,-34.14476620754495,0.1438688374017545,0.8038688374017235,0.006599999999993466,-0.006255068653702662,0.01,-0.009655068653709197
759474621,23.4136157742216,23.278265347159223,0.1441263353109008,3.679000231888792,0.2474411727604276,-0.13514270305707635,0.001,0.11129846970335125
1473350621,-8.929302894350258,-8.929950341324007,2.0219497934264297,0.2544497934266672,-0.07070000000000175,0.04023536269762309,0.0,-0.03046463730237866
1908625941,-11.294355995299426,-13.166328155633064,14.66450336330037,13.682003363300412,0.21614999999998674,0.27850442858884067,0.021,0.4736544285888274
1478274845,26.411435051436406,26.411083098667852,0.1676040427482519,0.18760404274829767,-0.012999999999995219,-7.104161709947249e-05,0.40600000000000014,-0.41907104161709485
1823423186,10.814789058534764,10.814636211266363,0.9903526639386087,0.12363141526408516,0.02600163746023549,0.00965513672130098,0.168,-0.13234322581846353
50948115,32.519200056433576,32.10187099622849,0.24260108438807038,6.460101084387791,0.9947999999999375,-0.4167405073436204,0.003,0.5750594926563172
389278141,-23.930536783993375,-26.454623754323823,16.94237539787639,15.88737539787629,0.13715000000002261,0.3463538708952231,0.0,0.4835038708952457
1338005382,17.596511810045005,17.590605720876187,0.2724201824047867,-0.768510843698182,0.4267817207022175,-0.005163961611002343,0.108,0.31361775909121514
162934857,18.58686811364896,18.581129911519554,0.7950092164064699,0.7575092164064792,-0.01349999999999921,0.0005821944123047118,0.0,-0.012917805587694498
1543272473,-24.048921871328275,-24.05445383878709,1.4912719716968468,0.7437719716965032,0.014950000000014374,0.016706953476872972,0.0,0.031656953476887344
415740833,15.32360293822382,12.016818787853897,0.0745652968938657,18.184565296893744,3.9841999999999467,-3.3067285505349138,0.007,0.6704714494650329
1981827657,1.2454031746437977,1.0292821956769989,0.4513813597125562,4.6488813597122345,0.3357999999999665,-0.21408352764783917,0.0,0.12171647235212735
815113826,22.286347125622342,21.051597462984148,0.15016220292473292,-11.11192900732449,-1.351450945229795,-1.2345241757663221,0.0,-2.585975120996117
233704819,20.09734581944355,20.09615778254177,0.30043321397272393,0.3446791118967609,-0.01814081814885392,-0.0002854357411995931,0.257,-0.27542625389005354
505942882,7.746962392101341,7.741159845847388,0.08825553799498209,-0.7617444620049652,0.04249999999999517,-0.0057246558540845005,0.075,-0.03822465585408933
1955114306,-8.616233916320198,-15.491481426217355,28.621606793187212,26.220693182860664,0.456173585962045,1.3167162443410463,0.0,1.7728898303030913
406307240,-34.655207355996026,-36.69091794881553,13.920708396598101,-14.267833026845766,-7.329020770095545,-0.09784937018833943,0.0,-7.426870140283885
297398100,0.03383694518110131,0.033819055654257746,0.01729601262954361,0.04229601262951466,-0.011999999999996007,-1.4898006314747311e-05,0.21000000000000002,-0.22201489800631077
1677993417,-14.666419138812286,-14.676155813330006,0.725006055124723,0.9867458901723603,-0.020939186803810232,-0.004480336718045307,0.17600000000000002,-0.20141952352185555
1706522628,-11.154499813523216,-12.073450749978742,0.9782227183963386,-9.586192865030023,1.3733740258453777,-0.909381739587658,0.0,0.4639922862577197
1750170695,-22.138137169338894,-29.720022738224316,28.049035054974937,27.535223930241468,0.35452967606610863,0.2855981062667047,0.026000000000000002,0.6141277823328133
967706433,-0.2742539286050742,-2.042022156475754,13.958244536770735,13.295744536770702,0.18550000000000713,0.18055767761222113,0.078,0.2880576776122283
112327026,9.812599499399745,9.809550874643659,0.14785647191266094,-0.5521435280873259,0.021000000000000348,-0.0028300093932226017,0.29900000000000004,-0.2808300093932223
712311753,20.314121694667673,19.945870059013746,7.015874046265779,6.068374046265832,0.208449999999993,0.12397325067673003,0.142,0.19042325067672303
560059204,-31.866692388224692,-32.43099649272912,6.354517734965711,7.512017734965967,-0.13890000000002023,-0.16050514806449478,0.0,-0.299405148064515
331505238,11.148271962443687,11.146159241804362,0.48896688873448113,0.4596434095387291,-0.008797043758718188,0.00027816554346290573,0.0,-0.008518878215255283
1400626681,4.806032701707067,4.802908818061091,0.9444241864659091,0.5589171357164794,-0.007710141014986776,0.005795486793842808,0.22599999999999998,-0.22791465422114396
1455088099,8.172405851663745,8.08825858245654,0.11255372759192994,-2.900814871845585,-0.2109358019606472,-0.08402058579125679,0.013000000000000001,-0.30795638775190404
948725809,10.455679584676545,10.455304981015253,0.3135468060419271,0.193546806042301,-0.031199999999904807,0.0006085123344991776,0.0,-0.03059148766540563
1334321890,-32.115264856560316,-32.65749889112703,8.760166237279151,7.363654218977883,0.2932675238432609,0.22517109048094783,0.0,0.5184386143242087
1195231827,24.797720604118236,24.792655162006653,0.7367191940353734,0.7117191940353642,0.0007499999999999858,0.00036210959701781897,0.029,-0.027887890402982198
1873305684,-16.362658478247933,-16.368696681694562,0.418321500557326,-0.7770587781262306,-0.04781521114733311,-0.004288274668344976,0.10200000000000001,-0.1541034858156781
1061735198,16.00231183255484,15.31318360903317,0.03862527335535049,-8.301374726644212,-1.5011999999999777,-0.6891133044042549,0.105,-2.2953133044042326
595517026,-29.2059268152625,-29.25654857139319,0.8911963786291466,-2.2499279128604965,-0.031411242914912464,-0.042679446277870854,0.0,-0.07409068919278332
1158984767,-1.8029550757073594,-1.8145454114880633,0.8865842178252024,1.0765842178252418,-0.020900000000001206,-0.003730020027736619,0.0,-0.024630020027737825
1138251086,-35.17957913777718,-35.20945331444049,0.016157060367618215,1.7284147842258624,-0.05136773171574879,-0.02987156615730812,0.0,-0.08123929787305692
1127796099,-19.63819914455901,-19.638415880833772,0.5869764011328158,0.14721965723441155,-0.021987837194919695,0.003228676680106146,0.003,-0.02175916051481355
318827995,8.835705627916468,8.756975023482312,15.3793261658831,2.805897439931755,-1.6345457343736198,2.28650612873201,0.0,0.6519603943583903
1141051719,-27.217752521715738,-31.878545879671456,22.152053992338494,21.58887064659872,0.2309051717533058,0.24634160283907988,0.0,0.4772467745923857
1613351939,0.6740585450206709,0.6530441626306054,0.265939418628534,1.4496338292846753,-0.07102166463937043,-0.02030714464626069,0.25,-0.34132880928563114
220534792,-14.159512251694483,-15.646073766314586,12.907462895658568,12.192462895658545,0.20020000000000476,0.179464469407923,0.040999999999999995,0.33866446940792777
1073074208,27.00016873563506,26.99627280188784,0.8408258458395892,-0.6241741541604715,-0.1172000000000009,0.0031739472830992063,0.182,-0.2960260527169017
330778484,-24.654429574154026,-24.75668088677452,0.5101759157315371,3.197675915731555,0.1612500000000093,-0.09964851797057125,0.023,0.03860148202943805
1240742414,17.34503356004,17.339157542906843,0.31298778404853067,-0.7665518334174559,-0.010795396174665482,-0.004896403603520535,0.022,-0.037691799778186014
774110574,-30.883127891294862,-31.546403541158963,0.2705050722194784,-8.144173683462935,-2.7768439893751737,-0.6625439199231375,0.0,-3.4393879092983113
1604285164,-61.13872765069027,-61.14151188508687,2.077848058383978,0.527658449814185,0.13951706477128514,0.04039029114069758,0.0,0.17990735591198273
1566735481,-75.03489536159152,-75.07873203852566,0.5637210161369239,2.093721016136972,0.0153000000000083,-0.04065886309379189,0.003,-0.028358863093783587
1639956612,21.31099988220737,21.307949568428807,0.5822964583049526,0.5522964583049608,0.009599999999995612,0.0003403778749828812,0.3570000000000001,-0.3470596221250216
1924822148,13.227841701444646,13.180536578885514,0.6974740816651632,2.174974081664725,0.19207499999993682,-0.042440421613186514,0.119,0.030634578386750322
1300549095,-34.566429096108024,-34.82503941885445,4.650877561652578,5.085374349508903,-0.05648458242132204,-0.04230370181159675,0.19899999999999998,-0.29778828423291875
1348315020,-8.145496776782238,-8.145499868591532,0.10008354143586473,0.017583541436437145,-0.00577499999996079,9.707534336897551e-05,0.0,-0.005677924656591814
2003358698,-21.440267656238095,-23.51169642178092,14.067266186174095,14.392459016939474,-0.02276349815357477,-0.09254898601605334,0.047,-0.16231248416962812
1349224839,-1.9070570731813203,-2.0338328640050856,0.1405588160255462,3.5605588160254453,0.37619999999999004,-0.1265782230161402,0.003,0.24662177698384985
871728026,28.63393580058012,28.633912764718154,0.07049568935462958,0.047995689354601634,-0.0002250000000000881,2.6660560209610135e-05,0.3720000000000001,-0.3721983394397906
1389071650,-22.687599899452835,-22.931280282122696,2.498899322075289,4.936399322075367,0.14625000000001193,-0.18123540445117806,0.0,-0.03498540445116613
999997998,-3.484177422897119,-7.360205742868418,20.20013144710734,19.68763144710734,0.10250000000000345,0.2044247848328496,0.0,0.306924784832853
2033544227,-2.4619938278010522,-15.429222976485546,38.997539084517484,36.0100390845171,0.5078750000000698,2.240851397800195,0.0,2.748726397800265
943372103,5.093868892636237,1.3818699588964303,33.41393763278974,19.266548558939682,-0.5658955629540919,7.452913347539816,0.0,6.8870177845857246
618642649,-0.6535979569452902,-1.3194419339269257,0.5736469724290458,8.159926329211775,2.0482954263313147,-0.6625532684918654,0.009000000000000001,1.3767421578394494
916510938,15.280427120522857,14.740673504681844,7.571792605219073,7.3467926052190435,0.051750000000002856,0.03356681672349019,0.226,-0.14068318327650697
1734721462,35.20394139452912,35.147123056524556,0.5361597493046304,2.3836597493048295,-0.12932500000000358,-0.0539436652368156,0.159,-0.3422686652368192
422535859,-26.464685409055644,-27.481826652650486,8.567262767949842,10.085342054659531,-0.516146957481298,-0.28316133024384543,0.078,-0.8773082877251434
1050637392,19.985457861281684,19.984484696619653,0.5595654299777664,-0.3119558722049096,0.02614563906548127,0.002157970042230767,0.02,0.008303609107712037
163759247,25.541871137619747,25.541336852012112,0.21385381083931065,-0.23114618916056173,-0.017799999999998106,-7.69510835295452e-05,0.005,-0.022876951083527653
602512486,-18.104242738225366,-23.225971451824197,45.08177785773373,22.631236629046217,-3.143075772016266,15.201938234541677,0.0,12.058862462525411
1458770560,22.840981224713687,22.816268975521606,0.1429869850386467,-1.572013014961474,-0.08575000000000063,-0.02450779641317821,0.0,-0.11025779641317884
1976643750,-61.50811857285707,-62.66629906120747,7.461271650952739,10.761879428568225,-0.462085088866169,-0.6014747418572894,0.021,-1.0845598307234583
