policy,env_seed,pnl,objective,inventory,auction_qty,inventory_at_auction_open,clob_qty,cancels
ddpg,2094711275,25.552992994530943,25.545992631493533,0.8366817218877054,-0.8250264633980129,0.011655258489682296,99.98834474151032,29
ddpg,2079320171,25.472925628834854,25.43018356919329,2.067415285847651,-1.8058149496945208,0.2616003361531227,99.73839966384688,25
ddpg,19295863,22.785787720937748,18.624795450527124,20.398510412308603,0.817500000000102,21.21601041230869,78.78398958769131,14
ddpg,294864129,47.11659586051428,47.110334875113,0.7912638877947744,0.0,0.7912638877947984,99.2087361122052,0
ddpg,1116462742,21.603754754476178,11.077656144743333,32.44394952796722,-11.21250000000077,21.231449527966475,78.76855047203352,5
ddpg,213247146,37.541921143674216,37.504919693902714,1.9235760908136328,-1.6799999999997226,0.2435760908139173,99.75642390918608,10
ddpg,1196121050,-3.4773817337068613,-3.4789447530058917,0.39535038877312045,0.08000000000004093,0.4753503887731654,99.52464961122683,29
ddpg,1684865433,37.35738957620852,37.25615892082206,3.1816765295431413,-2.992549824547636,0.1891267049955161,99.81087329500448,7
ddpg,1231169552,-28.40624944488346,-28.406272531788062,0.048048834117614625,0.0,0.04804883411765104,99.95195116588235,8
ddpg,671273458,2.9016303452203283,2.8694903927947912,-1.7927619034756659,2.160000000000082,0.3672380965244315,99.63276190347557,29
ddpg,115860941,15.68363703687508,15.12046960104189,-7.504448253090893,8.024800383729044,0.5203521306381447,99.47964786936186,13
ddpg,79776112,-12.164069587114282,-12.197641139921199,1.8322541528651914,-1.7599999999998772,0.07225415286528403,99.92774584713472,29
ddpg,131595634,2.2952427140368963,1.3988158421938204,9.467982212927293,-0.1487863104437707,9.319195902483514,90.68080409751649,12
ddpg,658324868,5.869481280867548,5.869471134325363,-0.03185363744555142,0.3979429146476741,0.36608927720210716,99.63391072279789,29
ddpg,1859754153,15.802837582193606,12.50555442059096,18.15842273327352,0.09000000000000341,18.2484227332735,81.7515772667265,29
ddpg,1051749648,21.05829726527918,21.057574266374594,0.26888638950006527,0.0,0.26888638950008215,99.73111361049992,0
ddpg,1263538075,5.447660560859004,4.462995811420595,9.9230275089733,-0.30919941286111746,9.6138280961122,90.3861719038878,25
ddpg,1988083239,3.794956737856992,3.790824777700968,0.642803247971278,-0.14999999999999147,0.49280324797126696,99.50719675202873,4
ddpg,450917597,-6.152979874472804,-6.160217492464058,0.8507419109961989,-0.7192122611206331,0.13152964987553162,99.86847035012447,29
ddpg,141535737,2.6615565711721865,2.639093359591607,1.498773217687696,-0.774999999999956,0.7237732176877216,99.27622678231228,29
ddpg,1604362373,48.24727268590635,48.225573144518926,1.473076419858254,-1.3823469515230846,0.0907294683351978,99.9092705316648,29
ddpg,1486810633,22.031532235745036,21.940149736905553,3.022953834240327,-0.6974999999999163,2.325453834240392,97.67454616575961,29
ddpg,859261711,-20.211652807589214,-20.213052155956078,-0.3740786504015059,1.2799999999999727,0.9059213495984721,99.09407865040153,14
ddpg,1660880317,-54.977488572100455,-54.97778447347182,-0.17201783958863537,0.43000000000010274,0.2579821604114727,99.74201783958853,2
ddpg,1941054219,15.417829164847207,15.364095812059437,2.318045573058699,-1.9060247786067348,0.4120207944519336,99.58797920554807,29
ddpg,783562927,17.22171870026918,17.21701275699603,0.685998780840709,-0.6848699927002796,0.0011287881404484779,99.99887121185955,20
ddpg,1705418775,17.210359312420625,17.201755333274928,0.9275763658963843,-0.8697884748974907,0.05778789099888115,99.94221210900112,29
ddpg,486330513,38.46702716653148,38.46460591159334,0.492062489745253,-0.2229639779723822,0.2690985117729099,99.73090148822709,4
ddpg,992143923,-29.261548872462807,-29.33628580060007,2.7338055552153357,-2.0799999999999272,0.6538055552153992,99.3461944447846,29
ddpg,1424919987,34.76396471633052,33.128465718630515,12.788662939103551,-0.037500000000019185,12.751162939103523,87.24883706089648,0
ddpg,1949696320,-30.347285192673954,-30.353547374432356,-0.791339482043002,1.4849222564024258,0.6935827743594132,99.30641722564059,19
ddpg,915904772,12.771183412709433,12.768652639729412,0.5030678860772024,0.0,0.50306788607719,99.49693211392281,0
ddpg,1364776147,-15.003137048723657,-15.011312890239696,0.904203600747042,-0.30254182973174415,0.6016617710153156,99.39833822898468,29
ddpg,414017278,8.71839675998257,8.715272802096608,0.5589237770895781,-0.23848240984611296,0.32044136724344696,99.67955863275655,29
ddpg,86421883,-9.770980982208886,-9.843686838390488,2.696402347232357,-2.6800764178260787,0.016325929406278306,99.98367407059372,22
ddpg,1017144830,-27.100470280014473,-27.101213163517915,-0.2725588933501726,0.32000000000005,0.047441106649884546,99.95255889335012,20
ddpg,904112391,-9.013678010961085,-9.022351761974141,0.931329748964167,-0.9299999999999251,0.0013297489642383198,99.99867025103576,29
ddpg,1562499795,4.130068890543073,4.086552987143933,2.08604658143436,20.038020367329132,22.124066948763485,77.87593305123652,1
ddpg,495520633,34.075921871618846,33.994726890318844,2.8494733074727767,-2.0558252366707572,0.7936480708020213,99.20635192919798,29
ddpg,1895992081,-1.159895578759897,-1.1613807189174488,0.38537516234856617,-0.002458577796460997,0.3829165845521345,99.61708341544787,14
ddpg,732154730,62.359823591931594,62.184738382416846,4.184318457225135,-3.5206370708681773,0.6636813863569415,99.33631861364306,1
ddpg,322313846,37.999021851040595,37.964582423658705,1.8557862856991552,-1.1399999999999864,0.7157862856991954,99.2842137143008,29
ddpg,824988337,10.128649323591294,10.08772123336835,2.023069208478628,-1.2599278835076508,0.763141324970988,99.23685867502901,10
ddpg,1758157102,33.327617978262325,32.779133826146,7.405971591333044,-7.03999999999985,0.3659715913331638,99.63402840866684,18
ddpg,1135820351,-18.535637461936656,-18.714523597440948,-4.229493297125455,4.689561112480038,0.4600678153545772,99.53993218464542,20
ddpg,610382125,-61.11349045485034,-64.5325840504938,18.490791209798076,8.190000000000161,26.68079120979823,73.31920879020177,2
ddpg,965080923,-61.941574518284426,-70.99961635212155,30.096580925143503,0.0,30.096580925143527,69.90341907485647,4
ddpg,413370322,26.057705766272264,25.982245771451254,2.746998267582425,-1.7549999999999386,0.9919982675824741,99.00800173241753,24
ddpg,248294247,-2.4208100644232764,-2.4490435224673366,1.680281465828271,-1.2799999999999727,0.40028146582832846,99.59971853417167,29
ddpg,1795105654,15.833128789174705,15.03792718552379,-8.917407715535463,13.023895825584113,4.10648811004863,95.89351188995137,3
ddpg,810353398,-68.04699141456913,-78.03305183563555,31.600728505948116,-0.012432698371630128,31.5882958075765,68.4117041924235,22
ddpg,772023805,24.109137687935043,23.851865704891416,5.072198567126755,-0.6440191092763801,4.428179457850362,95.57182054214964,22
ddpg,1842648085,-11.971240696674213,-11.981812512108451,1.0281933395153544,-0.12373576625223325,0.9044575732631159,99.09554242673688,29
ddpg,512484900,-8.274618128822622,-8.27606779831795,0.3807452554305112,-0.17953613645327915,0.20120911897723204,99.79879088102277,29
ddpg,1804281798,68.12382919624835,67.55844629701399,7.519194765627293,-7.032500000000159,0.48669476562709235,99.51330523437291,18
ddpg,1552282250,-17.57456340992324,-17.59227911996652,1.331003758194532,-0.39391611271885474,0.9370876454756853,99.06291235452431,27
ddpg,537802054,25.531825400925474,23.998966662164992,12.380867250562382,-7.6324999999999505,4.748367250562424,95.25163274943758,20
ddpg,1007750723,18.397327823167085,8.091590420979713,32.10255036938245,-0.18000000000000682,31.922550369382463,68.07744963061754,11
ddpg,610690150,-51.935728397151834,-52.728190299335424,8.902032926155641,22.737460870987704,31.639493797143345,68.36050620285666,1
ddpg,2132873248,14.403704415349639,14.393373418064812,1.0164151358980553,-0.29927740689644455,0.7171377290016068,99.2828622709984,29
ddpg,1575500330,14.656863090072365,14.639779048487524,1.307059355379107,-0.8329071243461568,0.4741522310329316,99.52584776896707,29
ddpg,651459345,-21.034967301965285,-21.058530838400912,1.535041902868663,-1.5224999999999582,0.012541902868719035,99.98745809713128,28
ddpg,963257122,-5.228929747518065,-5.232223008652152,0.5738694219146745,-0.03749999999999787,0.5363694219146709,99.46363057808533,28
ddpg,635707537,-40.985213500983896,-41.66283246619714,-8.231761447061274,14.127499999999912,5.89573855293861,94.10426144706139,18
ddpg,155064563,-44.75919522874625,-44.77544100085554,1.2745890360931111,-1.0329710045087739,0.2416180315843235,99.75838196841568,29
ddpg,347682680,24.23689607061664,24.205318764721337,1.7770004472510192,-0.8949388202232187,0.8820616270278094,99.11793837297219,29
ddpg,128046586,26.494952001040655,26.489690088591306,0.7253904086316845,-0.18749999999998934,0.5378904086317107,99.46210959136829,25
ddpg,984745669,32.10370249135667,31.68022481191957,6.5075162653434955,-5.5125000000003865,0.9950162653431107,99.00498373465689,0
ddpg,882393940,41.144371128051205,41.14225945656911,0.459529268066183,0.07458254396104932,0.5341118120272199,99.46588818797278,29
ddpg,721089379,48.81146194814821,48.59192269170264,4.685501642786664,-4.0491135115488,0.6363881312378794,99.36361186876212,17
ddpg,1555563785,1.802651364190242,1.7674501540196816,1.876198554805977,-1.2532939423836915,0.6229046124222748,99.37709538757773,29
ddpg,1287298700,-26.60548352835445,-26.61639778803063,1.044713342318228,-1.0282174706155305,0.01649587170271616,99.98350412829728,29
ddpg,138837142,-18.643189825898443,-18.653059517710062,0.9934632258729075,-0.34921994290620373,0.6442432829667126,99.35575671703329,29
ddpg,743713768,30.434429453118355,30.25170697601808,4.274604977074194,-3.540000000000134,0.734604977074099,99.2653950229259,0
ddpg,1792848443,-11.468583657406663,-19.207205968779622,27.81837937654341,11.808358995715153,39.62673837225855,60.37326162774145,1
ddpg,950522887,15.525572745143508,15.50886823185242,1.2924594110102188,-0.332499999999996,0.9599594110102458,99.04004058898975,29
ddpg,601930303,30.747698310937267,30.584927280451218,4.034489193021211,-0.2276906150266946,3.8067985779945417,96.19320142200546,0
ddpg,210893577,43.966446328639215,43.960321549169095,0.7826097028610342,-0.7149999999997689,0.06760970286126167,99.93239029713874,4
ddpg,521191208,-39.07561129428956,-39.09825118234814,1.5046557100740272,-0.7394126219548071,0.7652430881191776,99.23475691188082,29
ddpg,1282064695,26.113850127012483,25.97724980502911,3.695948078414677,0.0,3.6959480784147303,96.30405192158527,0
ddpg,192359188,-2.0136959098095395,-2.0185269024829253,0.695053427686368,-0.6364164486727606,0.05863697901359899,99.9413630209864,29
ddpg,1531441531,-99.70553649617301,-99.7102113121324,0.6837262580436865,0.2200000000000344,0.9037262580437044,99.0962737419563,29
ddpg,2023115037,5.536501097039945,5.5164957366206036,1.4144030691193166,-0.5332646001641299,0.8811384689551716,99.11886153104483,0
ddpg,395991578,47.12217474585242,39.85584601044926,26.956128682366757,-1.5419883439916882,25.41414033837509,74.58585966162491,22
ddpg,1436483442,15.434973584450926,7.745272765784805,27.73030980473554,-6.5774999999998265,21.15280980473571,78.84719019526429,6
ddpg,239777415,17.674678243206465,16.34230666132506,11.542840126595376,-1.6800000000000637,9.862840126595273,90.13715987340473,24
ddpg,1762326698,12.682326499643722,12.675597437780459,-0.8203085921324216,3.1233646871061977,2.303056094973769,97.69694390502623,11
ddpg,1268770487,16.695844992996573,16.695187701681085,0.25637693256004057,-0.07414356599838344,0.18223336656161848,99.81776663343838,29
ddpg,1620409620,-29.5341794376514,-29.579362011456908,2.125619293418023,-1.0200000000000102,1.1056192934179876,98.89438070658201,29
ddpg,1958631140,-56.10467736989484,-62.74066768897465,25.760415988643924,0.0,25.760415988643913,74.23958401135609,7
ddpg,849438355,16.43835014975244,11.757514833167182,21.635238192784612,0.0,21.635238192784612,78.36476180721539,4
ddpg,1795633797,-5.420364927197225,-5.437989452086249,1.3275739109000373,-0.769999999999996,0.5575739109000324,99.44242608909997,29
ddpg,2066870638,22.008616855356596,21.90844867541753,3.164935701385807,-2.1749999999999794,0.9899357013858321,99.01006429861417,29
ddpg,1846836781,3.1091726523254475,3.096523378174248,1.1246899195422575,-0.7424999999999962,0.382189919542256,99.61781008045774,13
ddpg,53857409,25.262849530431996,25.09097902113665,4.145726827654527,-2.324999999999868,1.8207268276546955,98.1792731723453,29
ddpg,755668496,7.78845004464715,7.777616511666189,1.0408425904507004,-0.9711071095560558,0.06973548089464998,99.93026451910535,27
ddpg,167680522,1.7691881190780259,1.7585138378643053,1.0331641308969604,-0.39819316111579384,0.6349709697812216,99.36502903021878,29
ddpg,1695235208,28.345792157135932,28.221008403457088,3.5324743973431127,-0.5199999999999818,3.0124743973431265,96.98752560265687,24
ddpg,1113854131,19.53752995222107,19.52811502230885,0.9703056174331017,0.0,0.970305617433084,99.02969438256692,28
ddpg,1502010483,-43.34132356219976,-43.344455818736776,0.5596656624283214,0.3910572325499406,0.9507228949782558,99.04927710502174,29
ddpg,1538639473,-39.26720584383844,-39.267256136167994,0.07091708507256556,0.05750000000032429,0.12841708507288274,99.87158291492712,20
ddpg,891762203,1.0893105759745958,1.0891933236710298,0.10828310282120857,-0.07999999999992724,0.028283102821291095,99.97171689717871,29
ddpg,1989581411,14.125262535836256,14.025715336555423,3.1551101293113946,1.9046544946592863,5.059764623970665,94.94023537602934,27
ddpg,1194802357,13.01637403883539,12.506980593370145,7.137180433933601,9.222500000000053,16.35968043393366,83.64031956606634,2
ddpg,1123115139,-21.32042888073594,-30.912123631608686,30.970461331521598,0.00999999999999801,30.98046133152161,69.01953866847839,2
ddpg,444444293,6.759337866838395,6.746108332794222,1.1501971154621042,-0.8799999999999955,0.27019711546211056,99.72980288453789,29
ddpg,1127698408,10.279589184205543,8.573539692180475,13.06158295163748,-1.0199999999999783,12.041582951637508,87.95841704836249,9
ddpg,1140605958,11.429584319173445,11.429113665423529,0.21694555766751122,0.0,0.21694555766750057,99.7830544423325,29
ddpg,947572241,7.7333962649425665,0.028629825265080733,27.757461050459003,0.4617225406475331,28.219183591106557,71.78081640889344,28
ddpg,957138590,27.43804049792932,27.35872296884702,2.816336788850046,-2.3871297310090624,0.42920705784098345,99.57079294215902,24
ddpg,535959469,14.454081949231025,14.277355749133502,-4.20388154088009,14.23009603242895,10.026214491548856,89.97378550845114,3
ddpg,147871823,18.340115075429974,18.326182060063203,1.1803819452520414,-0.7871258120547224,0.3932561331972835,99.60674386680272,22
ddpg,1919038074,1.3441928109272703,1.2874309103049444,2.382475616293396,-1.8899999999999721,0.49247561629344716,99.50752438370655,29
ddpg,1109422027,35.86525217379833,35.80464417629346,-2.461869157873217,3.0400000000000773,0.5781308421268392,99.42186915787316,11
ddpg,1970237096,-44.84628292185413,-45.2129955796369,6.055680455430007,19.857327277604803,25.913007733034803,74.0869922669652,1
ddpg,1497057244,-11.63340279096656,-12.902365895981925,11.264826252612,-5.015590058229608,6.249236194382391,93.75076380561761,23
ddpg,1457669216,-46.217271385841656,-46.241292549702614,-1.5498762486391118,3.7647907528938425,2.2149145042547644,97.78508549574524,24
ddpg,1698962089,40.68622159459647,33.89285776078754,-26.064082247048184,29.067499999999995,3.0034177529518047,96.9965822470482,1
ddpg,396070398,-16.32979429374462,-16.352550023592556,-1.5085002435510264,1.892159639798977,0.38365939624796397,99.61634060375204,23
ddpg,433475753,-41.799152958693014,-41.815860531564354,-1.2925777683119208,2.0000000000001137,0.7074222316881986,99.2925777683118,29
ddpg,2146051469,18.400056626565362,18.365294616969614,1.8644572828507027,4.877499999999824,6.741957282850521,93.25804271714948,10
ddpg,346781774,9.584282342605439,8.538363283448785,10.227018427462884,5.078854687360667,15.305873114823555,84.69412688517644,15
ddpg,634800684,-42.02161136735772,-44.421710857328954,15.492254484003393,7.807500000000243,23.299754484003614,76.70024551599639,5
ddpg,1546674797,12.145979780463298,11.937290991736045,-4.568246805145844,18.147130715320728,13.578883910174895,86.4211160898251,1
ddpg,541286409,-77.81593768455544,-78.66157519447718,9.195855098476379,1.5836646458125372,10.779519744288905,89.2204802557111,27
ddpg,1190653654,21.36404696441372,21.342996136124103,1.4508903573191403,-1.3713014936821284,0.07958886363701367,99.92041113636299,29
ddpg,979650267,15.82405188783021,15.81351772502669,1.026360697002728,-0.1574999999999953,0.8688606970027308,99.13113930299727,24
ddpg,2016093225,8.407295556327794,8.405733261297227,0.3952587798604121,0.3869874996138514,0.7822462794742648,99.21775372052574,19
as,2094711275,32.52429873500478,27.339660566877733,22.76980054398159,0.0,22.76980054398159,77.23019945601841,0
as,2079320171,35.09951546165212,31.920191755501296,17.83065816550478,0.0,17.830658165504758,82.16934183449524,0
as,19295863,15.9361019069529,10.906492632114034,22.42679039639615,0.0,22.426790396396143,77.57320960360386,0
as,294864129,54.42417846566423,54.39688445020161,1.6520900539201389,0.0,1.6520900539201762,98.34790994607982,0
as,1116462742,24.92708257139566,8.830474347085406,40.1205785405822,0.0,40.12057854058219,59.87942145941781,0
as,213247146,42.00524584923369,42.005178015645036,0.08236114900302571,0.5549972620453164,0.6373584110483819,99.36264158895162,0
as,1196121050,0.45210421969568415,0.45207707069973296,0.052104698397727134,0.0,0.052104698397727134,99.94789530160227,0
as,1684865433,43.74677640887421,43.74651071702937,0.16300056590008472,0.28408670056870744,0.4470872664687846,99.55291273353122,0
as,1231169552,-21.321002289038006,-22.218398428787278,9.473099491450894,0.0,9.473099491450881,90.52690050854912,0
as,671273458,-7.578589662862214,-11.881913246720998,20.744453677691258,0.0,20.744453677691283,79.25554632230872,0
as,115860941,5.265661328920032,4.94002729143234,5.706435292612124,0.0,5.7064352926121416,94.29356470738786,0
as,79776112,-5.8990388604379405,-6.372381114548692,6.879987311839692,0.0,6.879987311839685,93.12001268816032,0
as,131595634,12.377853496498574,-7.6706077284773215,44.775508065208925,1.025454545454636,45.80096261066356,54.19903738933644,0
as,658324868,6.880661592987963,2.2854160000799286,21.43652395540852,0.0,21.436523955408532,78.56347604459147,0
as,1859754153,10.701314461472066,-26.271847878348837,60.805560880416934,0.0,60.80556088041695,39.19443911958305,0
as,1051749648,32.78987291737576,29.76146984125935,17.402307536980295,0.0,17.402307536980288,82.59769246301971,0
as,1263538075,5.287353940431785,-22.250641026848854,52.47665668397772,0.0,52.47665668397772,47.52334331602228,0
as,1988083239,7.451051355836171,7.450059565157713,0.31492708337928477,0.0,0.3149270833792883,99.68507291662071,0
as,450917597,-4.347408947398435,-11.65384357666956,27.03041736501885,0.0,27.03041736501885,72.96958263498115,0
as,141535737,5.010802249844346,3.864414099475229,10.70695171544692,0.0,10.706951715446905,89.2930482845531,0
as,1604362373,49.689415607634146,44.81420850314932,22.07987116014229,0.0,22.079871160142275,77.92012883985772,0
as,1486810633,20.889642107369582,4.83906023963555,40.06317744230234,0.0,40.063177442302326,59.936822557697674,0
as,859261711,-18.071659366200038,-46.15822268353969,52.99675774737513,1.0074999999999363,54.004257747375085,45.995742252624915,0
as,1660880317,-20.57941394268164,-32.367147023335264,34.33326824037237,0.9400000000000546,35.27326824037243,64.72673175962757,0
as,1941054219,20.1948420475037,20.19438286384036,0.21428571192157175,0.0,0.21428571192156198,99.78571428807844,0
as,783562927,20.415643503032697,20.415642624949733,0.009370608120417678,0.0,0.009370608120420343,99.99062939187958,0
as,1705418775,23.91112825502387,23.90633664199327,0.6922147810179986,0.0,0.6922147810180235,99.30778521898198,0
as,486330513,42.60844672631174,42.154434835184084,6.738040450514191,0.0,6.738040450514191,93.26195954948581,0
as,992143923,-17.134234915039997,-17.14040374069664,0.7854187199605427,0.0,0.7854187199605178,99.21458128003948,0
as,1424919987,43.821311486359264,26.915607954500747,41.116545978302355,0.0,41.11654597830237,58.88345402169763,0
as,1949696320,-27.982131343957008,-28.131916831086368,3.870213006145294,0.0,3.870213006145306,96.1297869938547,0
as,915904772,18.985251826050444,18.97792006060038,0.8562572890238311,0.0,0.8562572890238158,99.14374271097618,0
as,1364776147,-21.830242657691997,-28.726439042577407,26.26061001744897,0.0,26.260610017448982,73.73938998255102,0
as,414017278,8.62485566696705,8.605714274006525,1.3835242303814699,0.0,1.383524230381454,98.61647576961855,0
as,86421883,-1.8849989965819987,-2.1729727440729993,5.366318547114034,0.0,5.36631854711402,94.63368145288598,0
as,1017144830,-31.000749452170567,-36.18293493512046,22.76441407756828,0.0,22.764414077568276,77.23558592243172,0
as,904112391,-0.6555808834564232,-6.021167141269825,23.163735143135707,0.25507296212632824,23.418808105262016,76.58119189473798,0
as,1562499795,-17.875125118593132,-26.990846860570592,30.192253546195353,0.0,30.192253546195346,69.80774645380465,0
as,495520633,42.61886290650364,42.616963117816354,0.43586565444898184,0.0,0.43586565444897474,99.56413434555103,0
as,1895992081,3.877442114513542,2.9192643918323116,9.78865528395617,0.0,9.788655283956189,90.21134471604381,0
as,732154730,68.65505710006619,65.10969897537665,18.829121393972553,0.0,18.829121393972542,81.17087860602746,0
as,322313846,46.163501065733726,37.09821876555582,30.108607241415044,0.0,30.108607241415044,69.89139275858496,0
as,824988337,13.558843585547947,5.821907257703679,27.8153488704425,0.0,27.815348870442506,72.1846511295575,0
as,1758157102,40.74885300128517,36.49825043132915,20.61698952309969,0.0,20.616989523099647,79.38301047690035,0
as,1135820351,-23.41804285910439,-23.418120986019858,0.08838943119339682,0.0,0.08838943119339149,99.91161056880661,0
as,610382125,-75.39712560116641,-75.39767032633915,0.23339348164541107,0.0,0.23339348164542173,99.76660651835458,0
as,965080923,-49.23679559398079,-49.62075239742383,6.196424803409123,0.0,6.19642480340913,93.80357519659087,0
as,413370322,30.006320628874164,30.000089788237034,0.7893567404621868,0.0,0.7893567404621962,99.2106432595378,0
as,248294247,3.7049994400167634,-8.646241705384794,35.144332609115736,0.0,35.144332609115736,64.85566739088426,0
as,1795105654,9.242232643695388,9.240535601002776,0.41195178026212687,0.0,0.41195178026210044,99.5880482197379,0
as,810353398,-80.05337854945174,-80.05342391811249,0.06735626233168635,0.0,0.06735626233165704,99.93264373766834,0
as,772023805,29.210571109475495,19.691333791335637,30.853261283274183,0.0,30.85326128327422,69.14673871672578,0
as,1842648085,-1.890040507851154,-3.123725152667148,11.107135746068804,0.0,11.107135746068806,88.8928642539312,0
as,512484900,-7.5597597694722936,-20.463579697547615,35.92188737813664,0.0,35.921887378136645,64.07811262186335,0
as,1804281798,75.80819060388421,67.80618665210594,28.2878135453737,0.0,28.28781354537371,71.71218645462629,0
as,1552282250,-9.75404678533414,-10.263849349314144,7.140045966098574,0.0,7.140045966098569,92.85995403390143,0
as,537802054,33.85634048661086,22.409459256465425,33.83323991305804,0.0,33.83323991305801,66.16676008694199,0
as,1007750723,21.942875283770263,-13.170470865157704,59.256515379262694,0.0,59.25651537926268,40.74348462073732,0
as,610690150,-61.07427379143155,-67.76118374114965,25.85906021052988,0.0,25.859060210529904,74.1409397894701,0
as,2132873248,12.803762607989484,12.800286442224317,0.5895901767470644,0.0,0.5895901767470662,99.41040982325293,0
as,1575500330,15.701094688240119,12.57763087699632,17.673323997606673,0.0,17.67332399760666,82.32667600239334,0
as,651459345,-13.414109699218898,-13.416428031300656,0.48149061068302856,0.0,0.48149061068305343,99.51850938931695,0
as,963257122,-2.8780333040922415,-7.858765510979441,22.31755409288213,0.0,22.317554092882133,77.68244590711787,0
as,635707537,-42.29876472574506,-43.88518482323741,12.595316976925801,0.0,12.595316976925787,87.40468302307421,0
as,155064563,-37.431950270181915,-37.43195027849173,0.0009115821827094805,0.0,0.0009115821827236914,99.99908841781728,0
as,347682680,25.628162750801494,25.619867772584985,0.9107677100396465,0.0,0.9107677100396501,99.08923228996035,0
as,128046586,32.491741271254796,26.997138683054544,23.440568653938943,0.0,23.440568653938968,76.55943134606103,0
as,984745669,42.69869989550352,42.698655850810916,0.0663661755772651,0.0,0.0663661755772722,99.93363382442273,0
as,882393940,43.563864472789646,42.768002298163694,8.921110775155489,0.0,8.921110775155498,91.0788892248445,0
as,721089379,55.86144436155155,53.51451807358571,15.319681093174998,0.0,15.31968109317502,84.68031890682498,0
as,1555563785,5.233208229798038,-0.021832042364613002,22.92387461177244,0.0,22.923874611772447,77.07612538822755,0
as,1287298700,-19.29154611657941,-42.94108864719206,48.63079531594424,0.0,48.63079531594424,51.36920468405576,0
as,138837142,-13.345409099725657,-16.43543850991903,17.578479485420157,0.0,17.578479485420146,82.42152051457985,0
as,743713768,39.17110468059764,39.161432888419135,0.9834527023960646,0.0,0.9834527023960646,99.01654729760394,0
as,1792848443,-16.8796417250378,-57.69663845913243,63.88818101503175,0.0,63.8881810150317,36.1118189849683,0
as,950522887,22.001194205915453,21.720582325154645,5.297281196621608,0.0,5.297281196621611,94.70271880337839,0
as,601930303,40.82359260164594,30.12773824342723,32.704517055322356,0.0,32.70451705532234,67.29548294467766,0
as,210893577,49.694039190451804,41.71191481100223,28.25265364430317,0.0,28.252653644303138,71.74734635569686,0
as,521191208,-20.7861233883159,-25.07926531990717,20.719898483320975,0.0,20.71989848332096,79.28010151667904,0
as,1282064695,37.546641807412016,28.583911950671414,29.937818652568197,0.0,29.937818652568197,70.0621813474318,0
as,192359188,-2.473201495833564,-2.474750109848739,0.3935243340856305,0.0,0.39352433408562604,99.60647566591437,0
as,1531441531,-88.14806386474447,-100.3149496889818,34.88106337862613,0.0,34.88106337862612,65.11893662137388,0
as,2023115037,10.683485889996518,7.292123360110129,18.415652391067738,0.0,18.41565239106771,81.58434760893229,0
as,395991578,54.96498310107381,19.63715733121615,59.437215420860404,0.0,59.43721542086044,40.56278457913956,0
as,1436483442,24.21650103767206,-0.47083224298128457,49.68634951438206,0.0,49.68634951438206,50.31365048561794,0
as,239777415,15.387007999423076,-6.415472162347282,46.693126005623526,0.0,46.693126005623526,53.306873994376474,0
as,1762326698,6.432171781621946,3.194103355308398,17.99463371762134,0.0,17.994633717621326,82.00536628237867,0
as,1268770487,19.530601958464104,9.979634877684394,30.904638941071145,0.0,30.904638941071156,69.09536105892884,0
as,1620409620,-23.451588437030296,-23.45483459965172,0.5697510527786793,0.0,0.5697510527786847,99.43024894722132,0
as,1958631140,-35.70907283587621,-35.70911124783062,0.06197737845865703,0.0,0.061977378458664134,99.93802262154134,0
as,849438355,20.318851619313136,-2.3655730265044035,47.62816881407214,0.0,47.62816881407214,52.37183118592786,0
as,1795633797,3.128871294658893,0.523620007439578,16.14079083322535,0.0,16.14079083322534,83.85920916677466,0
as,2066870638,17.290988605487655,7.403182836353327,31.44488156939747,0.0,31.444881569397495,68.5551184306025,0
as,1846836781,13.29978102664063,11.926824636848629,11.717322176128821,0.0,11.717322176128803,88.2826778238712,0
as,53857409,28.066268945009142,25.344904945533365,16.496557214994212,0.0,16.496557214994226,83.50344278500577,0
as,755668496,13.000774120499045,0.2957405902501069,35.64412087602798,0.0,35.64412087602797,64.35587912397203,0
as,167680522,1.4300129704297433,-0.5012762139814013,13.897083091106365,0.0,13.897083091106367,86.10291690889363,0
as,1695235208,33.209966947430075,24.634784638684867,29.28341221364957,0.0,29.283412213649584,70.71658778635042,0
as,1113854131,20.813507630798995,14.75479874584469,24.614444712311315,0.0,24.614444712311325,75.38555528768867,0
as,1502010483,-49.07078483326404,-60.4422394510057,33.72158747411168,0.0,33.7215874741117,66.2784125258883,0
as,1538639473,-35.339776579294266,-52.630833614770864,41.58251680150758,0.0,41.582516801507616,58.417483198492384,0
as,891762203,8.465712887960763,8.456264927613114,0.9720061907029058,0.0,0.9720061907028708,99.02799380929713,0
as,1989581411,8.111131398447469,-12.667368532652034,45.58343989992364,0.0,45.583439899923654,54.416560100076346,0
as,1194802357,6.114334097872415,4.279501599840218,13.545598908989582,0.0,13.545598908989575,86.45440109101042,0
as,1123115139,-34.37124495862736,-48.85718757562327,38.06040280527246,0.0,38.06040280527246,61.93959719472754,0
as,444444293,9.842800871183499,8.155928820258222,12.987963854759055,0.0,12.987963854759059,87.01203614524094,0
as,1127698408,16.467230704134636,-26.98958760305532,65.9217857063884,0.0,65.92178570638839,34.07821429361161,0
as,1140605958,12.349032527852614,12.34276117799271,0.7919185475731734,0.0,0.7919185475731751,99.20808145242682,0
as,947572241,3.42719975046748,-36.29856345082529,63.02837710213771,0.0,63.028377102137725,36.971622897862275,0
as,957138590,31.362169847629048,28.46906087371003,17.009141583040034,0.0,17.00914158304002,82.99085841695998,0
as,535959469,23.542698726594608,18.351782132047475,22.783583112730824,1.3433446604033825,24.1269277731342,75.8730722268658,0
as,147871823,30.68034473379339,19.082719863747865,34.05528574251804,0.0,34.05528574251805,65.94471425748195,0
as,1919038074,3.4268271958899277,3.419224922542736,0.8719101643628058,0.0,0.8719101643628164,99.12808983563718,0
as,1109422027,23.54795243553417,19.824689530370158,19.295758355566164,0.0,19.295758355566164,80.70424164443384,0
as,1970237096,-109.57148915011567,-129.08592221580838,44.17514353761933,0.0,44.17514353761933,55.82485646238067,0
as,1497057244,-1.6020681542067905,-48.350983162271234,68.37317822660026,0.09001024348000843,68.4631884700803,31.536811529919706,0
as,1457669216,-59.227972007065546,-70.33224124361143,33.323068941119274,0.0,33.323068941119274,66.67693105888073,0
as,1698962089,20.496840823634557,17.780802109005702,16.48040871649989,0.0,16.480408716499866,83.51959128350013,0
as,396070398,-17.712679347065205,-17.72250784278591,0.9913877001811713,0.0,0.99138770018115,99.00861229981885,0
as,433475753,-54.662509637732,-62.36342274983124,27.750519116044007,0.0,27.750519116044003,72.249480883956,0
as,2146051469,19.112793005078856,1.910224607531589,41.475979069272455,0.0,41.47597906927245,58.52402093072755,0
as,346781774,5.344315305843338,-16.622728251985826,46.86901274598086,0.0,46.86901274598084,53.13098725401916,0
as,634800684,-56.4871659886212,-81.49499296777081,50.007826366629466,0.0,50.007826366629466,49.992173633370534,0
as,1546674797,12.506616720293096,12.506156253032215,0.2145850090011292,0.0,0.21458500900112654,99.78541499099887,0
as,541286409,-81.05321752113377,-81.21221142425156,3.9874039564330905,0.0,3.987403956433127,96.01259604356687,0
as,1190653654,23.911981635068514,23.902782132758624,0.9591403604212703,0.0,0.9591403604212871,99.04085963957871,0
as,979650267,23.076684739105985,22.445144411267787,7.946951162793189,0.0,7.946951162793198,92.0530488372068,0
as,2016093225,15.312561599830588,11.815607403439234,18.700144909575844,0.08608135718777077,18.78622626676359,81.21377373323641,0
twap,2094711275,25.326933333333727,18.365376725624017,26.38476190476183,0.6152380952381691,27.0,73.0,0
twap,2079320171,33.38467375035725,23.71227954876634,31.100472989314667,0.0,31.100472989314667,68.89952701068533,0
twap,19295863,11.310776892427384,4.599035939457181,25.90702791323274,0.0,25.90702791323274,74.09297208676726,0
twap,294864129,51.7665794775603,47.5297947656038,20.583451391728495,0.0,20.583451391728488,79.41654860827151,0
twap,1116462742,22.34148587677555,11.10151827127449,33.52606091610087,0.14344760822081837,33.669508524321685,66.33049147567831,0
twap,213247146,42.280167738175805,39.40302317405742,16.962147753508063,1.101202069033027,18.063349822541085,81.93665017745892,0
twap,1196121050,-11.067545492624049,-15.654832162131585,21.417951978439806,0.0,21.417951978439817,78.58204802156018,0
twap,1684865433,47.1427918253612,37.937471194285024,30.340271309064086,0.9207606402563971,31.261031949320483,68.73896805067952,0
twap,1231169552,-23.195113305728228,-24.77622775225746,12.574237338817934,0.07513418921731184,12.64937152803526,87.35062847196474,0
twap,671273458,-16.920298508826818,-18.964007868955896,14.295836317365556,0.0,14.295836317365541,85.70416368263446,0
twap,115860941,-12.184658432275683,-15.911992075549295,19.30630374585879,0.0,19.306303745858813,80.69369625414119,0
twap,79776112,-11.848642351309536,-17.35619333643313,23.468172031761643,0.0,23.46817203176164,76.53182796823836,0
twap,131595634,1.1333480922548915,-8.97660361909972,31.796150256524157,1.5659999999999172,33.36215025652406,66.63784974347594,0
twap,658324868,0.4938316470015707,-6.084276844556338,25.6478234779443,0.0,25.6478234779443,74.3521765220557,0
twap,1859754153,13.338219243931235,8.614317101195422,21.734539660953978,0.0,21.734539660953985,78.26546033904602,0
twap,1051749648,35.06454674845918,27.810179758165866,26.933932112287867,0.0,26.933932112287863,73.06606788771214,0
twap,1263538075,3.2971458689098654,-2.8995517298221145,24.893166931372914,0.0,24.893166931372917,75.10683306862708,0
twap,1988083239,10.949942117062164,10.145644361000612,8.968264916144886,0.0,8.96826491614489,91.03173508385511,0
twap,450917597,-9.252208704625446,-12.900974244698066,19.101742172044467,0.0,19.101742172044467,80.89825782795553,0
twap,141535737,-6.791067336622291,-9.822441262571854,17.410841237428947,0.0,17.41084123742894,82.58915876257106,0
twap,1604362373,41.932580464423154,38.57581322575862,18.321482578286425,0.0,18.321482578286435,81.67851742171356,0
twap,1486810633,17.20458093740308,15.502021475510467,13.048216207177944,0.0,13.048216207177944,86.95178379282206,0
twap,859261711,-19.521082406676214,-28.06853476094276,29.23602632757493,1.1811111111111359,30.41713743868607,69.58286256131393,0
twap,1660880317,-43.29917691319497,-48.542344737214236,22.89796459080865,1.562741449949661,24.46070604075831,75.53929395924169,0
twap,1941054219,32.652322049509166,29.47331924059083,17.829758295945396,0.0,17.829758295945396,82.1702417040546,0
twap,783562927,7.488685589518354,2.041424810947138,23.33936755478009,0.0,23.339367554780083,76.66063244521992,0
twap,1705418775,16.22404726617424,9.729582099342448,25.484240555354578,0.0,25.48424055535459,74.51575944464541,0
twap,486330513,40.12887465518361,33.699418806867506,25.35637168112997,0.0,25.356371681129986,74.64362831887001,0
twap,992143923,-26.81031823007652,-29.053313826417924,14.976633788476654,0.0,14.976633788476647,85.02336621152335,0
twap,1424919987,41.105260345881106,36.490525012303046,21.481935046866848,0.0,21.48193504686685,78.51806495313315,0
twap,1949696320,-46.36999999999898,-56.60999999999898,32.0,0.0,32.0,68.0,0
twap,915904772,26.46264587394944,17.56737654201732,29.824938108790974,0.0,29.824938108790988,70.17506189120901,0
twap,1364776147,-28.46323308756837,-32.37351637855319,19.774436252355766,0.0,19.77443625235577,80.22556374764423,0
twap,414017278,-9.795322640100494,-15.86380018017748,24.63428005864386,0.0,24.634280058643853,75.36571994135615,0
twap,86421883,-10.586807975811098,-15.032833801223042,21.08560130850421,0.0,21.08560130850421,78.91439869149579,0
twap,1017144830,-40.765957910887664,-46.19551077515352,23.30140095416122,0.0,23.301400954161224,76.69859904583878,0
twap,904112391,2.1395635730896174,-3.6505741287812086,24.062704964053452,0.6981031792128934,24.76080814326633,75.23919185673367,0
twap,1562499795,-21.497358023161723,-26.781201795878715,22.986613001303585,0.0,22.98661300130358,77.01338699869642,0
twap,495520633,40.49206546539426,33.700919553491694,26.059827151964317,0.0,26.059827151964313,73.94017284803569,0
twap,1895992081,-11.329999999998108,-12.539999999998109,11.0,0.0,11.0,89.0,0
twap,732154730,62.83819042510913,58.98714715691422,19.62407518380144,0.0,19.624075183801438,80.37592481619856,0
twap,322313846,37.48922022834995,32.61484947144354,22.07797716482742,0.0,22.077977164827416,77.92202283517258,0
twap,824988337,7.948523889044736,3.485571759248142,21.125700295603444,0.0,21.12570029560345,78.87429970439655,0
twap,1758157102,36.46715536500233,28.243604715017817,28.676733862112876,0.0,28.676733862112883,71.32326613788712,0
twap,1135820351,-67.5470262465733,-69.88976065937183,15.305993639089673,0.0,15.305993639089678,84.69400636091032,0
twap,610382125,-94.80216185575591,-100.38668347316073,23.63159245037207,0.0,23.631592450372068,76.36840754962793,0
twap,965080923,-87.32891584730169,-89.32450813571103,14.12654341447101,0.0,14.126543414471001,85.873456585529,0
twap,413370322,21.90439468333352,14.220558060620302,27.71973416667847,0.0,27.719734166678478,72.28026583332152,0
twap,248294247,-1.5764488625318336,-12.444800452018017,32.967183060562185,0.0,32.96718306056218,67.03281693943782,0
twap,1795105654,-25.141503897066286,-29.530155869383567,20.94910970021705,0.0,20.949109700217036,79.05089029978296,0
twap,810353398,-121.16126396786058,-136.34855876410438,38.97087989286846,0.0,38.97087989286846,61.02912010713154,0
twap,772023805,26.378059419417696,15.164819478777222,33.48617616366562,0.0,33.48617616366562,66.51382383633438,0
twap,1842648085,-0.0645106135543756,-6.324014265160037,25.01900008314813,0.0,25.019000083148114,74.98099991685189,0
twap,512484900,-12.7662817688215,-25.306069119717613,35.41156216675016,0.0,35.41156216675016,64.58843783324984,0
twap,1804281798,69.04878774251483,68.3185489097102,8.54540129429061,0.10129311261289047,8.646694406903507,91.3533055930965,0
twap,1552282250,-16.507695407130086,-17.762715745650002,11.202769026093137,0.0,11.202769026093137,88.79723097390686,0
twap,537802054,37.55773562646209,34.59423160373189,17.214830881336585,0.0,17.214830881336596,82.7851691186634,0
twap,1007750723,15.911048453101102,8.78058728036001,26.70292338441822,0.0,26.702923384418213,73.29707661558179,0
twap,610690150,-70.66657310095434,-77.32719834400179,25.808187156496384,0.0,25.808187156496388,74.19181284350361,0
twap,2132873248,10.112547904247549,2.6081978317776997,27.394068833362176,0.0,27.394068833362184,72.60593116663782,0
twap,1575500330,8.519681196139572,-4.093527090200139,35.51507889100024,0.0,35.51507889100024,64.48492110899976,0
twap,651459345,-15.44266812321439,-21.92245538879636,25.455426269426273,0.0,25.455426269426283,74.54457373057372,0
twap,963257122,-8.23571037302463,-14.658176355803372,25.34258468029404,0.0,25.34258468029404,74.65741531970596,0
twap,635707537,-51.48703703789579,-52.13880541670169,8.073217319048865,0.0,8.073217319048865,91.92678268095113,0
twap,155064563,-54.642093817470595,-68.68888527438723,37.47904942353346,0.0,37.47904942353346,62.52095057646654,0
twap,347682680,20.04696909460108,12.980191267364589,26.583411796149292,0.0,26.583411796149292,73.41658820385071,0
twap,128046586,33.00677975737199,21.732194287326028,33.57764951578052,0.0,33.57764951578052,66.42235048421948,0
twap,984745669,53.931123319582184,50.31044389701667,19.028082989532912,0.0,19.02808298953292,80.97191701046708,0
twap,882393940,34.20127126070838,27.639679680861562,25.615603798948055,0.0,25.615603798948058,74.38439620105194,0
twap,721089379,53.50855071083424,40.647009027809695,35.862991625106446,0.0,35.862991625106446,64.13700837489355,0
twap,1555563785,7.491674083677935,-4.045569588505947,33.966518326410615,0.0,33.96651832641062,66.03348167358938,0
twap,1287298700,-20.28108085939857,-25.457261414114733,22.751220966612237,0.0,22.751220966612237,77.24877903338776,0
twap,138837142,-20.474568955251016,-25.005559667832813,21.286123913436647,0.0,21.286123913436654,78.71387608656335,0
twap,743713768,44.21954025834384,43.66537361021292,7.444237020211844,0.0,7.444237020211858,92.55576297978814,0
twap,1792848443,-15.600050578424998,-19.39157727721057,19.471843001589683,0.0,19.471843001589676,80.52815699841032,0
twap,950522887,16.122073556387477,13.627997397215303,15.79264436113273,0.0,15.79264436113273,84.20735563886727,0
twap,601930303,34.808299400709075,33.00851531719509,13.415603167632774,0.0,13.415603167632767,86.58439683236723,0
twap,210893577,41.414324473920715,33.03812008230521,28.9416730539468,0.0,28.9416730539468,71.0583269460532,0
twap,521191208,-25.670310079920455,-30.728653873019454,22.490762088241915,0.0,22.490762088241922,77.50923791175808,0
twap,1282064695,35.000391813788156,28.064010828940322,26.337010052106965,0.0,26.33701005210696,73.66298994789304,0
twap,192359188,-0.3908105369810073,-2.3990368883319597,14.171190321744156,0.21860465116276373,14.389794972906913,85.61020502709309,0
twap,1531441531,-105.66492207980264,-113.79078677783207,28.505902367806975,0.0,28.505902367806982,71.49409763219302,0
twap,2023115037,8.297127892757999,1.0720191518258675,26.8795623865645,0.0,26.879562386564487,73.12043761343551,0
twap,395991578,46.47205127784946,39.70873625617959,26.006374260303705,0.5589189189188346,26.565293179222536,73.43470682077746,0
twap,1436483442,17.44261344442384,14.863346137632357,16.060097467921807,0.0,16.06009746792178,83.93990253207822,0
twap,239777415,10.781573887612467,3.529778901151272,26.92915703556499,0.0,26.929157035564984,73.07084296443502,0
twap,1762326698,-8.04235841469199,-11.8413967934469,19.49112202710483,0.0,19.491122027104836,80.50887797289516,0
twap,1268770487,16.648800323679097,10.813531214207458,24.15630168190412,0.24095238095242166,24.397254062856533,75.60274593714347,0
twap,1620409620,-46.07876458487226,-60.53560914681176,38.02215743739366,0.0,38.02215743739365,61.97784256260635,0
twap,1958631140,-110.66502190529354,-115.14334116018966,21.162039728948894,0.0,21.162039728948884,78.83796027105112,0
twap,849438355,10.966251298435964,6.3402633537463045,21.508109969705984,0.05163160059693373,21.559741570302904,78.4402584296971,0
twap,1795633797,-4.450000000000728,-6.140000000000727,13.0,0.0,13.0,87.0,0
twap,2066870638,9.198841695508236,-6.506164525052933,39.62954228925836,0.0,39.62954228925836,60.37045771074164,0
twap,1846836781,6.167296957781218,2.4868650121579203,19.184451896322965,0.0,19.18445189632297,80.81554810367703,0
twap,53857409,25.059888841493375,19.8136641711614,22.904638548407558,0.0,22.904638548407547,77.09536145159245,0
twap,755668496,9.901881304853305,1.2910257230842674,29.344259373460147,0.0,29.344259373460147,70.65574062653985,0
twap,167680522,-8.793787236496428,-13.807260709062115,22.3907871066778,0.0,22.39078710667779,77.60921289332221,0
twap,1695235208,25.026802912509083,22.027079800924042,17.3197087492401,0.0,17.319708749240107,82.6802912507599,0
twap,1113854131,16.89609641897914,5.6999275551661,33.46067671732453,0.0,33.46067671732453,66.53932328267547,0
twap,1502010483,-51.91672361784913,-59.94568801955459,28.33542729818179,0.0,28.335427298181784,71.66457270181822,0
twap,1538639473,-38.780361149660166,-45.07587710989936,25.090866785025966,0.0,25.090866785025952,74.90913321497405,0
twap,891762203,-3.6263698089460377,-13.851957922060508,31.977473497939876,0.0,31.977473497939883,68.02252650206012,0
twap,1989581411,4.728970837997622,-4.853218916678442,30.955112267081287,0.0,30.95511226708129,69.04488773291871,0
twap,1194802357,-0.5280784079623118,-2.7704591267415726,14.974580858171826,0.0,14.97458085817182,85.02541914182818,0
twap,1123115139,-31.25483105420426,-36.50121140129228,22.904978382631192,0.0,22.904978382631185,77.09502161736881,0
twap,444444293,-0.5948239458284661,-3.371760150311545,16.664141755527282,0.0,16.664141755527282,83.33585824447272,0
twap,1127698408,9.239213235536226,5.644539875996051,18.959623834718283,0.0,18.959623834718272,81.04037616528173,0
twap,1140605958,6.110000000000582,1.2700000000005822,22.0,0.0,22.0,78.0,0
twap,947572241,6.444550001515381,-0.8242092679332895,26.960636619799374,0.0,26.960636619799374,73.03936338020063,0
twap,957138590,27.792367773006845,21.38642760508906,25.30995884610993,0.0,25.309958846109936,74.69004115389006,0
twap,535959469,17.75413320417283,13.685572856480558,20.17067264047551,1.7522198175510106,21.922892458026524,78.07710754197348,0
twap,147871823,23.830349383197245,13.354243820856919,32.36681257451887,0.6331874254811358,33.0,67.0,0
twap,1919038074,-3.9959777613512415,-6.119809116860727,14.57337076832085,0.0,14.573370768320842,85.42662923167916,0
twap,1109422027,12.446357645125318,8.307234460148598,20.344835179909225,0.0,20.344835179909225,79.65516482009077,0
twap,1970237096,-86.62773452984038,-89.9414500122173,18.203613603834032,0.0,18.20361360383403,81.79638639616597,0
twap,1497057244,-10.291222439880585,-16.495155314719483,24.90769534669737,0.535358459000662,25.443053805698028,74.55694619430197,0
twap,1457669216,-81.17816376045448,-90.80797818441859,31.03194229171629,0.0,31.031942291716305,68.9680577082837,0
twap,1698962089,15.449631812802181,13.227819844584483,14.905743752720621,0.0,14.905743752720625,85.09425624727938,0
twap,396070398,-45.6051753707161,-52.679646870690526,26.59787867476357,0.0,26.597878674763578,73.40212132523642,0
twap,433475753,-65.15457603233881,-70.11833176227078,22.279487718374448,0.0,22.27948771837444,77.72051228162556,0
twap,2146051469,14.929448404504,8.183872355298664,25.972246820799572,0.46620314295229076,26.438449963751864,73.56155003624814,0
twap,346781774,1.8427913726227416,-5.73723401925563,27.53184590956148,0.0,27.531845909561483,72.46815409043852,0
twap,634800684,-58.859148526848,-67.54811932675045,29.4770602331753,0.0,29.477060233175294,70.5229397668247,0
twap,1546674797,-10.892170478147818,-15.733789359322863,22.003678967788645,0.0,22.003678967788645,77.99632103221136,0
twap,541286409,-82.53274300787598,-86.29620356271025,19.399640601913912,0.0,19.3996406019139,80.6003593980861,0
twap,1190653654,13.635654779214747,4.5113354628328075,30.20648823743326,0.0,30.206488237433263,69.79351176256674,0
twap,979650267,18.591945466316247,12.451595039439868,24.779730480528595,0.0,24.779730480528585,75.22026951947142,0
twap,2016093225,11.752427062036077,10.94384764187039,8.992104426471522,0.7882473874419653,9.780351813913498,90.2196481860865,0
